timestamp,block,room_id,bathroom_liters,kitchen_liters,laundry_liters,other_liters,total_liters,flow_rate,student_type,leak_detected,anomaly
2025-01-01,B,101,366.09,140.61,77.45,43.95,628.1,74.72,normal,0,0
2025-01-01,C,102,349.18,188.65,164.58,42.52,744.93,49.84,heavy,0,0
2025-01-01,D,103,226.22,85.11,46.89,66.02,424.25,44.06,normal,0,0
2025-01-01,A,104,333.38,99.44,103.37,43.11,987.24,68.51,normal,0,1
2025-01-01,B,105,201.67,78.69,76.08,50.17,406.62,29.4,normal,0,0
2025-01-01,C,106,194.5,68.49,62.86,21.31,347.16,24.98,normal,0,0
2025-01-01,D,107,201.02,54.64,41.14,18.76,315.57,30.71,saver,0,0
2025-01-01,A,108,417.87,187.11,104.51,119.28,1883.16,155.54,heavy,1,0
2025-01-01,B,109,422.97,178.63,125.26,111.25,838.12,66.74,heavy,0,0
2025-01-01,C,110,178.29,78.23,57.25,53.12,366.89,29.44,normal,0,0
2025-01-01,D,111,292.64,109.25,93.86,52.67,548.42,47.04,normal,0,0
2025-01-01,A,112,267.57,91.26,72.22,55.23,486.29,54.18,normal,0,0
2025-01-01,B,113,171.14,73.74,47.84,58.9,351.63,25.75,normal,0,0
2025-01-01,C,114,359.09,177.08,98.4,46.22,680.79,64.87,heavy,0,0
2025-01-01,D,115,462.15,193.58,82.57,82.88,821.19,75.19,heavy,0,0
2025-01-01,A,116,281.6,123.15,76.23,82.27,563.25,38.22,normal,0,0
2025-01-01,B,117,306.97,90.46,101.2,46.65,545.28,66.24,normal,0,0
2025-01-01,C,118,374.41,186.92,93.4,88.14,742.88,55.72,heavy,0,0
2025-01-01,D,119,261.77,101.18,54.19,66.36,483.5,47.19,normal,0,0
2025-01-01,A,120,256.47,87.15,105.95,49.01,498.59,42.89,normal,0,0
2025-01-01,B,121,432.05,186.64,104.43,57.37,780.49,52.47,heavy,0,0
2025-01-01,C,122,199.04,92.68,46.24,30.3,368.26,28.54,saver,0,0
2025-01-01,D,123,295.91,88.71,65.05,78.32,527.99,43.12,normal,0,0
2025-01-01,A,124,478.71,189.2,155.69,99.39,923.0,61.69,heavy,0,0
2025-01-01,B,125,290.6,96.55,82.37,53.87,523.39,42.02,normal,0,0
2025-01-01,C,126,173.52,63.93,53.84,30.08,321.38,26.7,saver,0,0
2025-01-01,D,127,435.18,191.92,88.29,126.44,841.83,74.57,heavy,0,0
2025-01-01,A,128,431.05,141.91,144.75,107.72,825.43,59.08,heavy,0,0
2025-01-01,B,129,137.11,64.99,61.18,37.79,301.08,25.11,saver,0,0
2025-01-01,C,130,199.72,79.53,58.59,59.75,397.59,44.39,saver,0,0
2025-01-01,D,131,238.86,100.6,81.31,42.98,463.75,40.29,normal,0,0
2025-01-01,A,132,450.76,262.29,112.94,118.57,944.55,85.33,heavy,0,0
2025-01-01,B,133,269.35,123.15,60.7,31.65,484.85,35.24,normal,0,0
2025-01-01,C,134,205.35,111.43,65.87,60.66,443.3,47.36,normal,0,0
2025-01-01,D,135,323.18,109.49,71.84,70.33,574.83,58.09,normal,0,0
2025-01-01,A,136,214.75,99.5,87.13,28.8,430.18,29.86,normal,0,0
2025-01-01,B,137,259.64,86.86,95.4,60.41,502.3,42.28,normal,0,0
2025-01-01,C,138,234.43,87.97,72.86,32.13,593.09,49.36,normal,0,1
2025-01-01,D,139,205.54,86.05,72.26,24.0,387.85,26.49,normal,0,0
2025-01-01,A,140,273.34,128.66,90.56,36.2,528.77,62.25,normal,0,0
2025-01-01,B,141,295.02,114.24,62.18,72.25,543.69,39.56,normal,0,0
2025-01-01,C,142,325.86,116.45,81.68,38.45,562.43,64.94,heavy,0,0
2025-01-01,D,143,228.91,86.1,73.16,58.33,446.5,42.77,normal,0,0
2025-01-01,A,144,330.22,124.64,101.64,69.72,626.22,47.72,normal,0,0
2025-01-01,B,145,322.38,129.71,78.59,68.8,930.78,45.14,normal,0,1
2025-01-01,C,146,478.37,166.56,109.67,151.83,1485.08,65.07,heavy,0,1
2025-01-01,D,147,265.9,97.37,72.15,63.67,499.09,37.62,normal,0,0
2025-01-01,A,148,262.33,110.07,46.56,54.55,778.47,40.06,normal,0,1
2025-01-01,B,149,540.45,183.36,116.39,85.36,925.56,64.98,heavy,0,0
2025-01-01,C,150,254.05,100.08,96.98,77.43,528.54,35.47,normal,0,0
2025-01-01,D,151,314.33,101.6,77.29,54.29,547.51,56.01,normal,0,0
2025-01-01,A,152,573.59,228.01,170.79,74.93,1047.33,96.96,heavy,0,0
2025-01-01,B,153,305.8,78.03,101.65,28.03,686.5,36.07,normal,0,1
2025-01-01,C,154,173.92,69.81,50.98,33.29,328.01,21.91,normal,0,0
2025-01-01,D,155,420.73,110.76,99.15,43.14,673.78,65.1,heavy,0,0
2025-01-01,A,156,261.49,107.34,72.7,55.0,496.53,60.36,normal,0,0
2025-01-01,B,157,406.14,226.39,171.14,136.14,939.8,71.85,heavy,0,0
2025-01-01,C,158,155.0,68.42,63.64,35.1,322.16,21.63,saver,0,0
2025-01-01,D,159,350.42,106.63,70.71,43.23,570.99,70.53,normal,0,0
2025-01-01,A,160,318.84,109.35,94.11,76.86,599.16,42.96,normal,0,0
2025-01-01,B,161,204.73,76.83,84.52,56.56,422.64,50.75,normal,0,0
2025-01-01,C,162,292.76,93.46,93.91,75.89,556.03,64.51,normal,0,0
2025-01-01,D,163,337.5,129.65,109.39,85.03,1394.63,97.63,normal,1,0
2025-01-01,A,164,325.81,147.98,90.5,72.71,637.0,45.38,normal,0,0
2025-01-01,B,165,178.87,50.59,33.78,36.2,299.44,28.7,saver,0,0
2025-01-01,C,166,217.15,83.03,58.75,32.58,391.5,31.36,normal,0,0
2025-01-01,D,167,223.35,109.81,71.13,32.14,436.42,31.73,saver,0,0
2025-01-01,A,168,202.75,74.24,75.77,25.15,377.91,36.65,normal,0,0
2025-01-01,B,169,255.22,145.5,117.75,34.39,552.87,55.63,normal,0,0
2025-01-01,C,170,307.43,146.9,74.91,76.35,605.59,51.68,normal,0,0
2025-01-01,D,171,218.2,95.18,71.03,21.54,405.95,28.85,normal,0,0
2025-01-01,A,172,246.29,78.74,68.48,36.85,430.36,41.81,normal,0,0
2025-01-01,B,173,219.97,100.35,69.1,50.63,440.05,33.44,normal,0,0
2025-01-01,C,174,201.43,82.16,72.58,47.22,849.46,62.23,normal,1,0
2025-01-01,D,175,220.82,86.18,65.67,34.41,407.08,28.51,normal,0,0
2025-01-01,A,176,260.76,104.25,68.56,61.66,985.87,114.7,normal,1,0
2025-01-01,B,177,463.92,160.55,159.61,61.97,846.05,82.42,heavy,0,0
2025-01-01,C,178,241.48,101.14,48.49,44.87,435.99,30.02,normal,0,0
2025-01-01,D,179,208.48,83.8,49.15,48.45,389.88,45.26,normal,0,0
2025-01-01,A,180,210.79,80.8,84.32,58.15,434.06,29.42,normal,0,0
2025-01-02,B,101,154.65,78.86,55.95,17.81,307.27,22.81,saver,0,0
2025-01-02,C,102,428.52,229.14,164.85,101.28,923.81,87.88,heavy,0,0
2025-01-02,D,103,539.5,238.53,161.44,103.35,1042.82,94.19,heavy,0,0
2025-01-02,A,104,224.24,102.76,72.01,41.89,440.89,33.62,normal,0,0
2025-01-02,B,105,142.89,67.51,50.44,18.38,279.21,27.42,saver,0,0
2025-01-02,C,106,263.26,96.71,85.1,29.24,474.31,40.35,normal,0,0
2025-01-02,D,107,399.45,117.8,87.77,87.27,692.3,53.09,heavy,0,0
2025-01-02,A,108,362.82,162.41,136.74,58.81,720.79,75.15,normal,0,0
2025-01-02,B,109,474.31,183.94,147.77,47.51,853.54,60.51,heavy,0,0
2025-01-02,C,110,434.95,231.27,190.41,94.0,950.63,112.07,heavy,0,0
2025-01-02,D,111,473.5,155.84,191.74,129.34,950.41,107.12,heavy,0,0
2025-01-02,A,112,260.77,122.98,66.07,70.57,520.39,42.56,normal,0,0
2025-01-02,B,113,134.68,53.01,49.87,27.33,264.88,27.67,saver,0,0
2025-01-02,C,114,280.11,139.82,78.88,62.57,561.38,45.18,normal,0,0
2025-01-02,D,115,237.54,99.37,89.87,49.99,476.77,51.31,normal,0,0
2025-01-02,A,116,286.63,120.06,99.12,53.54,559.35,40.37,normal,0,0
2025-01-02,B,117,452.65,176.91,133.68,113.0,876.24,100.48,heavy,0,0
2025-01-02,C,118,438.25,206.9,135.94,50.7,831.79,91.48,heavy,0,0
2025-01-02,D,119,291.2,109.57,97.26,70.74,568.77,54.82,normal,0,0
2025-01-02,A,120,278.39,115.57,114.19,89.88,598.03,43.3,normal,0,0
2025-01-02,B,121,289.1,98.71,101.59,76.87,566.27,40.63,normal,0,0
2025-01-02,C,122,451.84,180.99,104.8,59.31,796.93,74.77,heavy,0,0
2025-01-02,D,123,487.44,184.9,123.62,138.33,934.29,70.01,heavy,0,0
2025-01-02,A,124,343.82,118.21,62.78,47.2,572.01,48.51,normal,0,0
2025-01-02,B,125,307.07,103.49,120.5,75.52,606.58,47.45,normal,0,0
2025-01-02,C,126,336.56,152.01,122.21,98.4,709.18,75.09,heavy,0,0
2025-01-02,D,127,209.29,67.05,62.55,38.08,376.97,31.38,saver,0,0
2025-01-02,A,128,305.0,124.14,129.48,43.42,602.04,49.26,heavy,0,0
2025-01-02,B,129,306.16,101.18,88.19,54.95,550.48,43.53,normal,0,0
2025-01-02,C,130,220.97,72.3,80.11,58.57,431.94,29.41,normal,0,0
2025-01-02,D,131,195.89,105.17,70.59,56.09,427.74,38.73,normal,0,0
2025-01-02,A,132,516.97,131.11,96.08,70.95,1866.62,110.17,heavy,1,0
2025-01-02,B,133,275.23,106.92,86.53,55.51,524.19,40.81,normal,0,0
2025-01-02,C,134,291.94,84.1,90.51,29.49,1019.76,71.09,normal,1,0
2025-01-02,D,135,186.54,98.43,80.02,58.64,423.64,37.43,normal,0,0
2025-01-02,A,136,204.52,105.23,61.75,31.15,402.65,47.16,normal,0,0
2025-01-02,B,137,546.9,244.91,163.53,123.48,1078.83,81.95,heavy,0,0
2025-01-02,C,138,179.36,105.0,45.24,60.9,390.5,33.37,saver,0,0
2025-01-02,D,139,153.86,52.87,41.14,31.34,633.33,33.8,saver,1,0
2025-01-02,A,140,369.76,162.46,112.76,69.76,714.74,74.18,heavy,0,0
2025-01-02,B,141,135.85,60.91,36.21,46.9,279.86,20.6,saver,0,0
2025-01-02,C,142,183.75,61.38,50.34,20.81,513.91,21.17,saver,0,1
2025-01-02,D,143,475.13,178.55,129.98,73.11,856.77,63.67,heavy,0,0
2025-01-02,A,144,214.56,89.34,64.97,32.39,701.68,34.57,saver,0,1
2025-01-02,B,145,297.1,136.07,106.41,72.15,611.73,70.8,normal,0,0
2025-01-02,C,146,219.16,126.08,55.5,44.44,445.17,30.66,normal,0,0
2025-01-02,D,147,197.5,97.16,65.37,25.39,385.43,40.4,normal,0,0
2025-01-02,A,148,166.63,58.26,55.1,30.96,310.96,24.61,saver,0,0
2025-01-02,B,149,511.93,197.5,169.33,125.11,1003.86,77.47,heavy,0,0
2025-01-02,C,150,480.42,150.34,167.47,130.06,928.28,82.45,heavy,0,0
2025-01-02,D,151,498.55,128.65,133.36,107.69,868.26,88.5,heavy,0,0
2025-01-02,A,152,332.66,111.22,103.27,65.73,612.88,45.54,normal,0,0
2025-01-02,B,153,353.88,117.88,73.48,78.11,623.35,46.1,normal,0,0
2025-01-02,C,154,238.86,69.12,69.77,37.3,415.06,33.62,saver,0,0
2025-01-02,D,155,136.0,59.7,44.32,24.56,264.59,31.28,saver,0,0
2025-01-02,A,156,302.96,125.58,111.17,109.33,649.04,74.47,heavy,0,0
2025-01-02,B,157,343.78,122.48,130.07,89.36,1709.32,118.71,heavy,1,1
2025-01-02,C,158,530.49,186.65,126.08,78.87,922.1,70.55,heavy,0,0
2025-01-02,D,159,129.32,64.55,40.22,40.08,274.17,29.48,saver,0,0
2025-01-02,A,160,441.8,132.51,156.86,69.33,1349.21,96.34,heavy,1,0
2025-01-02,B,161,285.44,130.71,77.82,41.96,535.93,42.67,normal,0,0
2025-01-02,C,162,227.35,69.99,49.65,41.32,388.32,34.18,normal,0,0
2025-01-02,D,163,583.44,237.89,170.36,123.42,1115.11,123.61,heavy,0,0
2025-01-02,A,164,214.4,89.53,86.13,69.9,459.96,54.07,normal,0,0
2025-01-02,B,165,197.88,90.29,53.92,50.81,392.91,30.63,normal,0,0
2025-01-02,C,166,212.1,127.17,54.91,54.36,448.54,34.6,normal,0,0
2025-01-02,D,167,531.33,201.81,168.91,107.09,1009.14,82.84,heavy,0,0
2025-01-02,A,168,320.69,92.84,62.24,43.85,519.63,57.0,normal,0,0
2025-01-02,B,169,191.55,82.78,50.03,18.97,343.34,37.6,saver,0,0
2025-01-02,C,170,242.77,77.84,76.95,26.21,423.77,51.59,normal,0,0
2025-01-02,D,171,197.14,95.73,66.45,50.4,409.72,30.64,saver,0,0
2025-01-02,A,172,245.81,112.15,74.93,69.22,502.11,35.1,normal,0,0
2025-01-02,B,173,304.33,121.51,94.54,86.17,606.56,62.85,normal,0,0
2025-01-02,C,174,446.17,246.4,117.74,135.03,945.34,82.59,heavy,0,0
2025-01-02,D,175,297.26,131.86,73.3,56.14,558.56,37.78,normal,0,0
2025-01-02,A,176,334.4,110.0,69.59,32.29,546.28,59.45,normal,0,0
2025-01-02,B,177,468.33,199.6,186.28,71.94,926.16,88.08,heavy,0,0
2025-01-02,C,178,298.44,141.35,108.88,65.45,614.12,43.62,normal,0,0
2025-01-02,D,179,224.61,91.58,55.63,60.31,432.13,45.14,normal,0,0
2025-01-02,A,180,236.01,95.27,114.83,84.68,1135.43,127.76,normal,1,0
2025-01-03,B,101,270.34,117.26,64.96,36.51,489.07,54.31,normal,0,0
2025-01-03,C,102,288.38,87.45,65.18,77.26,770.75,52.95,normal,0,1
2025-01-03,D,103,308.0,128.63,96.21,33.35,566.19,41.73,normal,0,0
2025-01-03,A,104,187.2,84.11,43.27,45.27,541.02,24.0,saver,0,1
2025-01-03,B,105,134.63,57.6,35.71,37.05,264.98,19.84,saver,0,0
2025-01-03,C,106,218.23,75.49,70.9,24.19,388.8,32.92,saver,0,0
2025-01-03,D,107,306.59,112.45,92.6,65.57,577.21,48.83,normal,0,0
2025-01-03,A,108,269.01,115.0,76.37,53.06,876.39,35.02,normal,0,1
2025-01-03,B,109,255.23,110.67,81.59,58.94,506.43,37.92,normal,0,0
2025-01-03,C,110,118.57,40.7,44.48,37.75,241.5,24.89,saver,0,0
2025-01-03,D,111,112.64,53.22,33.68,21.03,220.57,21.73,saver,0,0
2025-01-03,A,112,302.58,98.74,78.73,34.64,514.69,55.53,normal,0,0
2025-01-03,B,113,215.76,107.79,55.71,66.63,445.89,40.64,normal,0,0
2025-01-03,C,114,301.23,140.22,91.61,75.46,608.52,42.89,normal,0,0
2025-01-03,D,115,508.51,259.11,190.62,113.8,1072.05,109.51,heavy,0,0
2025-01-03,A,116,221.94,66.37,67.55,39.59,395.46,32.67,saver,0,0
2025-01-03,B,117,186.6,61.77,48.29,26.87,323.53,34.26,saver,0,0
2025-01-03,C,118,408.22,169.11,152.2,112.06,841.59,75.83,heavy,0,0
2025-01-03,D,119,289.04,108.92,117.08,73.22,588.26,59.31,normal,0,0
2025-01-03,A,120,182.49,70.94,51.06,42.45,346.94,31.26,saver,0,0
2025-01-03,B,121,283.97,133.05,92.28,57.74,567.05,55.21,normal,0,0
2025-01-03,C,122,118.62,62.64,36.3,20.92,385.74,19.77,saver,0,1
2025-01-03,D,123,512.24,161.26,146.49,126.87,946.86,90.76,heavy,0,0
2025-01-03,A,124,130.52,44.95,54.2,38.81,268.48,22.79,saver,0,0
2025-01-03,B,125,532.83,196.09,140.14,61.32,930.37,110.21,heavy,0,0
2025-01-03,C,126,385.92,134.93,85.77,58.93,665.56,59.8,normal,0,0
2025-01-03,D,127,216.27,86.8,58.42,42.05,403.53,37.43,saver,0,0
2025-01-03,A,128,466.45,140.66,103.87,113.02,823.99,80.33,heavy,0,0
2025-01-03,B,129,360.05,129.53,110.26,38.27,638.11,45.47,normal,0,0
2025-01-03,C,130,570.96,183.39,197.04,133.71,1085.1,85.68,heavy,0,0
2025-01-03,D,131,283.27,97.97,93.97,44.57,519.78,51.05,normal,0,0
2025-01-03,A,132,247.75,118.48,92.25,36.45,494.93,58.71,normal,0,0
2025-01-03,B,133,366.87,141.16,86.4,61.96,656.39,71.39,normal,0,0
2025-01-03,C,134,356.44,103.42,99.92,99.08,658.87,48.1,normal,0,0
2025-01-03,D,135,468.78,183.06,147.49,74.46,873.8,69.47,heavy,0,0
2025-01-03,A,136,299.82,154.73,78.41,39.8,572.76,52.4,normal,0,0
2025-01-03,B,137,545.09,184.38,108.8,79.68,1417.26,61.89,heavy,0,1
2025-01-03,C,138,310.65,117.36,74.32,38.11,540.44,60.79,normal,0,0
2025-01-03,D,139,440.01,175.43,135.14,118.99,1988.65,101.2,heavy,1,0
2025-01-03,A,140,195.11,104.02,53.63,54.83,407.6,29.59,normal,0,0
2025-01-03,B,141,276.23,93.24,89.98,28.95,488.4,32.74,normal,0,0
2025-01-03,C,142,264.03,76.4,52.06,24.89,417.38,28.4,normal,0,0
2025-01-03,D,143,319.65,131.4,95.97,45.99,593.01,54.48,normal,0,0
2025-01-03,A,144,217.05,84.96,105.67,42.72,450.4,33.65,normal,0,0
2025-01-03,B,145,202.09,78.88,47.9,65.4,394.27,34.74,normal,0,0
2025-01-03,C,146,341.89,136.82,114.85,86.18,679.73,53.97,normal,0,0
2025-01-03,D,147,181.01,81.04,66.96,38.39,601.81,40.17,saver,0,1
2025-01-03,A,148,270.93,91.44,92.98,69.7,525.05,37.7,normal,0,0
2025-01-03,B,149,505.14,190.65,132.1,57.71,885.6,105.72,heavy,0,0
2025-01-03,C,150,373.18,109.98,115.27,40.48,638.92,43.3,normal,0,0
2025-01-03,D,151,344.22,141.52,102.12,53.99,641.85,53.69,normal,0,0
2025-01-03,A,152,402.55,137.35,128.85,108.48,777.23,58.92,heavy,0,0
2025-01-03,B,153,224.32,94.69,66.05,48.58,433.65,40.81,normal,0,0
2025-01-03,C,154,412.35,227.49,121.81,147.7,909.36,85.99,heavy,0,0
2025-01-03,D,155,365.55,113.97,88.37,74.55,642.43,45.23,normal,0,0
2025-01-03,A,156,314.87,111.52,107.83,35.64,569.86,47.03,normal,0,0
2025-01-03,B,157,299.69,120.55,93.8,68.82,582.87,42.75,normal,0,0
2025-01-03,C,158,251.14,111.89,108.88,73.67,545.58,40.35,normal,0,0
2025-01-03,D,159,318.41,101.03,79.82,32.74,532.0,39.09,normal,0,0
2025-01-03,A,160,271.18,119.63,100.0,34.63,525.43,48.34,normal,0,0
2025-01-03,B,161,274.13,76.6,78.21,49.95,809.94,39.56,normal,0,1
2025-01-03,C,162,210.89,102.98,79.94,29.78,423.59,31.1,normal,0,0
2025-01-03,D,163,270.17,158.42,125.83,84.37,638.78,79.36,normal,0,0
2025-01-03,A,164,250.93,98.36,89.22,25.94,464.45,55.3,normal,0,0
2025-01-03,B,165,345.05,153.19,84.88,57.5,640.61,46.04,normal,0,0
2025-01-03,C,166,146.86,85.67,40.56,36.75,309.84,28.48,saver,0,0
2025-01-03,D,167,329.75,105.33,121.77,57.81,614.66,44.56,normal,0,0
2025-01-03,A,168,189.55,90.48,50.32,44.74,790.88,55.85,normal,1,0
2025-01-03,B,169,287.74,94.54,100.18,62.18,544.64,36.64,normal,0,0
2025-01-03,C,170,247.24,102.48,59.47,65.33,474.51,43.14,normal,0,0
2025-01-03,D,171,284.48,97.42,86.94,39.29,508.13,37.61,normal,0,0
2025-01-03,A,172,155.83,57.4,58.41,32.6,304.24,22.86,saver,0,0
2025-01-03,B,173,275.29,113.31,59.21,45.47,493.29,33.12,normal,0,0
2025-01-03,C,174,306.08,116.39,90.81,84.78,598.07,56.4,normal,0,0
2025-01-03,D,175,353.37,101.54,90.79,46.91,592.61,43.74,normal,0,0
2025-01-03,A,176,327.62,178.81,113.41,70.69,690.53,58.0,heavy,0,0
2025-01-03,B,177,310.57,169.38,77.8,47.88,605.62,65.19,normal,0,0
2025-01-03,C,178,368.85,162.63,122.37,40.7,1071.47,52.7,normal,0,1
2025-01-03,D,179,293.5,92.79,104.82,51.66,542.78,59.41,normal,0,0
2025-01-03,A,180,383.92,116.26,93.77,100.2,940.84,67.02,normal,0,1
2025-01-04,B,101,753.77,261.7,181.36,132.8,1329.62,96.37,heavy,0,0
2025-01-04,C,102,579.96,204.77,203.2,132.21,1120.14,119.94,heavy,0,0
2025-01-04,D,103,449.2,225.31,148.52,56.92,879.94,69.11,normal,0,0
2025-01-04,A,104,465.49,122.35,83.79,65.38,737.0,52.4,normal,0,0
2025-01-04,B,105,348.11,151.62,77.76,82.47,659.97,78.44,normal,0,0
2025-01-04,C,106,220.0,86.51,56.47,40.58,403.55,45.33,saver,0,0
2025-01-04,D,107,338.12,205.68,94.03,100.72,738.55,49.87,normal,0,0
2025-01-04,A,108,660.44,218.57,221.55,94.65,1195.21,84.71,heavy,0,0
2025-01-04,B,109,391.74,136.1,139.21,43.81,710.86,74.17,normal,0,0
2025-01-04,C,110,421.24,166.33,179.77,101.78,869.12,74.16,normal,0,0
2025-01-04,D,111,532.01,188.3,99.08,124.02,943.4,77.37,normal,0,0
2025-01-04,A,112,178.1,105.92,44.21,51.52,379.75,44.28,saver,0,0
2025-01-04,B,113,364.94,157.36,121.83,81.53,725.65,56.17,normal,0,0
2025-01-04,C,114,314.02,145.07,94.76,73.62,627.47,54.35,normal,0,0
2025-01-04,D,115,233.7,93.68,72.93,84.05,484.36,46.94,normal,0,0
2025-01-04,A,116,602.52,236.86,215.6,63.89,1118.87,80.88,heavy,0,0
2025-01-04,B,117,411.53,146.87,158.2,73.46,790.06,91.76,normal,0,0
2025-01-04,C,118,395.4,174.6,158.0,50.07,778.07,78.41,normal,0,0
2025-01-04,D,119,300.89,151.38,127.36,86.07,665.7,83.1,normal,0,0
2025-01-04,A,120,392.19,119.96,113.72,88.8,714.66,56.55,normal,0,0
2025-01-04,B,121,238.85,106.48,111.48,67.09,523.9,41.09,normal,0,0
2025-01-04,C,122,294.2,115.02,81.48,79.11,569.81,43.21,normal,0,0
2025-01-04,D,123,134.17,49.72,41.16,29.84,254.89,30.69,saver,0,0
2025-01-04,A,124,377.06,172.12,168.87,82.43,800.48,93.7,normal,0,0
2025-01-04,B,125,528.76,223.59,132.39,75.76,960.51,79.54,normal,0,0
2025-01-04,C,126,470.17,232.93,113.41,136.98,953.5,65.19,heavy,0,0
2025-01-04,D,127,282.14,157.58,102.79,90.08,632.59,52.45,normal,0,0
2025-01-04,A,128,308.69,99.63,66.74,57.49,532.55,58.39,normal,0,0
2025-01-04,B,129,277.1,91.39,67.18,47.59,988.47,67.17,normal,1,0
2025-01-04,C,130,392.03,175.28,104.45,72.95,744.72,81.14,normal,0,0
2025-01-04,D,131,242.17,108.42,74.75,86.29,511.63,42.98,normal,0,0
2025-01-04,A,132,302.83,156.56,118.99,54.91,633.29,61.6,normal,0,0
2025-01-04,B,133,389.19,160.6,96.51,115.08,761.38,53.0,heavy,0,0
2025-01-04,C,134,268.63,82.07,88.55,50.94,1200.51,104.47,saver,1,0
2025-01-04,D,135,466.38,175.31,118.12,123.87,883.69,82.54,heavy,0,0
2025-01-04,A,136,388.49,153.71,126.71,86.32,1004.25,55.34,normal,0,1
2025-01-04,B,137,352.1,203.45,123.63,86.25,765.42,61.8,normal,0,0
2025-01-04,C,138,434.69,131.93,104.89,69.32,740.82,54.35,normal,0,0
2025-01-04,D,139,182.02,103.17,45.07,20.77,351.03,42.25,saver,0,0
2025-01-04,A,140,396.54,154.56,126.46,96.38,773.94,62.95,normal,0,0
2025-01-04,B,141,332.79,148.9,89.48,105.36,1056.26,46.23,normal,0,1
2025-01-04,C,142,380.11,150.1,71.43,38.96,640.6,59.2,normal,0,0
2025-01-04,D,143,407.21,203.69,111.87,82.66,1290.11,84.06,normal,0,1
2025-01-04,A,144,446.63,154.85,112.05,83.95,797.48,64.45,normal,0,0
2025-01-04,B,145,309.47,122.47,69.28,77.31,578.54,58.44,normal,0,0
2025-01-04,C,146,322.79,106.72,58.73,59.37,547.61,65.76,normal,0,0
2025-01-04,D,147,328.06,163.6,96.1,43.94,631.7,60.04,normal,0,0
2025-01-04,A,148,403.02,131.63,94.31,98.35,727.3,57.15,normal,0,0
2025-01-04,B,149,323.77,134.64,138.36,94.21,1140.98,46.81,normal,0,1
2025-01-04,C,150,274.97,130.45,57.66,52.12,515.2,48.17,normal,0,0
2025-01-04,D,151,375.83,123.09,140.16,72.67,711.76,51.74,normal,0,0
2025-01-04,A,152,609.92,299.74,221.28,109.46,1240.39,138.5,heavy,0,0
2025-01-04,B,153,352.92,148.65,77.6,38.82,617.99,48.78,normal,0,0
2025-01-04,C,154,264.77,142.37,108.55,71.41,587.1,40.1,normal,0,0
2025-01-04,D,155,342.81,167.5,167.44,86.9,764.65,60.01,normal,0,0
2025-01-04,A,156,522.84,189.89,98.49,80.75,891.98,84.35,heavy,0,0
2025-01-04,B,157,370.26,135.88,100.85,36.86,1109.7,63.76,normal,0,1
2025-01-04,C,158,492.17,173.3,123.73,71.06,860.27,101.69,normal,0,0
2025-01-04,D,159,285.53,111.27,106.35,39.5,542.64,46.32,normal,0,0
2025-01-04,A,160,364.5,138.88,93.43,91.92,688.74,51.13,normal,0,0
2025-01-04,B,161,628.77,311.32,262.95,210.29,1413.33,136.4,heavy,0,0
2025-01-04,C,162,275.28,96.65,104.54,60.75,1090.37,97.41,normal,1,0
2025-01-04,D,163,722.88,252.34,199.14,120.11,1294.47,155.82,heavy,0,0
2025-01-04,A,164,352.89,206.0,126.1,73.64,758.62,60.14,normal,0,0
2025-01-04,B,165,456.58,158.48,96.45,71.75,783.27,64.44,normal,0,0
2025-01-04,C,166,186.47,63.3,57.96,30.55,640.29,44.44,saver,1,0
2025-01-04,D,167,339.75,105.92,99.7,81.01,626.38,54.5,normal,0,0
2025-01-04,A,168,341.72,111.69,85.72,87.43,626.56,47.82,normal,0,0
2025-01-04,B,169,344.73,98.25,118.23,86.43,647.63,56.5,normal,0,0
2025-01-04,C,170,372.68,176.08,115.51,101.61,765.89,51.24,heavy,0,0
2025-01-04,D,171,404.64,173.99,72.25,94.21,1023.82,56.18,normal,0,1
2025-01-04,A,172,615.11,233.37,161.46,93.46,1103.4,79.51,heavy,0,0
2025-01-04,B,173,266.72,125.7,81.38,54.99,528.78,56.06,saver,0,0
2025-01-04,C,174,293.73,103.87,72.16,76.86,546.62,48.72,normal,0,0
2025-01-04,D,175,408.16,158.68,84.81,101.33,752.98,63.95,normal,0,0
2025-01-04,A,176,417.99,172.54,87.6,71.16,749.3,57.36,normal,0,0
2025-01-04,B,177,285.94,159.25,140.5,51.74,637.43,50.42,normal,0,0
2025-01-04,C,178,278.73,119.03,60.71,44.75,843.95,35.16,normal,0,1
2025-01-04,D,179,298.73,120.11,110.03,32.67,561.54,56.82,normal,0,0
2025-01-04,A,180,560.36,193.48,184.64,135.59,1074.08,123.21,heavy,0,0
2025-01-05,B,101,243.72,89.33,100.8,34.77,468.62,52.8,normal,0,0
2025-01-05,C,102,308.68,120.8,130.2,89.27,648.95,50.27,normal,0,0
2025-01-05,D,103,186.08,75.21,51.99,52.72,366.0,45.12,saver,0,0
2025-01-05,A,104,670.06,238.45,234.31,181.02,2054.17,196.19,heavy,1,0
2025-01-05,B,105,197.49,89.21,44.63,50.18,381.5,27.93,saver,0,0
2025-01-05,C,106,306.55,95.94,89.05,58.74,550.28,39.79,normal,0,0
2025-01-05,D,107,384.35,179.89,113.36,86.74,764.33,52.55,heavy,0,0
2025-01-05,A,108,656.13,277.4,241.91,119.48,2098.89,154.23,heavy,0,1
2025-01-05,B,109,491.08,201.77,141.36,131.59,1261.09,93.98,heavy,0,1
2025-01-05,C,110,412.0,111.87,97.33,85.84,707.04,54.67,normal,0,0
2025-01-05,D,111,457.39,177.83,129.33,99.3,863.84,95.9,normal,0,0
2025-01-05,A,112,133.85,67.15,51.94,36.74,412.91,29.34,saver,0,1
2025-01-05,B,113,623.76,238.82,215.44,184.21,1262.23,86.29,heavy,0,0
2025-01-05,C,114,221.26,125.27,89.6,48.16,484.29,57.98,saver,0,0
2025-01-05,D,115,282.0,90.53,87.71,32.83,789.84,58.36,saver,1,0
2025-01-05,A,116,404.0,163.59,106.79,66.25,740.64,49.46,normal,0,0
2025-01-05,B,117,561.51,245.25,111.08,149.32,1067.16,130.04,heavy,0,0
2025-01-05,C,118,379.08,172.1,123.85,90.41,1789.99,169.97,normal,1,0
2025-01-05,D,119,208.84,87.7,54.59,64.79,415.93,41.42,saver,0,0
2025-01-05,A,120,289.65,119.27,120.98,74.46,604.36,44.73,normal,0,0
2025-01-05,B,121,396.16,161.28,90.69,101.76,749.89,68.57,normal,0,0
2025-01-05,C,122,359.85,111.88,107.2,102.6,681.54,78.0,normal,0,0
2025-01-05,D,123,630.56,301.03,266.71,215.35,1413.66,106.87,heavy,0,0
2025-01-05,A,124,301.77,100.26,80.14,38.95,521.11,39.49,normal,0,0
2025-01-05,B,125,812.33,251.27,186.3,138.33,1388.22,95.16,heavy,0,0
2025-01-05,C,126,278.83,149.9,106.57,85.02,620.31,44.27,normal,0,0
2025-01-05,D,127,587.32,270.62,168.66,120.5,1147.1,104.21,heavy,0,0
2025-01-05,A,128,274.93,100.72,64.82,42.34,482.81,33.92,normal,0,0
2025-01-05,B,129,367.42,122.96,74.52,62.77,1009.39,65.11,normal,0,1
2025-01-05,C,130,437.16,165.87,107.47,95.43,805.93,85.5,normal,0,0
2025-01-05,D,131,262.22,130.51,69.24,51.89,513.86,57.1,normal,0,0
2025-01-05,A,132,319.2,123.1,87.13,73.4,602.83,47.42,normal,0,0
2025-01-05,B,133,321.94,178.06,122.98,107.0,729.98,53.09,normal,0,0
2025-01-05,C,134,399.67,184.72,111.8,78.35,774.55,95.7,normal,0,0
2025-01-05,D,135,212.2,102.84,61.4,64.59,672.67,31.65,normal,0,1
2025-01-05,A,136,300.05,106.76,71.53,49.86,528.2,49.79,normal,0,0
2025-01-05,B,137,367.8,117.98,114.97,84.27,685.02,64.55,normal,0,0
2025-01-05,C,138,276.99,104.31,89.21,62.66,533.18,39.14,normal,0,0
2025-01-05,D,139,558.83,253.17,157.7,104.28,1073.98,117.88,heavy,0,0
2025-01-05,A,140,476.22,211.56,122.44,85.72,895.94,68.97,normal,0,0
2025-01-05,B,141,359.17,178.33,111.61,50.95,700.06,81.99,normal,0,0
2025-01-05,C,142,570.08,240.28,179.77,133.28,1123.41,84.87,heavy,0,0
2025-01-05,D,143,676.78,296.2,135.52,162.75,2152.66,92.44,heavy,0,1
2025-01-05,A,144,611.84,192.57,158.42,67.12,1029.95,72.77,heavy,0,0
2025-01-05,B,145,374.24,131.05,116.65,95.24,717.17,64.87,normal,0,0
2025-01-05,C,146,685.98,268.94,219.98,165.71,1340.61,98.51,heavy,0,0
2025-01-05,D,147,299.33,158.9,122.14,87.11,667.47,61.56,normal,0,0
2025-01-05,A,148,296.11,113.75,94.39,28.87,533.11,38.46,normal,0,0
2025-01-05,B,149,606.99,199.23,207.99,156.53,1170.74,91.95,heavy,0,0
2025-01-05,C,150,347.43,150.41,89.87,110.94,698.65,46.99,normal,0,0
2025-01-05,D,151,390.66,173.05,133.48,69.48,766.67,52.54,heavy,0,0
2025-01-05,A,152,615.03,223.85,221.11,148.58,1208.56,130.58,heavy,0,0
2025-01-05,B,153,451.94,239.66,112.4,73.63,877.63,78.53,heavy,0,0
2025-01-05,C,154,242.52,83.49,79.39,39.23,444.63,30.77,saver,0,0
2025-01-05,D,155,297.42,124.55,137.86,80.33,640.17,65.83,normal,0,0
2025-01-05,A,156,395.56,191.51,156.91,52.06,796.04,84.65,normal,0,0
2025-01-05,B,157,714.34,195.98,167.49,71.13,1148.94,77.49,heavy,0,0
2025-01-05,C,158,279.59,96.03,58.54,48.86,483.03,57.6,saver,0,0
2025-01-05,D,159,371.01,165.91,96.79,52.33,686.04,50.49,normal,0,0
2025-01-05,A,160,292.73,114.69,80.59,91.29,579.3,63.03,normal,0,0
2025-01-05,B,161,388.24,173.97,152.08,53.72,768.01,63.66,normal,0,0
2025-01-05,C,162,537.41,181.45,185.43,83.7,987.99,75.96,heavy,0,0
2025-01-05,D,163,331.2,141.38,115.62,50.53,1114.43,54.29,normal,0,1
2025-01-05,A,164,383.83,167.47,121.14,92.2,764.63,60.65,normal,0,0
2025-01-05,B,165,473.99,139.5,102.64,124.52,840.66,91.09,normal,0,0
2025-01-05,C,166,358.26,146.69,105.03,47.01,657.0,73.64,normal,0,0
2025-01-05,D,167,248.01,78.36,84.57,64.51,475.45,39.62,saver,0,0
2025-01-05,A,168,694.63,331.27,233.76,124.46,1384.12,92.77,heavy,0,0
2025-01-05,B,169,256.87,85.16,106.16,73.35,521.53,42.09,normal,0,0
2025-01-05,C,170,357.24,195.5,155.27,88.62,796.65,55.05,normal,0,0
2025-01-05,D,171,317.63,146.49,105.41,80.86,650.39,43.37,normal,0,0
2025-01-05,A,172,696.61,194.83,207.58,91.62,1190.63,93.82,heavy,0,0
2025-01-05,B,173,391.01,166.41,136.81,88.81,783.04,58.98,normal,0,0
2025-01-05,C,174,376.06,128.39,84.6,63.42,652.47,47.94,normal,0,0
2025-01-05,D,175,399.67,184.21,143.45,111.58,838.9,79.43,normal,0,0
2025-01-05,A,176,356.71,147.28,82.22,116.66,702.87,55.45,normal,0,0
2025-01-05,B,177,449.68,207.6,156.67,98.56,912.5,87.3,heavy,0,0
2025-01-05,C,178,325.22,127.55,119.58,48.78,621.13,59.84,normal,0,0
2025-01-05,D,179,432.52,211.48,165.02,81.09,890.12,94.8,normal,0,0
2025-01-05,A,180,670.26,219.81,169.54,84.31,1143.91,101.26,heavy,0,0
2025-01-06,B,101,308.73,127.21,79.04,102.2,617.18,45.75,heavy,0,0
2025-01-06,C,102,275.8,136.88,108.81,80.89,602.36,59.07,normal,0,0
2025-01-06,D,103,327.54,117.18,103.78,73.66,622.16,67.53,normal,0,0
2025-01-06,A,104,405.62,212.0,154.9,102.83,875.35,81.57,heavy,0,0
2025-01-06,B,105,287.29,113.73,76.76,56.69,534.48,37.41,normal,0,0
2025-01-06,C,106,337.24,96.59,94.93,58.03,1006.16,101.9,normal,1,0
2025-01-06,D,107,464.25,209.64,108.49,121.79,904.17,66.84,heavy,0,0
2025-01-06,A,108,369.37,108.92,121.93,57.64,657.86,63.06,normal,0,0
2025-01-06,B,109,435.06,206.53,122.4,105.28,869.29,82.68,heavy,0,0
2025-01-06,C,110,286.81,139.96,80.62,43.04,550.43,64.06,normal,0,0
2025-01-06,D,111,464.91,174.62,167.89,134.39,941.81,69.92,heavy,0,0
2025-01-06,A,112,349.7,130.16,91.28,31.75,602.89,53.22,normal,0,0
2025-01-06,B,113,394.13,205.17,155.89,61.18,816.37,84.39,heavy,0,0
2025-01-06,C,114,267.6,121.77,52.23,40.9,734.39,43.6,normal,0,1
2025-01-06,D,115,514.15,180.12,123.28,79.82,1236.72,75.45,heavy,0,1
2025-01-06,A,116,344.73,101.49,83.81,93.41,623.43,63.38,normal,0,0
2025-01-06,B,117,264.6,106.92,70.44,62.87,504.82,43.08,normal,0,0
2025-01-06,C,118,503.49,187.75,87.7,125.56,904.49,93.63,heavy,0,0
2025-01-06,D,119,287.27,100.19,76.46,40.83,504.75,42.02,normal,0,0
2025-01-06,A,120,291.9,118.18,71.25,39.48,520.82,54.96,normal,0,0
2025-01-06,B,121,284.19,135.17,74.94,88.23,582.53,71.21,normal,0,0
2025-01-06,C,122,374.25,137.89,86.53,112.63,1200.78,65.02,heavy,0,1
2025-01-06,D,123,312.91,146.05,122.8,37.79,619.55,57.62,normal,0,0
2025-01-06,A,124,380.71,128.51,100.65,108.41,718.28,49.07,heavy,0,0
2025-01-06,B,125,384.54,126.12,69.03,35.44,615.12,51.18,normal,0,0
2025-01-06,C,126,367.73,119.89,82.48,79.17,649.27,61.55,normal,0,0
2025-01-06,D,127,350.01,153.55,77.2,69.1,649.86,69.42,normal,0,0
2025-01-06,A,128,205.53,79.74,83.96,66.08,435.32,50.22,normal,0,0
2025-01-06,B,129,185.57,74.56,67.68,55.78,383.59,28.81,saver,0,0
2025-01-06,C,130,431.73,166.42,126.27,137.41,861.82,72.84,heavy,0,0
2025-01-06,D,131,333.89,96.98,64.46,55.57,550.9,42.77,normal,0,0
2025-01-06,A,132,196.8,76.28,47.24,25.73,346.05,27.6,normal,0,0
2025-01-06,B,133,388.07,130.32,79.44,85.05,682.88,64.89,normal,0,0
2025-01-06,C,134,340.77,139.72,77.87,46.63,605.0,57.82,normal,0,0
2025-01-06,D,135,391.87,168.28,112.05,73.64,745.84,72.33,heavy,0,0
2025-01-06,A,136,312.94,114.56,72.72,38.61,538.83,44.09,normal,0,0
2025-01-06,B,137,197.16,101.04,55.88,60.9,679.3,47.59,normal,0,1
2025-01-06,C,138,305.98,169.9,138.21,90.0,704.1,87.6,heavy,0,0
2025-01-06,D,139,220.4,108.52,61.05,55.7,445.68,33.69,normal,0,0
2025-01-06,A,140,178.67,92.68,46.88,63.02,381.25,41.06,normal,0,0
2025-01-06,B,141,314.73,138.41,110.52,58.96,622.62,46.32,normal,0,0
2025-01-06,C,142,313.1,105.9,100.77,60.93,580.71,63.39,normal,0,0
2025-01-06,D,143,231.9,125.36,101.53,35.46,1764.01,66.99,normal,1,1
2025-01-06,A,144,294.39,117.17,70.58,70.73,552.87,64.5,normal,0,0
2025-01-06,B,145,254.05,140.41,83.38,73.4,551.24,46.34,normal,0,0
2025-01-06,C,146,279.53,113.54,74.88,79.19,547.15,43.72,normal,0,0
2025-01-06,D,147,130.07,57.52,32.15,16.58,236.32,17.24,saver,0,0
2025-01-06,A,148,115.93,56.96,38.36,30.78,242.03,22.58,saver,0,0
2025-01-06,B,149,215.51,123.12,71.48,51.08,960.54,62.28,normal,1,0
2025-01-06,C,150,316.96,129.4,77.99,37.55,561.91,45.22,normal,0,0
2025-01-06,D,151,364.69,186.17,115.22,120.77,786.85,90.99,heavy,0,0
2025-01-06,A,152,374.31,172.47,92.56,54.53,693.86,58.52,heavy,0,0
2025-01-06,B,153,241.94,75.5,50.31,28.82,396.57,32.78,normal,0,0
2025-01-06,C,154,289.9,141.87,119.94,53.41,605.13,59.59,heavy,0,0
2025-01-06,D,155,410.08,140.05,123.24,72.56,745.92,79.95,heavy,0,0
2025-01-06,A,156,261.07,115.19,99.28,76.12,890.41,39.88,normal,0,1
2025-01-06,B,157,125.65,48.95,49.53,19.22,362.34,27.52,saver,0,1
2025-01-06,C,158,243.9,87.89,84.41,34.14,450.34,51.18,normal,0,0
2025-01-06,D,159,297.51,116.26,102.24,58.03,574.03,45.78,normal,0,0
2025-01-06,A,160,115.74,46.01,31.99,20.66,214.4,18.36,saver,0,0
2025-01-06,B,161,303.75,105.58,110.13,45.01,564.47,67.12,normal,0,0
2025-01-06,C,162,120.22,49.82,36.79,29.25,236.08,18.52,saver,0,0
2025-01-06,D,163,212.34,98.35,56.92,46.25,413.86,35.48,normal,0,0
2025-01-06,A,164,178.48,84.81,69.93,57.0,531.54,28.94,normal,0,1
2025-01-06,B,165,156.29,63.64,53.87,43.74,414.46,28.13,saver,0,1
2025-01-06,C,166,154.02,39.73,51.74,15.3,260.79,19.03,saver,0,0
2025-01-06,D,167,234.39,93.59,65.26,39.91,744.02,38.62,normal,0,1
2025-01-06,A,168,231.76,85.61,55.48,53.29,426.14,35.86,normal,0,0
2025-01-06,B,169,356.18,154.47,164.98,58.75,734.38,67.34,heavy,0,0
2025-01-06,C,170,226.14,115.53,96.83,56.18,494.68,51.6,normal,0,0
2025-01-06,D,171,292.91,125.47,69.9,59.7,547.98,47.31,normal,0,0
2025-01-06,A,172,514.19,156.61,106.58,109.44,1509.22,124.08,heavy,1,0
2025-01-06,B,173,130.82,53.93,49.32,36.66,270.73,32.54,saver,0,0
2025-01-06,C,174,245.29,94.39,72.2,48.52,460.4,50.25,normal,0,0
2025-01-06,D,175,310.24,136.27,112.56,41.76,600.83,74.83,heavy,0,0
2025-01-06,A,176,246.2,109.8,80.56,26.63,729.49,31.05,normal,0,1
2025-01-06,B,177,170.84,57.26,36.05,38.33,302.49,31.99,saver,0,0
2025-01-06,C,178,196.91,84.58,64.12,60.92,406.53,27.2,normal,0,0
2025-01-06,D,179,439.08,174.74,181.01,62.3,857.12,63.05,heavy,0,0
2025-01-06,A,180,278.01,118.48,62.58,39.92,499.0,33.94,normal,0,0
2025-01-07,B,101,333.02,139.96,138.36,44.02,655.36,51.49,normal,0,0
2025-01-07,C,102,353.04,147.55,122.08,43.42,666.09,63.51,normal,0,0
2025-01-07,D,103,327.37,103.04,69.28,64.38,564.07,60.06,normal,0,0
2025-01-07,A,104,255.66,111.87,59.16,68.0,494.69,47.96,normal,0,0
2025-01-07,B,105,362.81,138.18,78.76,52.91,632.65,57.86,normal,0,0
2025-01-07,C,106,347.48,124.28,120.73,36.47,628.95,52.01,normal,0,0
2025-01-07,D,107,223.81,122.01,75.03,34.46,455.31,46.58,normal,0,0
2025-01-07,A,108,270.6,125.51,83.84,68.78,870.32,49.85,normal,0,1
2025-01-07,B,109,354.42,119.68,91.19,69.47,634.76,52.34,normal,0,0
2025-01-07,C,110,297.98,138.44,83.28,53.73,573.43,53.08,normal,0,0
2025-01-07,D,111,326.93,126.98,89.63,58.96,602.5,50.62,heavy,0,0
2025-01-07,A,112,434.01,196.97,161.75,98.83,891.57,89.06,heavy,0,0
2025-01-07,B,113,174.43,61.24,77.65,21.4,334.72,35.36,normal,0,0
2025-01-07,C,114,177.74,58.37,45.42,22.85,441.87,20.52,saver,0,1
2025-01-07,D,115,496.34,227.33,128.49,58.15,910.31,71.67,heavy,0,0
2025-01-07,A,116,222.02,77.25,56.59,38.14,394.01,31.64,normal,0,0
2025-01-07,B,117,305.39,126.26,97.47,44.73,573.85,42.96,normal,0,0
2025-01-07,C,118,341.06,113.9,108.34,44.4,607.7,62.39,heavy,0,0
2025-01-07,D,119,257.51,104.34,78.54,34.04,474.43,32.99,saver,0,0
2025-01-07,A,120,303.2,115.21,64.17,46.53,529.11,38.86,normal,0,0
2025-01-07,B,121,144.86,46.86,52.48,37.02,281.23,28.05,saver,0,0
2025-01-07,C,122,222.65,88.42,50.84,55.75,417.65,45.49,saver,0,0
2025-01-07,D,123,262.69,106.59,114.51,74.01,557.8,44.79,normal,0,0
2025-01-07,A,124,299.25,141.59,111.24,73.53,625.6,71.6,normal,0,0
2025-01-07,B,125,457.23,176.69,88.34,72.08,1302.39,55.92,heavy,0,1
2025-01-07,C,126,519.09,205.08,179.45,60.89,1693.46,64.98,heavy,0,1
2025-01-07,D,127,205.17,80.42,58.2,44.19,387.97,35.0,normal,0,0
2025-01-07,A,128,180.32,82.89,64.41,41.57,369.19,26.21,normal,0,0
2025-01-07,B,129,184.88,97.68,69.41,38.69,390.66,34.86,normal,0,0
2025-01-07,C,130,287.59,92.89,92.19,40.56,513.24,61.22,normal,0,0
2025-01-07,D,131,339.15,133.66,85.08,87.8,645.69,48.66,normal,0,0
2025-01-07,A,132,525.97,175.19,163.64,91.84,956.64,90.05,heavy,0,0
2025-01-07,B,133,365.9,100.82,77.29,78.39,622.4,62.73,normal,0,0
2025-01-07,C,134,250.28,111.39,77.26,69.71,508.64,36.17,normal,0,0
2025-01-07,D,135,233.42,116.88,82.46,35.18,1103.22,61.58,normal,1,0
2025-01-07,A,136,302.36,159.51,72.92,33.69,1009.46,39.67,normal,0,1
2025-01-07,B,137,234.07,75.26,58.99,41.61,946.08,69.2,normal,1,0
2025-01-07,C,138,353.12,154.06,111.24,70.31,688.73,75.27,heavy,0,0
2025-01-07,D,139,313.06,182.15,89.97,99.89,975.2,58.0,heavy,0,1
2025-01-07,A,140,212.33,56.29,56.24,47.22,372.09,25.58,saver,0,0
2025-01-07,B,141,219.42,84.36,79.08,61.15,444.01,33.43,saver,0,0
2025-01-07,C,142,403.3,191.98,136.35,75.08,806.71,63.8,heavy,0,0
2025-01-07,D,143,525.66,167.69,138.74,158.52,990.61,67.5,heavy,0,0
2025-01-07,A,144,250.09,130.37,88.87,78.55,547.88,47.41,normal,0,0
2025-01-07,B,145,228.08,73.43,49.74,62.41,413.66,28.68,normal,0,0
2025-01-07,C,146,614.83,224.74,182.18,155.47,1177.22,95.44,heavy,0,0
2025-01-07,D,147,295.0,150.04,100.79,64.72,610.55,42.02,normal,0,0
2025-01-07,A,148,433.32,193.56,177.03,66.86,870.77,99.3,heavy,0,0
2025-01-07,B,149,404.92,202.8,181.1,119.71,908.54,86.34,heavy,0,0
2025-01-07,C,150,264.06,89.87,95.96,46.57,496.46,51.08,normal,0,0
2025-01-07,D,151,217.49,110.51,76.25,68.25,472.51,39.78,normal,0,0
2025-01-07,A,152,259.94,85.06,94.51,30.75,470.26,58.59,normal,0,0
2025-01-07,B,153,207.83,89.08,74.28,36.86,408.05,30.9,normal,0,0
2025-01-07,C,154,257.7,114.37,58.45,69.59,500.1,42.11,normal,0,0
2025-01-07,D,155,257.97,124.47,72.25,68.58,523.27,35.87,normal,0,0
2025-01-07,A,156,487.48,172.8,90.58,49.95,800.81,74.76,heavy,0,0
2025-01-07,B,157,370.38,190.52,130.92,59.63,751.46,74.82,heavy,0,0
2025-01-07,C,158,253.59,114.75,66.65,45.54,480.52,33.64,normal,0,0
2025-01-07,D,159,265.07,99.95,71.01,27.52,463.55,56.85,normal,0,0
2025-01-07,A,160,227.8,117.87,84.65,65.13,1027.36,61.83,normal,1,0
2025-01-07,B,161,257.49,95.04,108.87,65.85,527.24,51.28,normal,0,0
2025-01-07,C,162,277.21,76.71,85.82,65.09,504.82,54.44,normal,0,0
2025-01-07,D,163,420.43,162.74,127.62,100.99,811.78,61.33,heavy,0,0
2025-01-07,A,164,182.17,91.75,64.3,53.49,391.7,33.5,saver,0,0
2025-01-07,B,165,471.27,195.1,125.1,47.04,838.51,90.92,heavy,0,0
2025-01-07,C,166,180.57,80.19,58.33,36.14,355.22,38.02,saver,0,0
2025-01-07,D,167,495.06,182.95,116.82,126.24,921.07,67.27,heavy,0,0
2025-01-07,A,168,346.64,126.34,83.24,68.99,969.83,59.95,normal,0,1
2025-01-07,B,169,282.29,136.85,92.61,98.44,610.19,75.48,normal,0,0
2025-01-07,C,170,355.48,122.18,78.44,51.96,608.06,54.28,normal,0,0
2025-01-07,D,171,535.15,164.07,112.68,94.76,906.66,67.76,heavy,0,0
2025-01-07,A,172,300.29,120.31,86.43,76.19,583.22,49.29,normal,0,0
2025-01-07,B,173,256.21,122.4,99.07,67.25,544.94,52.77,normal,0,0
2025-01-07,C,174,341.71,142.28,107.43,63.41,654.82,50.74,normal,0,0
2025-01-07,D,175,296.76,118.98,78.84,40.15,534.72,48.9,normal,0,0
2025-01-07,A,176,261.42,107.09,107.6,61.54,537.66,46.34,normal,0,0
2025-01-07,B,177,186.52,71.55,32.94,29.15,320.16,22.94,saver,0,0
2025-01-07,C,178,494.76,244.65,169.48,143.84,1052.73,85.14,heavy,0,0
2025-01-07,D,179,280.86,100.06,68.28,59.2,508.4,55.97,normal,0,0
2025-01-07,A,180,395.45,167.33,97.58,126.2,786.55,83.11,heavy,0,0
2025-01-08,B,101,435.44,177.07,101.08,39.02,752.62,70.5,heavy,0,0
2025-01-08,C,102,307.09,149.79,72.9,92.3,622.08,46.91,normal,0,0
2025-01-08,D,103,214.21,93.87,53.59,49.72,630.42,46.01,normal,1,0
2025-01-08,A,104,265.26,104.84,115.21,66.4,1035.66,80.53,normal,1,0
2025-01-08,B,105,216.53,80.68,65.32,30.57,393.1,32.35,saver,0,0
2025-01-08,C,106,190.3,66.55,55.51,41.6,353.96,38.57,normal,0,0
2025-01-08,D,107,330.55,94.64,91.55,66.74,583.48,53.36,normal,0,0
2025-01-08,A,108,241.18,96.83,46.52,38.9,423.42,28.51,normal,0,0
2025-01-08,B,109,176.04,75.95,64.06,35.19,351.24,24.1,saver,0,0
2025-01-08,C,110,444.98,252.36,158.12,60.74,916.21,77.33,heavy,0,0
2025-01-08,D,111,329.94,100.27,127.18,65.31,622.71,62.05,normal,0,0
2025-01-08,A,112,257.62,108.77,107.69,58.78,532.86,55.55,normal,0,0
2025-01-08,B,113,127.65,62.22,42.27,17.57,249.72,22.39,saver,0,0
2025-01-08,C,114,463.6,268.54,178.48,138.11,1048.72,122.59,heavy,0,0
2025-01-08,D,115,337.54,106.13,123.95,35.48,603.11,45.23,normal,0,0
2025-01-08,A,116,242.27,121.04,96.02,42.38,779.89,40.77,normal,0,1
2025-01-08,B,117,335.87,102.41,85.54,47.89,571.71,38.98,normal,0,0
2025-01-08,C,118,323.43,131.65,116.95,57.98,630.02,74.58,normal,0,0
2025-01-08,D,119,256.9,105.86,57.8,46.37,466.93,32.5,saver,0,0
2025-01-08,A,120,197.39,81.03,74.59,49.47,402.48,49.27,saver,0,0
2025-01-08,B,121,613.46,183.04,157.51,105.81,1829.96,97.77,heavy,0,1
2025-01-08,C,122,253.26,108.96,67.88,48.92,479.02,55.48,normal,0,0
2025-01-08,D,123,140.15,83.37,35.81,25.74,285.07,34.65,saver,0,0
2025-01-08,A,124,597.96,184.95,130.27,106.88,1020.07,103.81,heavy,0,0
2025-01-08,B,125,310.08,86.09,93.03,62.91,552.11,39.14,normal,0,0
2025-01-08,C,126,194.98,65.45,59.92,36.76,635.33,25.38,saver,0,1
2025-01-08,D,127,333.04,144.69,81.89,85.98,645.6,70.75,normal,0,0
2025-01-08,A,128,238.02,131.18,64.35,70.47,504.03,60.47,normal,0,0
2025-01-08,B,129,302.95,110.23,89.44,70.11,572.72,52.85,normal,0,0
2025-01-08,C,130,208.0,103.19,102.9,40.31,454.41,42.2,normal,0,0
2025-01-08,D,131,171.56,98.62,43.12,28.1,341.4,32.72,normal,0,0
2025-01-08,A,132,342.14,111.58,110.9,77.01,641.63,79.69,normal,0,0
2025-01-08,B,133,236.96,92.24,49.79,22.78,401.77,39.32,saver,0,0
2025-01-08,C,134,561.96,154.74,168.23,69.86,1612.49,99.18,heavy,0,1
2025-01-08,D,135,326.75,110.82,64.81,77.65,1397.72,81.46,normal,1,0
2025-01-08,A,136,337.7,130.6,93.17,62.11,623.57,52.03,normal,0,0
2025-01-08,B,137,265.15,110.0,78.37,28.44,481.96,50.05,normal,0,0
2025-01-08,C,138,194.65,73.66,61.34,26.53,356.19,24.57,normal,0,0
2025-01-08,D,139,215.91,112.55,76.37,44.02,448.85,54.27,normal,0,0
2025-01-08,A,140,259.45,78.71,84.08,29.83,452.07,40.93,normal,0,0
2025-01-08,B,141,344.89,98.92,63.43,62.39,569.63,49.88,normal,0,0
2025-01-08,C,142,281.64,114.31,79.84,28.25,504.04,57.36,normal,0,0
2025-01-08,D,143,192.87,85.28,82.32,66.42,426.89,38.19,normal,0,0
2025-01-08,A,144,227.49,79.35,86.1,32.91,425.85,42.78,saver,0,0
2025-01-08,B,145,346.74,133.04,73.56,42.61,595.94,46.68,heavy,0,0
2025-01-08,C,146,277.89,113.04,79.74,35.78,506.45,58.35,normal,0,0
2025-01-08,D,147,467.91,189.81,185.91,110.0,953.63,93.66,heavy,0,0
2025-01-08,A,148,253.99,92.09,77.4,53.23,476.71,36.96,saver,0,0
2025-01-08,B,149,355.84,103.17,107.04,91.77,657.82,46.21,normal,0,0
2025-01-08,C,150,312.6,96.65,78.74,74.17,562.16,39.76,normal,0,0
2025-01-08,D,151,189.36,89.5,43.05,51.27,373.18,32.18,normal,0,0
2025-01-08,A,152,277.73,149.84,105.07,45.59,578.24,62.06,normal,0,0
2025-01-08,B,153,268.16,127.81,70.01,44.35,510.32,34.05,normal,0,0
2025-01-08,C,154,165.48,59.68,62.32,41.21,328.69,25.66,saver,0,0
2025-01-08,D,155,194.67,99.45,84.94,66.85,445.91,35.96,normal,0,0
2025-01-08,A,156,382.72,187.62,88.23,95.62,754.18,55.19,heavy,0,0
2025-01-08,B,157,126.8,60.66,32.44,45.65,265.56,28.04,saver,0,0
2025-01-08,C,158,181.4,95.55,63.48,59.72,400.15,44.33,normal,0,0
2025-01-08,D,159,304.66,151.16,96.77,91.47,644.07,44.43,normal,0,0
2025-01-08,A,160,136.56,59.87,36.32,41.04,273.8,27.77,saver,0,0
2025-01-08,B,161,469.32,267.07,157.2,156.43,1050.02,82.43,heavy,0,0
2025-01-08,C,162,186.52,69.8,61.9,56.36,374.57,41.67,normal,0,0
2025-01-08,D,163,295.22,92.03,71.74,38.57,497.55,56.08,normal,0,0
2025-01-08,A,164,367.5,123.45,72.63,66.79,630.37,44.28,normal,0,0
2025-01-08,B,165,152.84,52.74,51.35,41.5,298.42,31.14,saver,0,0
2025-01-08,C,166,387.07,167.75,96.25,78.69,729.76,66.28,normal,0,0
2025-01-08,D,167,394.33,196.46,157.2,59.52,807.51,65.29,heavy,0,0
2025-01-08,A,168,225.4,95.06,53.81,52.19,426.46,52.03,normal,0,0
2025-01-08,B,169,330.97,139.06,113.05,78.14,661.22,71.73,normal,0,0
2025-01-08,C,170,151.7,67.23,32.59,20.58,657.35,37.7,saver,1,0
2025-01-08,D,171,263.23,73.87,57.69,26.65,421.45,42.56,normal,0,0
2025-01-08,A,172,223.03,92.87,78.78,64.82,459.5,51.26,normal,0,0
2025-01-08,B,173,242.15,118.81,110.13,56.91,528.01,37.98,normal,0,0
2025-01-08,C,174,410.78,196.0,130.5,54.62,791.9,65.58,heavy,0,0
2025-01-08,D,175,352.65,142.15,142.2,98.78,1013.34,56.58,heavy,0,1
2025-01-08,A,176,393.91,132.4,108.0,62.97,697.28,75.72,heavy,0,0
2025-01-08,B,177,207.6,86.04,51.21,45.95,390.79,43.39,saver,0,0
2025-01-08,C,178,297.46,100.11,103.11,73.41,574.09,63.66,normal,0,0
2025-01-08,D,179,198.79,65.69,47.49,43.32,355.29,25.73,saver,0,0
2025-01-08,A,180,208.38,63.67,69.75,22.78,364.58,25.35,saver,0,0
2025-01-09,B,101,328.43,154.67,115.25,60.87,659.23,50.59,normal,0,0
2025-01-09,C,102,286.53,113.07,118.33,62.22,580.15,50.86,normal,0,0
2025-01-09,D,103,201.94,67.96,68.98,40.24,379.13,28.2,saver,0,0
2025-01-09,A,104,391.93,162.5,75.17,58.92,688.51,83.99,normal,0,0
2025-01-09,B,105,496.66,184.62,200.54,149.67,1343.44,102.88,heavy,0,1
2025-01-09,C,106,170.86,75.25,51.3,61.16,358.58,33.43,normal,0,0
2025-01-09,D,107,261.37,94.0,55.27,74.76,485.39,32.89,normal,0,0
2025-01-09,A,108,322.97,107.8,111.88,64.98,607.63,46.05,normal,0,0
2025-01-09,B,109,573.03,178.44,121.84,146.79,1020.09,113.66,heavy,0,0
2025-01-09,C,110,241.93,66.04,80.56,55.14,443.66,32.77,normal,0,0
2025-01-09,D,111,227.04,64.96,60.5,33.85,386.35,26.19,saver,0,0
2025-01-09,A,112,178.7,71.8,44.31,46.62,341.43,23.51,saver,0,0
2025-01-09,B,113,209.41,65.88,70.58,42.03,387.9,29.04,normal,0,0
2025-01-09,C,114,575.42,172.33,161.74,58.73,968.22,77.45,heavy,0,0
2025-01-09,D,115,327.47,135.36,115.57,58.51,636.91,56.94,normal,0,0
2025-01-09,A,116,173.43,79.6,76.91,56.28,386.21,44.42,normal,0,0
2025-01-09,B,117,162.27,58.51,62.38,56.39,339.55,23.71,saver,0,0
2025-01-09,C,118,329.44,144.08,68.4,82.95,624.87,51.41,normal,0,0
2025-01-09,D,119,236.16,68.73,64.46,56.27,667.3,29.25,normal,0,1
2025-01-09,A,120,377.02,124.08,121.69,56.52,679.31,80.99,normal,0,0
2025-01-09,B,121,221.77,74.92,77.32,42.52,416.53,40.29,saver,0,0
2025-01-09,C,122,188.93,56.8,49.21,24.16,319.1,24.88,saver,0,0
2025-01-09,D,123,337.73,170.12,95.04,52.32,655.2,67.52,normal,0,0
2025-01-09,A,124,261.61,85.31,73.12,38.6,730.03,35.12,normal,0,1
2025-01-09,B,125,228.61,123.47,70.33,63.58,485.99,47.49,normal,0,0
2025-01-09,C,126,281.98,102.45,70.9,68.35,523.68,39.84,normal,0,0
2025-01-09,D,127,235.65,94.13,86.73,33.36,449.86,35.41,normal,0,0
2025-01-09,A,128,373.26,152.3,100.55,53.28,679.39,75.0,normal,0,0
2025-01-09,B,129,356.91,147.44,131.75,92.55,728.64,56.5,heavy,0,0
2025-01-09,C,130,250.06,140.89,105.74,39.62,536.31,46.29,normal,0,0
2025-01-09,D,131,235.19,73.63,75.89,44.24,428.95,33.62,saver,0,0
2025-01-09,A,132,168.46,49.15,38.64,22.24,278.5,26.26,saver,0,0
2025-01-09,B,133,264.95,90.13,73.0,38.97,467.05,44.12,normal,0,0
2025-01-09,C,134,256.65,91.4,85.98,50.29,484.32,42.14,normal,0,0
2025-01-09,D,135,298.35,105.27,72.77,46.2,522.6,34.84,normal,0,0
2025-01-09,A,136,382.56,115.04,72.18,80.98,650.76,60.16,normal,0,0
2025-01-09,B,137,287.98,97.6,64.73,63.42,513.72,40.22,normal,0,0
2025-01-09,C,138,276.73,114.93,57.56,43.24,492.45,46.4,normal,0,0
2025-01-09,D,139,444.44,148.65,82.84,53.51,729.44,49.65,heavy,0,0
2025-01-09,A,140,366.25,129.2,73.88,55.27,624.6,44.93,normal,0,0
2025-01-09,B,141,136.49,43.92,31.26,31.47,243.13,21.14,saver,0,0
2025-01-09,C,142,369.94,107.86,99.54,45.83,623.16,60.14,normal,0,0
2025-01-09,D,143,381.62,142.12,130.19,90.44,744.38,65.81,normal,0,0
2025-01-09,A,144,269.48,155.29,88.1,91.95,604.82,41.47,normal,0,0
2025-01-09,B,145,311.42,129.38,75.47,51.96,568.23,40.86,normal,0,0
2025-01-09,C,146,228.52,104.37,80.02,35.55,448.46,51.44,normal,0,0
2025-01-09,D,147,232.25,119.15,64.14,66.49,482.03,34.02,normal,0,0
2025-01-09,A,148,403.95,220.54,102.27,113.23,839.99,91.85,heavy,0,0
2025-01-09,B,149,218.75,99.97,58.96,44.35,422.03,33.24,normal,0,0
2025-01-09,C,150,184.24,63.06,67.06,48.07,362.43,34.45,saver,0,0
2025-01-09,D,151,304.46,124.29,66.53,33.97,529.26,40.65,normal,0,0
2025-01-09,A,152,251.38,109.21,75.75,27.54,463.88,36.51,normal,0,0
2025-01-09,B,153,379.25,206.83,133.13,100.89,820.1,101.86,heavy,0,0
2025-01-09,C,154,273.69,94.07,67.22,66.62,501.6,39.45,normal,0,0
2025-01-09,D,155,283.98,94.87,97.24,61.13,863.72,46.62,normal,0,1
2025-01-09,A,156,362.86,106.49,64.76,77.33,1461.25,79.8,normal,1,0
2025-01-09,B,157,288.05,111.2,75.12,74.29,548.66,55.63,normal,0,0
2025-01-09,C,158,413.07,164.72,149.5,58.42,785.72,68.4,heavy,0,0
2025-01-09,D,159,184.53,83.13,57.31,52.86,377.82,29.93,saver,0,0
2025-01-09,A,160,277.01,86.1,60.74,34.75,458.6,51.65,normal,0,0
2025-01-09,B,161,443.01,160.81,159.47,77.42,840.71,99.99,heavy,0,0
2025-01-09,C,162,290.77,139.12,90.92,41.47,562.27,42.78,normal,0,0
2025-01-09,D,163,240.33,96.27,52.28,29.37,418.25,35.73,normal,0,0
2025-01-09,A,164,386.01,144.34,175.55,98.54,804.45,73.02,heavy,0,0
2025-01-09,B,165,208.16,102.36,81.95,28.8,421.27,32.28,normal,0,0
2025-01-09,C,166,202.53,92.32,47.81,49.44,392.1,46.75,saver,0,0
2025-01-09,D,167,233.9,102.25,72.49,64.63,473.28,36.41,saver,0,0
2025-01-09,A,168,256.5,126.18,89.39,67.69,539.76,66.88,normal,0,0
2025-01-09,B,169,241.12,70.71,54.27,24.05,390.15,30.15,saver,0,0
2025-01-09,C,170,244.3,78.58,62.92,65.94,451.75,48.02,normal,0,0
2025-01-09,D,171,218.52,73.44,64.1,32.03,388.09,37.17,normal,0,0
2025-01-09,A,172,158.43,56.84,34.89,38.07,477.22,35.51,saver,1,0
2025-01-09,B,173,382.69,172.15,123.68,88.34,766.86,89.58,heavy,0,0
2025-01-09,C,174,352.31,90.85,64.74,45.17,553.07,43.6,normal,0,0
2025-01-09,D,175,525.79,182.22,118.27,90.18,916.46,61.69,heavy,0,0
2025-01-09,A,176,199.76,75.01,62.24,44.4,381.42,47.33,normal,0,0
2025-01-09,B,177,224.67,117.17,78.41,54.51,474.75,43.86,normal,0,0
2025-01-09,C,178,434.2,159.97,120.44,90.07,804.67,100.07,heavy,0,0
2025-01-09,D,179,306.86,84.71,74.73,77.41,944.36,47.19,normal,0,1
2025-01-09,A,180,264.65,108.19,57.6,37.94,468.38,34.61,normal,0,0
2025-01-10,B,101,235.69,118.77,50.74,62.57,467.76,32.68,normal,0,0
2025-01-10,C,102,247.59,89.23,49.25,27.74,413.8,35.19,saver,0,0
2025-01-10,D,103,226.67,67.73,72.77,44.82,412.0,32.6,saver,0,0
2025-01-10,A,104,259.93,117.24,91.33,64.01,532.51,38.79,normal,0,0
2025-01-10,B,105,476.78,168.42,157.97,91.19,894.36,61.64,heavy,0,0
2025-01-10,C,106,354.99,108.76,99.46,86.19,649.39,47.89,normal,0,0
2025-01-10,D,107,303.25,149.03,79.7,93.28,625.27,56.76,normal,0,0
2025-01-10,A,108,179.6,76.91,50.17,32.9,339.59,37.96,normal,0,0
2025-01-10,B,109,336.17,146.48,107.52,50.92,641.08,48.53,normal,0,0
2025-01-10,C,110,384.45,103.14,122.47,71.67,681.73,55.64,normal,0,0
2025-01-10,D,111,366.37,143.47,64.82,64.78,639.45,54.62,normal,0,0
2025-01-10,A,112,450.2,248.71,132.25,127.83,958.98,70.4,heavy,0,0
2025-01-10,B,113,394.12,142.13,98.49,39.63,674.36,84.01,heavy,0,0
2025-01-10,C,114,221.5,77.3,62.8,53.04,414.65,47.72,saver,0,0
2025-01-10,D,115,401.71,165.07,170.19,74.22,811.19,71.91,heavy,0,0
2025-01-10,A,116,168.51,85.91,73.96,21.42,349.8,29.52,saver,0,0
2025-01-10,B,117,281.82,99.83,93.95,86.77,779.18,70.06,normal,0,1
2025-01-10,C,118,225.4,100.49,74.19,59.02,763.23,41.6,normal,0,1
2025-01-10,D,119,227.69,73.67,86.37,29.73,417.44,45.16,normal,0,0
2025-01-10,A,120,269.54,103.84,80.2,80.67,925.46,72.3,normal,1,0
2025-01-10,B,121,239.69,66.18,68.47,55.8,430.13,47.28,normal,0,0
2025-01-10,C,122,266.59,112.18,85.08,46.18,868.34,38.92,normal,0,1
2025-01-10,D,123,167.27,63.6,39.04,21.05,290.96,22.7,saver,0,0
2025-01-10,A,124,150.22,72.56,37.84,21.86,282.48,29.62,saver,0,0
2025-01-10,B,125,400.48,146.4,83.64,42.52,673.04,80.3,heavy,0,0
2025-01-10,C,126,269.27,129.34,84.83,69.53,552.97,40.66,normal,0,0
2025-01-10,D,127,529.05,159.71,114.19,110.67,913.62,84.32,heavy,0,0
2025-01-10,A,128,238.92,75.84,56.58,24.67,396.01,31.2,normal,0,0
2025-01-10,B,129,244.78,91.48,110.17,40.02,486.46,44.57,normal,0,0
2025-01-10,C,130,237.84,92.23,82.63,53.91,466.61,53.32,normal,0,0
2025-01-10,D,131,170.68,50.93,61.85,47.23,330.69,38.7,saver,0,0
2025-01-10,A,132,305.76,145.76,89.13,34.57,575.22,46.61,normal,0,0
2025-01-10,B,133,275.64,142.71,79.61,79.71,577.66,61.19,normal,0,0
2025-01-10,C,134,190.3,52.04,59.68,31.84,333.86,26.46,saver,0,0
2025-01-10,D,135,482.9,232.2,175.07,48.8,938.97,91.69,heavy,0,0
2025-01-10,A,136,325.45,140.07,109.27,53.0,627.8,63.3,normal,0,0
2025-01-10,B,137,170.42,100.48,68.25,36.42,375.56,28.27,saver,0,0
2025-01-10,C,138,289.33,76.34,59.67,52.55,477.89,38.82,normal,0,0
2025-01-10,D,139,422.45,183.28,128.36,78.5,812.59,89.17,heavy,0,0
2025-01-10,A,140,236.24,85.31,55.94,56.02,433.51,30.81,normal,0,0
2025-01-10,B,141,235.44,95.25,103.73,28.66,463.08,34.9,normal,0,0
2025-01-10,C,142,385.2,142.82,94.29,52.88,675.19,63.54,normal,0,0
2025-01-10,D,143,171.74,58.44,36.61,43.63,310.42,29.46,saver,0,0
2025-01-10,A,144,229.36,95.35,82.32,35.27,442.29,48.22,normal,0,0
2025-01-10,B,145,233.31,103.28,62.9,38.4,437.89,38.72,normal,0,0
2025-01-10,C,146,383.87,231.23,117.25,69.93,802.28,93.47,heavy,0,0
2025-01-10,D,147,414.52,177.78,94.7,88.96,775.96,72.22,heavy,0,0
2025-01-10,A,148,339.5,100.52,83.16,47.45,570.63,58.51,normal,0,0
2025-01-10,B,149,274.06,104.17,128.99,38.87,546.09,38.3,normal,0,0
2025-01-10,C,150,251.34,94.67,67.2,24.3,437.51,29.38,normal,0,0
2025-01-10,D,151,320.38,151.45,103.1,96.67,1110.62,89.97,heavy,1,0
2025-01-10,A,152,216.98,67.68,79.24,36.21,400.09,30.53,normal,0,0
2025-01-10,B,153,295.33,99.98,75.12,31.24,501.67,36.84,normal,0,0
2025-01-10,C,154,158.39,70.1,56.46,44.56,329.51,29.55,saver,0,0
2025-01-10,D,155,206.5,88.22,67.75,53.13,415.6,48.77,normal,0,0
2025-01-10,A,156,358.15,129.03,62.86,47.21,597.25,55.06,normal,0,0
2025-01-10,B,157,337.59,134.74,83.31,37.26,592.89,68.65,normal,0,0
2025-01-10,C,158,278.43,125.42,56.04,39.56,499.45,35.1,normal,0,0
2025-01-10,D,159,141.55,58.55,48.0,37.6,635.4,39.23,saver,1,0
2025-01-10,A,160,459.12,219.62,164.56,51.6,1218.18,69.65,heavy,0,1
2025-01-10,B,161,306.28,96.9,78.86,50.87,532.91,36.46,normal,0,0
2025-01-10,C,162,584.85,159.24,202.9,73.79,1020.78,68.56,heavy,0,0
2025-01-10,D,163,541.62,172.25,188.72,119.07,1021.65,76.95,heavy,0,0
2025-01-10,A,164,329.06,192.56,147.82,60.24,729.67,53.03,heavy,0,0
2025-01-10,B,165,243.49,84.98,61.14,47.22,436.82,35.31,normal,0,0
2025-01-10,C,166,323.79,155.62,89.87,81.48,1096.67,74.99,normal,0,1
2025-01-10,D,167,400.71,109.86,88.35,66.23,665.14,58.62,normal,0,0
2025-01-10,A,168,311.05,122.98,88.74,59.99,582.75,63.1,normal,0,0
2025-01-10,B,169,392.95,163.97,91.72,42.58,962.03,59.44,normal,0,1
2025-01-10,C,170,330.13,114.84,116.22,83.87,645.07,45.73,normal,0,0
2025-01-10,D,171,503.91,217.48,190.28,138.68,1050.36,71.83,heavy,0,0
2025-01-10,A,172,388.18,138.95,106.57,57.25,690.95,57.91,normal,0,0
2025-01-10,B,173,274.08,115.64,94.53,80.21,564.47,44.68,normal,0,0
2025-01-10,C,174,232.95,98.35,81.78,24.91,437.99,38.55,saver,0,0
2025-01-10,D,175,377.7,114.39,123.38,53.18,668.64,56.35,normal,0,0
2025-01-10,A,176,467.99,153.37,152.63,76.34,850.32,82.66,heavy,0,0
2025-01-10,B,177,248.22,95.95,103.5,60.16,507.83,62.2,normal,0,0
2025-01-10,C,178,253.7,114.41,76.15,25.27,469.52,53.77,normal,0,0
2025-01-10,D,179,384.79,134.83,147.3,101.49,768.41,58.85,heavy,0,0
2025-01-10,A,180,289.3,133.92,92.41,47.46,563.1,38.14,normal,0,0
2025-01-11,B,101,256.51,151.71,115.21,50.13,896.62,42.41,normal,0,1
2025-01-11,C,102,379.81,175.96,114.35,44.12,714.24,69.71,normal,0,0
2025-01-11,D,103,497.07,198.13,146.78,65.05,907.03,104.44,heavy,0,0
2025-01-11,A,104,369.77,136.29,82.51,60.4,972.25,51.59,normal,0,1
2025-01-11,B,105,565.29,215.54,215.09,156.12,1152.05,85.71,heavy,0,0
2025-01-11,C,106,355.74,181.19,139.44,60.01,736.38,74.48,normal,0,0
2025-01-11,D,107,342.66,142.87,81.71,96.27,663.52,52.17,normal,0,0
2025-01-11,A,108,516.26,222.24,149.25,141.19,1028.94,80.47,heavy,0,0
2025-01-11,B,109,581.38,199.35,247.0,98.29,1126.02,102.68,heavy,0,0
2025-01-11,C,110,518.17,218.76,106.76,49.04,892.71,69.59,heavy,0,0
2025-01-11,D,111,261.55,94.99,92.38,81.37,530.28,57.45,normal,0,0
2025-01-11,A,112,439.39,180.63,115.34,60.27,795.63,92.5,normal,0,0
2025-01-11,B,113,439.7,166.3,98.0,72.09,776.08,61.37,heavy,0,0
2025-01-11,C,114,275.3,163.08,82.38,49.5,570.27,57.27,normal,0,0
2025-01-11,D,115,524.42,201.57,163.45,111.83,1001.27,109.1,normal,0,0
2025-01-11,A,116,228.07,103.84,87.53,48.51,467.96,43.2,saver,0,0
2025-01-11,B,117,379.22,175.6,136.01,98.83,789.65,61.27,normal,0,0
2025-01-11,C,118,258.6,107.68,89.9,27.65,483.82,34.31,normal,0,0
2025-01-11,D,119,287.53,151.95,115.87,93.16,648.51,45.71,normal,0,0
2025-01-11,A,120,618.13,170.49,115.86,145.86,1050.35,110.68,heavy,0,0
2025-01-11,B,121,477.58,228.47,132.15,77.23,915.43,74.75,heavy,0,0
2025-01-11,C,122,249.04,91.96,77.53,62.47,481.0,35.66,saver,0,0
2025-01-11,D,123,444.02,199.18,149.47,98.77,891.44,71.41,heavy,0,0
2025-01-11,A,124,371.15,114.41,89.03,98.79,673.39,48.74,normal,0,0
2025-01-11,B,125,435.22,155.33,178.71,75.58,1271.03,61.19,heavy,0,1
2025-01-11,C,126,546.95,263.82,187.06,88.89,1086.72,90.44,heavy,0,0
2025-01-11,D,127,506.79,242.63,194.57,56.26,1000.26,72.78,heavy,0,0
2025-01-11,A,128,403.42,167.83,107.42,125.74,804.4,70.46,normal,0,0
2025-01-11,B,129,315.89,151.57,124.79,68.35,660.59,50.37,normal,0,0
2025-01-11,C,130,308.15,86.1,105.93,37.76,958.11,122.07,normal,1,0
2025-01-11,D,131,337.3,139.38,105.18,81.98,663.85,48.67,normal,0,0
2025-01-11,A,132,223.91,97.15,65.85,62.05,448.97,30.34,saver,0,0
2025-01-11,B,133,351.68,163.38,102.84,48.36,666.26,61.45,normal,0,0
2025-01-11,C,134,325.18,118.11,56.88,45.05,545.22,44.1,normal,0,0
2025-01-11,D,135,352.15,128.02,131.24,85.22,696.63,78.81,normal,0,0
2025-01-11,A,136,416.1,232.04,175.85,125.77,949.76,72.98,heavy,0,0
2025-01-11,B,137,528.81,167.38,122.5,108.97,927.66,112.85,heavy,0,0
2025-01-11,C,138,254.77,135.72,108.96,55.54,554.99,38.17,normal,0,0
2025-01-11,D,139,314.93,125.47,106.19,61.0,607.59,61.34,normal,0,0
2025-01-11,A,140,582.42,323.98,215.18,85.24,1206.81,107.43,heavy,0,0
2025-01-11,B,141,366.36,142.82,90.25,36.57,636.01,77.4,normal,0,0
2025-01-11,C,142,326.37,135.87,89.74,75.88,627.85,74.86,normal,0,0
2025-01-11,D,143,419.2,199.49,82.5,102.44,803.62,56.11,normal,0,0
2025-01-11,A,144,404.69,121.1,141.28,63.82,730.89,70.34,normal,0,0
2025-01-11,B,145,235.27,118.27,61.66,71.04,486.24,32.57,normal,0,0
2025-01-11,C,146,372.83,116.11,118.2,43.98,651.13,59.31,normal,0,0
2025-01-11,D,147,250.51,120.55,62.03,50.84,483.93,37.24,normal,0,0
2025-01-11,A,148,325.11,112.87,90.24,83.36,611.57,60.61,normal,0,0
2025-01-11,B,149,621.64,216.51,156.15,56.95,1623.76,74.27,heavy,0,1
2025-01-11,C,150,324.84,114.71,76.61,88.19,604.35,49.44,normal,0,0
2025-01-11,D,151,431.9,150.66,128.81,63.1,1353.47,127.27,normal,1,0
2025-01-11,A,152,296.02,135.92,86.55,71.49,934.17,60.36,normal,0,1
2025-01-11,B,153,417.17,149.25,141.99,110.43,818.84,79.1,normal,0,0
2025-01-11,C,154,280.74,139.85,114.59,48.78,583.96,40.72,normal,0,0
2025-01-11,D,155,351.42,166.99,154.76,94.73,767.91,55.54,normal,0,0
2025-01-11,A,156,509.31,163.89,136.5,84.07,893.76,82.2,normal,0,0
2025-01-11,B,157,289.8,153.41,94.93,106.24,644.38,68.87,normal,0,0
2025-01-11,C,158,485.91,161.62,142.36,121.18,911.07,112.36,normal,0,0
2025-01-11,D,159,313.26,150.55,117.01,74.37,1009.59,49.93,normal,0,1
2025-01-11,A,160,448.65,155.46,119.35,107.99,831.45,64.24,normal,0,0
2025-01-11,B,161,183.14,92.94,42.14,60.21,378.44,42.46,saver,0,0
2025-01-11,C,162,450.68,159.35,138.52,91.46,840.01,62.77,normal,0,0
2025-01-11,D,163,742.09,229.63,147.7,197.06,1316.49,134.0,heavy,0,0
2025-01-11,A,164,515.41,274.7,115.02,104.8,1761.74,114.87,heavy,0,1
2025-01-11,B,165,479.16,137.4,114.07,52.92,1127.88,63.32,normal,0,1
2025-01-11,C,166,232.43,98.59,78.81,61.0,821.16,62.57,saver,1,0
2025-01-11,D,167,273.89,119.68,69.64,62.06,1749.04,58.21,normal,1,1
2025-01-11,A,168,497.61,156.16,111.22,109.13,874.11,91.64,normal,0,0
2025-01-11,B,169,545.35,167.82,172.93,144.89,1663.7,84.09,heavy,0,1
2025-01-11,C,170,464.98,153.28,114.34,126.73,859.33,98.62,normal,0,0
2025-01-11,D,171,374.06,214.51,132.79,104.23,825.59,86.46,heavy,0,0
2025-01-11,A,172,276.7,86.69,63.5,42.5,469.39,38.72,normal,0,0
2025-01-11,B,173,346.03,95.62,98.78,53.85,594.27,43.83,normal,0,0
2025-01-11,C,174,663.99,349.9,280.11,108.7,1402.7,169.27,heavy,0,0
2025-01-11,D,175,314.59,89.8,61.78,37.03,503.19,34.18,normal,0,0
2025-01-11,A,176,310.64,128.47,102.17,47.41,769.67,40.21,normal,0,1
2025-01-11,B,177,266.46,104.98,68.14,73.3,512.88,60.45,normal,0,0
2025-01-11,C,178,400.39,146.06,91.95,57.48,695.87,79.63,normal,0,0
2025-01-11,D,179,207.88,81.1,63.99,34.05,387.01,32.45,saver,0,0
2025-01-11,A,180,182.48,77.93,67.89,55.63,383.93,35.81,saver,0,0
2025-01-12,B,101,439.45,212.64,168.46,62.54,883.09,65.39,heavy,0,0
2025-01-12,C,102,275.11,102.56,93.85,48.46,519.99,41.93,normal,0,0
2025-01-12,D,103,413.13,124.89,128.11,79.86,746.0,50.42,normal,0,0
2025-01-12,A,104,459.92,161.93,101.47,109.01,1091.26,66.51,normal,0,1
2025-01-12,B,105,315.78,142.6,127.85,42.28,628.51,43.05,normal,0,0
2025-01-12,C,106,522.54,231.18,105.76,86.42,945.9,83.22,heavy,0,0
2025-01-12,D,107,266.02,105.27,100.37,85.27,556.93,37.44,normal,0,0
2025-01-12,A,108,272.38,99.25,126.25,49.9,854.57,60.56,normal,0,1
2025-01-12,B,109,372.89,152.19,118.78,110.6,754.46,62.47,normal,0,0
2025-01-12,C,110,773.92,247.34,219.25,99.49,1339.99,150.74,heavy,0,0
2025-01-12,D,111,498.63,204.3,147.52,73.86,1537.41,105.72,normal,0,1
2025-01-12,A,112,222.76,91.21,57.85,53.56,425.38,28.69,saver,0,0
2025-01-12,B,113,320.47,111.06,99.46,51.93,582.93,40.58,normal,0,0
2025-01-12,C,114,363.65,130.07,112.17,57.26,663.16,52.32,normal,0,0
2025-01-12,D,115,532.97,194.35,188.97,76.39,992.68,66.77,heavy,0,0
2025-01-12,A,116,402.43,106.43,91.53,76.05,676.45,55.29,normal,0,0
2025-01-12,B,117,244.21,123.24,89.71,73.29,530.45,45.85,normal,0,0
2025-01-12,C,118,400.49,169.91,132.14,46.15,748.69,52.27,normal,0,0
2025-01-12,D,119,226.99,92.58,97.07,73.52,490.16,39.77,normal,0,0
2025-01-12,A,120,661.59,229.01,148.01,142.94,2668.3,167.88,heavy,1,0
2025-01-12,B,121,232.81,84.71,58.03,61.08,436.62,33.01,saver,0,0
2025-01-12,C,122,385.17,123.46,143.99,49.38,702.0,49.02,normal,0,0
2025-01-12,D,123,500.87,235.4,150.61,148.39,1035.27,90.78,heavy,0,0
2025-01-12,A,124,496.63,248.35,176.39,131.93,1053.3,127.99,heavy,0,0
2025-01-12,B,125,584.94,265.79,215.37,99.62,1165.71,81.83,heavy,0,0
2025-01-12,C,126,138.99,60.78,47.21,39.32,286.3,25.72,saver,0,0
2025-01-12,D,127,310.16,121.54,88.7,55.87,576.27,57.3,normal,0,0
2025-01-12,A,128,349.64,174.2,149.2,61.04,1345.74,115.34,normal,1,0
2025-01-12,B,129,831.93,253.8,161.24,163.23,1410.19,134.24,heavy,0,0
2025-01-12,C,130,438.89,143.12,141.28,104.14,827.45,75.45,normal,0,0
2025-01-12,D,131,389.93,161.94,94.03,45.46,691.36,51.49,normal,0,0
2025-01-12,A,132,389.41,178.23,105.04,94.99,767.67,77.71,normal,0,0
2025-01-12,B,133,227.08,129.96,107.9,41.08,506.02,45.38,saver,0,0
2025-01-12,C,134,420.67,151.86,93.49,94.24,760.27,63.59,normal,0,0
2025-01-12,D,135,601.95,254.68,218.98,161.19,1236.8,93.89,heavy,0,0
2025-01-12,A,136,442.35,162.96,131.37,116.51,853.2,97.98,normal,0,0
2025-01-12,B,137,161.78,68.9,41.51,48.68,320.87,24.81,saver,0,0
2025-01-12,C,138,607.57,196.47,173.18,99.61,1076.84,130.54,heavy,0,0
2025-01-12,D,139,299.42,128.28,103.81,73.13,604.65,60.39,normal,0,0
2025-01-12,A,140,373.0,143.8,159.28,52.77,728.84,55.5,normal,0,0
2025-01-12,B,141,297.03,100.52,95.64,28.24,521.43,57.68,saver,0,0
2025-01-12,C,142,274.9,107.86,64.84,51.92,499.53,42.47,normal,0,0
2025-01-12,D,143,636.83,166.13,170.4,140.89,1114.25,94.51,heavy,0,0
2025-01-12,A,144,234.04,101.86,49.57,59.76,445.23,36.6,saver,0,0
2025-01-12,B,145,737.86,305.6,168.66,70.31,2645.65,234.73,heavy,1,0
2025-01-12,C,146,336.21,125.1,109.18,57.16,627.65,53.22,normal,0,0
2025-01-12,D,147,360.03,134.71,95.64,102.61,693.0,81.63,normal,0,0
2025-01-12,A,148,307.24,129.0,78.7,36.91,551.86,40.48,normal,0,0
2025-01-12,B,149,529.08,140.25,130.34,130.74,930.41,70.58,heavy,0,0
2025-01-12,C,150,290.99,133.21,111.98,39.39,575.57,51.57,normal,0,0
2025-01-12,D,151,308.57,127.41,104.1,92.92,1429.95,103.27,normal,1,0
2025-01-12,A,152,265.11,124.39,54.05,58.5,502.06,50.51,normal,0,0
2025-01-12,B,153,549.59,193.91,187.82,124.37,1055.69,88.79,heavy,0,0
2025-01-12,C,154,221.66,81.14,57.81,47.36,407.97,36.61,saver,0,0
2025-01-12,D,155,601.65,267.43,162.97,66.52,1098.57,99.1,heavy,0,0
2025-01-12,A,156,441.55,173.45,93.94,90.53,799.48,67.3,normal,0,0
2025-01-12,B,157,192.92,80.45,70.7,48.89,392.95,47.69,normal,0,0
2025-01-12,C,158,393.2,169.15,134.52,93.53,790.4,73.44,normal,0,0
2025-01-12,D,159,548.43,241.63,207.82,95.72,1093.6,135.27,heavy,0,0
2025-01-12,A,160,286.87,135.32,101.91,45.87,569.97,59.0,saver,0,0
2025-01-12,B,161,596.4,287.84,202.79,163.9,1250.93,90.45,heavy,0,0
2025-01-12,C,162,334.01,115.59,76.06,72.61,598.28,62.71,normal,0,0
2025-01-12,D,163,471.87,229.92,151.84,69.59,1330.2,67.66,heavy,0,1
2025-01-12,A,164,248.52,124.31,95.1,54.63,522.56,47.41,normal,0,0
2025-01-12,B,165,348.14,144.5,76.94,82.11,651.7,47.14,normal,0,0
2025-01-12,C,166,341.96,104.27,114.68,70.2,631.11,44.16,normal,0,0
2025-01-12,D,167,464.15,220.14,168.83,90.56,943.69,114.26,heavy,0,0
2025-01-12,A,168,427.95,141.91,88.21,104.78,762.85,75.07,normal,0,0
2025-01-12,B,169,255.95,94.51,78.58,85.79,514.82,44.52,normal,0,0
2025-01-12,C,170,296.91,96.33,87.45,74.83,912.91,56.64,normal,0,1
2025-01-12,D,171,387.1,153.94,114.12,85.55,740.71,53.21,heavy,0,0
2025-01-12,A,172,663.25,237.07,139.48,192.1,1231.9,138.57,heavy,0,0
2025-01-12,B,173,370.92,171.38,115.88,41.1,699.27,55.55,normal,0,0
2025-01-12,C,174,768.64,203.88,207.08,178.15,1357.75,140.07,heavy,0,0
2025-01-12,D,175,538.66,193.75,95.53,92.31,1399.13,80.19,heavy,0,1
2025-01-12,A,176,238.59,98.34,69.78,61.04,467.74,33.35,saver,0,0
2025-01-12,B,177,579.24,258.89,193.4,143.67,1856.9,122.8,heavy,0,1
2025-01-12,C,178,363.41,131.24,121.35,72.18,688.18,83.52,normal,0,0
2025-01-12,D,179,504.65,197.32,123.08,93.03,918.08,99.55,heavy,0,0
2025-01-12,A,180,364.1,111.2,137.2,61.08,673.58,46.82,normal,0,0
2025-01-13,B,101,619.17,235.8,119.83,69.83,1044.63,94.99,heavy,0,0
2025-01-13,C,102,344.66,163.99,125.21,109.92,743.78,66.97,heavy,0,0
2025-01-13,D,103,367.17,138.56,119.13,35.01,659.87,54.32,normal,0,0
2025-01-13,A,104,240.56,90.25,90.05,59.91,480.77,38.45,normal,0,0
2025-01-13,B,105,238.65,106.71,48.26,35.26,428.88,31.37,normal,0,0
2025-01-13,C,106,319.79,147.88,90.75,94.28,652.7,81.21,heavy,0,0
2025-01-13,D,107,291.55,97.54,76.3,73.11,538.5,57.63,normal,0,0
2025-01-13,A,108,179.92,70.71,58.69,36.21,345.52,40.81,saver,0,0
2025-01-13,B,109,181.7,91.92,68.94,49.75,392.31,36.98,normal,0,0
2025-01-13,C,110,394.76,116.83,131.14,67.72,710.45,48.67,heavy,0,0
2025-01-13,D,111,309.79,118.99,93.92,34.48,557.19,38.0,normal,0,0
2025-01-13,A,112,215.18,104.67,88.53,50.63,459.01,39.15,normal,0,0
2025-01-13,B,113,256.11,104.55,60.7,30.93,452.28,46.27,normal,0,0
2025-01-13,C,114,370.93,176.68,145.2,49.58,742.39,63.26,heavy,0,0
2025-01-13,D,115,273.62,161.56,92.23,54.88,582.29,44.89,normal,0,0
2025-01-13,A,116,304.23,132.1,108.27,72.13,616.74,41.41,normal,0,0
2025-01-13,B,117,304.21,113.62,86.65,53.24,557.71,37.33,normal,0,0
2025-01-13,C,118,209.74,94.02,88.36,61.57,453.69,47.27,normal,0,0
2025-01-13,D,119,169.83,67.7,52.46,20.48,460.22,22.54,saver,0,1
2025-01-13,A,120,196.74,81.9,55.62,50.38,384.63,28.51,saver,0,0
2025-01-13,B,121,276.67,111.26,71.34,61.06,520.34,42.05,normal,0,0
2025-01-13,C,122,268.11,86.56,81.98,66.24,502.9,43.38,normal,0,0
2025-01-13,D,123,261.13,113.99,98.38,45.25,518.76,39.86,normal,0,0
2025-01-13,A,124,225.76,92.48,58.72,55.88,432.85,31.78,normal,0,0
2025-01-13,B,125,542.95,259.29,202.11,142.07,1146.42,80.6,heavy,0,0
2025-01-13,C,126,255.74,98.09,70.06,52.57,476.45,32.69,saver,0,0
2025-01-13,D,127,453.61,210.13,180.85,98.19,1477.31,69.56,heavy,0,1
2025-01-13,A,128,229.65,80.26,56.92,38.1,404.93,37.27,normal,0,0
2025-01-13,B,129,248.58,94.41,57.79,50.98,451.76,47.69,normal,0,0
2025-01-13,C,130,314.56,115.86,100.87,52.37,583.65,49.7,normal,0,0
2025-01-13,D,131,171.9,66.67,53.89,29.6,322.06,33.47,normal,0,0
2025-01-13,A,132,259.47,98.7,69.93,69.38,1474.11,73.42,normal,1,1
2025-01-13,B,133,329.24,114.7,69.83,76.92,590.68,50.21,normal,0,0
2025-01-13,C,134,264.81,113.78,80.02,77.66,536.27,62.85,normal,0,0
2025-01-13,D,135,523.24,235.13,102.79,115.85,977.01,80.24,heavy,0,0
2025-01-13,A,136,267.67,103.26,70.74,40.2,481.87,35.02,normal,0,0
2025-01-13,B,137,312.3,146.51,96.67,40.78,596.26,41.13,normal,0,0
2025-01-13,C,138,279.84,98.0,60.04,48.74,486.62,60.05,normal,0,0
2025-01-13,D,139,266.83,92.04,69.14,56.37,484.39,35.03,normal,0,0
2025-01-13,A,140,224.99,74.19,50.43,27.16,376.77,28.07,saver,0,0
2025-01-13,B,141,306.73,110.46,116.16,84.64,1123.6,83.14,normal,1,0
2025-01-13,C,142,340.5,158.69,95.54,56.51,651.23,55.24,heavy,0,0
2025-01-13,D,143,246.93,101.2,84.55,58.6,491.28,39.28,normal,0,0
2025-01-13,A,144,408.46,166.57,125.07,86.59,786.68,53.73,heavy,0,0
2025-01-13,B,145,418.95,153.1,179.66,76.09,827.8,79.71,heavy,0,0
2025-01-13,C,146,557.83,169.97,137.97,78.09,943.86,90.33,heavy,0,0
2025-01-13,D,147,289.19,132.57,112.96,49.64,584.36,59.94,normal,0,0
2025-01-13,A,148,165.86,92.81,66.69,26.9,352.26,33.99,saver,0,0
2025-01-13,B,149,375.47,121.52,101.58,90.68,689.25,74.76,heavy,0,0
2025-01-13,C,150,231.28,106.63,80.16,25.4,443.46,29.59,normal,0,0
2025-01-13,D,151,405.76,173.73,103.55,111.46,794.5,78.9,heavy,0,0
2025-01-13,A,152,313.41,120.05,83.45,73.03,589.94,53.95,normal,0,0
2025-01-13,B,153,260.92,106.55,73.53,59.56,500.56,53.58,normal,0,0
2025-01-13,C,154,349.23,146.68,130.93,37.91,1101.87,81.01,normal,0,1
2025-01-13,D,155,443.0,185.76,97.48,74.08,1134.62,67.57,heavy,0,1
2025-01-13,A,156,417.49,206.73,140.57,57.43,822.21,70.36,heavy,0,0
2025-01-13,B,157,409.56,148.37,125.24,65.17,748.35,63.72,heavy,0,0
2025-01-13,C,158,230.78,67.48,61.5,23.92,383.68,31.48,normal,0,0
2025-01-13,D,159,235.47,112.58,73.16,78.96,1062.17,108.37,normal,1,0
2025-01-13,A,160,242.74,113.98,57.6,49.07,463.39,35.99,normal,0,0
2025-01-13,B,161,170.46,70.37,55.89,39.52,745.13,67.22,normal,1,0
2025-01-13,C,162,258.89,109.88,76.83,32.46,478.07,37.61,normal,0,0
2025-01-13,D,163,194.88,77.47,58.01,30.2,360.56,27.72,saver,0,0
2025-01-13,A,164,352.5,156.58,134.71,50.55,1208.23,48.13,heavy,0,1
2025-01-13,B,165,306.63,95.3,57.85,71.92,531.69,60.8,normal,0,0
2025-01-13,C,166,366.64,124.83,118.87,46.52,656.85,47.52,normal,0,0
2025-01-13,D,167,299.15,86.77,76.74,62.54,525.2,44.14,normal,0,0
2025-01-13,A,168,164.46,62.5,64.45,22.8,314.22,21.36,normal,0,0
2025-01-13,B,169,386.71,173.85,119.75,70.12,1227.62,73.17,heavy,0,1
2025-01-13,C,170,275.21,75.9,94.67,68.98,514.75,60.22,normal,0,0
2025-01-13,D,171,482.31,210.86,175.32,52.74,921.23,75.81,heavy,0,0
2025-01-13,A,172,246.6,88.17,79.6,52.33,466.69,41.83,normal,0,0
2025-01-13,B,173,390.39,205.55,105.5,96.54,797.98,80.39,heavy,0,0
2025-01-13,C,174,132.72,44.94,42.69,31.09,251.46,31.14,saver,0,0
2025-01-13,D,175,321.89,107.36,71.12,36.94,537.31,50.4,normal,0,0
2025-01-13,A,176,305.81,173.91,99.64,59.36,638.73,78.86,heavy,0,0
2025-01-13,B,177,205.04,79.05,76.3,43.04,403.42,45.35,normal,0,0
2025-01-13,C,178,342.19,126.25,85.07,61.55,615.06,75.61,normal,0,0
2025-01-13,D,179,216.96,107.08,47.04,34.22,405.3,44.7,normal,0,0
2025-01-13,A,180,300.76,118.92,86.34,40.0,546.02,59.63,normal,0,0
2025-01-14,B,101,245.66,115.22,71.26,42.68,474.82,39.02,normal,0,0
2025-01-14,C,102,383.3,147.5,87.27,95.26,1142.41,71.84,normal,0,1
2025-01-14,D,103,429.42,212.24,107.05,98.67,847.38,92.76,heavy,0,0
2025-01-14,A,104,152.93,60.74,59.02,29.55,302.25,23.44,saver,0,0
2025-01-14,B,105,152.16,66.74,44.93,21.74,285.58,29.03,saver,0,0
2025-01-14,C,106,329.79,163.92,132.45,70.98,697.14,54.1,heavy,0,0
2025-01-14,D,107,311.9,82.99,79.74,43.85,518.48,44.86,normal,0,0
2025-01-14,A,108,421.84,139.72,100.58,53.86,716.0,88.72,heavy,0,0
2025-01-14,B,109,556.2,171.55,190.97,102.81,1021.53,116.06,heavy,0,0
2025-01-14,C,110,279.71,118.45,69.32,34.64,502.13,62.62,normal,0,0
2025-01-14,D,111,184.97,89.56,59.29,26.97,360.79,31.78,normal,0,0
2025-01-14,A,112,369.71,154.37,99.44,82.56,1207.75,53.69,normal,0,1
2025-01-14,B,113,281.7,129.4,83.83,88.71,583.64,57.25,normal,0,0
2025-01-14,C,114,351.19,157.62,142.49,44.31,695.62,84.51,heavy,0,0
2025-01-14,D,115,327.47,151.27,114.48,99.74,692.96,49.89,normal,0,0
2025-01-14,A,116,534.36,156.4,96.63,51.01,838.4,67.18,heavy,0,0
2025-01-14,B,117,482.21,195.06,99.35,92.77,1460.93,122.84,heavy,1,0
2025-01-14,C,118,290.0,101.98,79.8,77.6,549.37,50.9,normal,0,0
2025-01-14,D,119,208.51,81.05,84.27,58.27,432.11,52.49,normal,0,0
2025-01-14,A,120,416.18,202.98,174.8,139.77,933.74,64.23,heavy,0,0
2025-01-14,B,121,264.0,97.85,100.55,63.59,525.99,38.88,normal,0,0
2025-01-14,C,122,131.96,63.11,30.14,17.03,242.24,24.09,saver,0,0
2025-01-14,D,123,231.24,90.61,80.02,61.19,463.06,36.32,normal,0,0
2025-01-14,A,124,369.24,136.09,97.83,36.72,639.87,65.67,heavy,0,0
2025-01-14,B,125,140.64,83.41,43.45,42.92,449.18,22.7,saver,0,1
2025-01-14,C,126,432.45,179.43,84.07,87.03,1224.4,97.29,heavy,0,1
2025-01-14,D,127,426.59,147.61,80.35,79.01,733.56,71.05,heavy,0,0
2025-01-14,A,128,370.96,144.96,66.43,61.33,643.67,68.6,normal,0,0
2025-01-14,B,129,226.2,86.73,48.87,31.76,393.55,34.3,normal,0,0
2025-01-14,C,130,415.28,177.03,117.02,123.08,832.41,99.28,heavy,0,0
2025-01-14,D,131,389.0,130.72,91.47,113.58,724.77,53.24,heavy,0,0
2025-01-14,A,132,171.4,91.18,67.27,35.29,537.41,32.27,saver,0,1
2025-01-14,B,133,122.41,51.06,31.53,25.34,230.34,16.04,saver,0,0
2025-01-14,C,134,202.49,81.66,49.11,44.55,377.81,37.99,normal,0,0
2025-01-14,D,135,395.47,183.99,145.77,105.04,830.27,61.8,heavy,0,0
2025-01-14,A,136,236.21,75.45,71.48,44.8,427.93,49.88,saver,0,0
2025-01-14,B,137,276.47,148.48,88.58,51.77,565.3,54.8,normal,0,0
2025-01-14,C,138,298.67,103.54,69.03,66.15,537.4,48.41,normal,0,0
2025-01-14,D,139,445.02,207.97,156.44,98.03,907.47,76.58,heavy,0,0
2025-01-14,A,140,468.12,186.62,159.29,135.29,949.32,65.35,heavy,0,0
2025-01-14,B,141,317.55,137.48,91.68,47.9,1031.77,48.65,normal,0,1
2025-01-14,C,142,263.28,88.02,104.23,54.55,510.08,49.64,normal,0,0
2025-01-14,D,143,239.33,101.05,57.72,29.62,427.72,40.29,normal,0,0
2025-01-14,A,144,482.25,149.36,159.41,71.39,862.42,102.94,heavy,0,0
2025-01-14,B,145,349.6,127.66,103.91,61.89,643.06,43.56,normal,0,0
2025-01-14,C,146,175.52,97.72,50.35,61.71,385.3,27.04,saver,0,0
2025-01-14,D,147,380.87,135.44,123.91,93.4,733.63,77.58,normal,0,0
2025-01-14,A,148,167.72,47.09,35.15,30.37,280.33,21.0,saver,0,0
2025-01-14,B,149,327.17,148.11,116.67,74.25,666.21,59.16,normal,0,0
2025-01-14,C,150,291.4,106.41,69.13,39.8,506.73,61.32,normal,0,0
2025-01-14,D,151,242.27,128.38,94.12,75.59,914.38,60.75,normal,1,0
2025-01-14,A,152,277.53,122.36,66.58,93.15,559.62,46.18,normal,0,0
2025-01-14,B,153,261.42,82.06,87.54,30.46,461.49,52.71,normal,0,0
2025-01-14,C,154,385.73,128.41,108.38,83.26,1135.43,72.85,normal,0,1
2025-01-14,D,155,135.33,60.66,41.04,31.87,268.91,21.13,saver,0,0
2025-01-14,A,156,335.89,123.71,67.95,41.71,569.26,65.3,normal,0,0
2025-01-14,B,157,434.2,158.49,119.32,37.4,749.41,53.42,heavy,0,0
2025-01-14,C,158,207.93,72.62,47.29,40.14,367.99,41.52,normal,0,0
2025-01-14,D,159,382.51,152.98,76.87,72.21,684.57,47.3,heavy,0,0
2025-01-14,A,160,441.88,206.79,122.02,121.79,892.49,92.18,heavy,0,0
2025-01-14,B,161,489.96,190.32,208.96,146.6,1035.84,87.23,heavy,0,0
2025-01-14,C,162,275.05,124.12,86.99,64.58,550.75,49.16,normal,0,0
2025-01-14,D,163,289.47,140.91,92.07,71.02,593.47,52.59,normal,0,0
2025-01-14,A,164,319.33,143.81,100.45,90.66,654.25,46.33,normal,0,0
2025-01-14,B,165,537.77,232.6,115.85,102.53,2142.82,121.48,heavy,1,0
2025-01-14,C,166,231.93,91.62,58.33,35.47,417.35,30.87,normal,0,0
2025-01-14,D,167,348.75,121.08,117.46,105.2,692.49,51.34,heavy,0,0
2025-01-14,A,168,235.12,91.47,63.52,70.54,460.65,32.73,normal,0,0
2025-01-14,B,169,461.4,205.28,135.72,138.77,941.18,83.17,heavy,0,0
2025-01-14,C,170,408.82,128.18,115.34,65.38,717.72,62.18,heavy,0,0
2025-01-14,D,171,286.86,151.88,131.75,34.52,605.01,46.92,normal,0,0
2025-01-14,A,172,164.16,85.19,61.26,56.03,366.64,42.69,normal,0,0
2025-01-14,B,173,596.95,162.02,199.35,144.97,1103.29,131.69,heavy,0,0
2025-01-14,C,174,618.49,164.9,199.53,101.75,1084.67,87.71,heavy,0,0
2025-01-14,D,175,217.05,110.85,83.58,27.83,439.31,50.17,normal,0,0
2025-01-14,A,176,415.57,217.7,190.01,108.67,931.95,88.94,heavy,0,0
2025-01-14,B,177,253.23,145.19,118.31,81.75,1492.24,125.28,normal,1,1
2025-01-14,C,178,163.9,60.94,64.84,23.49,313.16,29.2,saver,0,0
2025-01-14,D,179,348.48,108.89,100.0,48.51,605.88,41.25,normal,0,0
2025-01-14,A,180,264.36,117.89,110.85,71.75,564.85,46.84,normal,0,0
2025-01-15,B,101,306.01,130.36,91.83,92.4,620.6,69.84,normal,0,0
2025-01-15,C,102,606.32,241.86,125.05,51.77,1024.99,89.56,heavy,0,0
2025-01-15,D,103,280.14,103.04,92.0,65.36,540.55,40.38,normal,0,0
2025-01-15,A,104,349.96,118.63,83.81,59.73,612.13,58.73,normal,0,0
2025-01-15,B,105,379.91,131.01,95.8,97.94,704.65,61.52,normal,0,0
2025-01-15,C,106,448.87,257.88,181.57,102.32,990.64,95.02,heavy,0,0
2025-01-15,D,107,351.08,146.47,115.45,63.75,676.75,54.03,normal,0,0
2025-01-15,A,108,416.63,166.94,141.15,68.29,793.02,53.64,heavy,0,0
2025-01-15,B,109,443.54,182.23,163.83,114.35,903.96,99.58,heavy,0,0
2025-01-15,C,110,295.17,108.89,99.91,56.76,560.74,61.61,normal,0,0
2025-01-15,D,111,344.32,106.92,81.07,53.05,585.35,44.25,normal,0,0
2025-01-15,A,112,217.46,111.8,76.84,73.49,479.59,45.49,normal,0,0
2025-01-15,B,113,316.78,132.86,108.96,86.6,645.21,65.39,normal,0,0
2025-01-15,C,114,289.75,152.05,92.97,99.95,634.72,61.68,heavy,0,0
2025-01-15,D,115,202.43,101.4,75.4,51.37,430.6,29.06,normal,0,0
2025-01-15,A,116,222.27,81.77,53.66,47.74,405.43,32.8,normal,0,0
2025-01-15,B,117,223.37,95.94,94.01,59.27,472.58,35.71,normal,0,0
2025-01-15,C,118,331.8,135.4,89.72,37.51,594.43,72.68,normal,0,0
2025-01-15,D,119,518.96,232.36,151.23,113.88,1016.43,75.13,heavy,0,0
2025-01-15,A,120,253.97,101.86,86.37,52.31,494.51,58.38,normal,0,0
2025-01-15,B,121,262.46,86.38,62.41,49.93,737.68,32.87,normal,0,1
2025-01-15,C,122,216.47,85.12,78.51,48.17,428.27,50.4,saver,0,0
2025-01-15,D,123,566.7,188.49,129.33,128.66,1617.1,97.89,heavy,0,1
2025-01-15,A,124,438.38,187.76,148.27,117.91,2110.73,135.35,heavy,1,0
2025-01-15,B,125,251.11,109.35,73.38,29.39,629.5,33.07,normal,0,1
2025-01-15,C,126,255.86,87.92,86.88,44.58,475.24,40.25,saver,0,0
2025-01-15,D,127,266.16,91.54,66.27,41.74,465.7,41.79,normal,0,0
2025-01-15,A,128,207.25,107.1,63.31,45.31,422.97,36.13,normal,0,0
2025-01-15,B,129,214.69,73.92,58.3,40.79,387.71,31.07,saver,0,0
2025-01-15,C,130,357.51,108.99,100.96,47.52,923.63,65.02,normal,0,1
2025-01-15,D,131,205.73,96.61,84.33,33.74,420.41,28.97,normal,0,0
2025-01-15,A,132,245.46,69.79,50.08,36.62,715.95,40.05,normal,0,1
2025-01-15,B,133,525.75,177.84,158.72,109.83,972.14,73.66,heavy,0,0
2025-01-15,C,134,316.74,146.13,113.45,49.61,625.93,52.15,normal,0,0
2025-01-15,D,135,126.91,60.59,40.73,26.56,254.79,17.12,saver,0,0
2025-01-15,A,136,332.96,121.98,125.36,60.4,640.7,54.43,normal,0,0
2025-01-15,B,137,223.33,82.31,70.03,37.74,413.41,32.91,normal,0,0
2025-01-15,C,138,288.37,142.35,68.6,46.18,545.5,41.2,normal,0,0
2025-01-15,D,139,317.65,137.33,135.83,51.94,642.75,48.98,normal,0,0
2025-01-15,A,140,291.5,92.6,101.98,27.58,513.67,57.73,normal,0,0
2025-01-15,B,141,181.04,60.33,52.69,26.56,320.61,34.51,saver,0,0
2025-01-15,C,142,140.71,69.28,39.39,36.47,285.85,33.02,saver,0,0
2025-01-15,D,143,590.53,264.31,110.91,83.93,1049.69,112.05,heavy,0,0
2025-01-15,A,144,373.72,222.72,113.09,120.53,830.07,90.63,heavy,0,0
2025-01-15,B,145,151.31,75.28,56.21,35.54,318.33,30.17,saver,0,0
2025-01-15,C,146,182.64,69.28,73.93,30.33,356.17,30.48,normal,0,0
2025-01-15,D,147,153.1,70.95,44.4,43.04,311.49,30.39,saver,0,0
2025-01-15,A,148,428.24,220.78,131.36,118.69,899.07,107.87,heavy,0,0
2025-01-15,B,149,246.85,117.16,61.02,79.08,1006.06,99.29,normal,1,0
2025-01-15,C,150,170.49,76.54,74.33,55.0,753.63,78.27,saver,1,0
2025-01-15,D,151,524.94,172.71,189.18,135.87,1022.7,88.44,heavy,0,0
2025-01-15,A,152,359.91,152.42,116.62,70.27,699.23,52.39,heavy,0,0
2025-01-15,B,153,553.48,196.74,155.68,52.95,958.84,104.65,heavy,0,0
2025-01-15,C,154,603.34,177.01,200.55,131.89,1112.8,92.41,heavy,0,0
2025-01-15,D,155,359.97,110.34,95.04,40.96,606.31,44.2,normal,0,0
2025-01-15,A,156,185.37,108.65,52.78,24.63,371.43,25.21,normal,0,0
2025-01-15,B,157,382.63,142.39,97.66,89.68,712.35,63.04,normal,0,0
2025-01-15,C,158,247.87,114.44,92.82,26.52,481.65,41.86,normal,0,0
2025-01-15,D,159,407.56,142.97,157.13,90.06,797.73,67.05,heavy,0,0
2025-01-15,A,160,202.38,96.38,49.77,29.33,377.85,30.18,normal,0,0
2025-01-15,B,161,380.45,201.01,108.76,79.21,1144.35,65.17,heavy,0,1
2025-01-15,C,162,360.39,139.55,117.43,38.5,655.86,65.64,normal,0,0
2025-01-15,D,163,219.02,95.35,60.3,41.98,416.65,41.17,saver,0,0
2025-01-15,A,164,199.14,82.71,70.88,45.79,398.52,32.5,saver,0,0
2025-01-15,B,165,218.47,70.14,77.87,55.99,422.48,49.49,normal,0,0
2025-01-15,C,166,414.63,207.81,141.16,42.9,806.5,70.95,heavy,0,0
2025-01-15,D,167,178.33,82.1,64.48,30.15,355.07,37.53,saver,0,0
2025-01-15,A,168,353.86,122.61,62.08,45.98,1409.75,112.43,normal,1,0
2025-01-15,B,169,231.59,130.23,61.04,66.25,489.1,51.14,normal,0,0
2025-01-15,C,170,188.58,83.18,79.83,50.62,402.21,37.37,saver,0,0
2025-01-15,D,171,120.8,58.36,46.58,19.52,245.26,22.85,saver,0,0
2025-01-15,A,172,318.42,190.31,149.76,64.95,723.45,55.95,heavy,0,0
2025-01-15,B,173,220.82,100.73,87.68,29.01,438.25,36.52,normal,0,0
2025-01-15,C,174,231.93,80.6,76.13,34.98,423.63,29.24,normal,0,0
2025-01-15,D,175,355.94,124.84,91.86,44.06,616.7,52.2,normal,0,0
2025-01-15,A,176,398.33,170.07,141.6,123.39,1362.77,85.25,heavy,0,1
2025-01-15,B,177,105.21,62.04,27.21,30.2,224.65,26.42,saver,0,0
2025-01-15,C,178,384.2,181.36,79.0,60.13,704.7,87.9,heavy,0,0
2025-01-15,D,179,416.74,195.79,140.6,52.29,805.41,54.5,heavy,0,0
2025-01-15,A,180,238.73,111.54,52.43,44.68,447.37,41.25,normal,0,0
2025-01-16,B,101,247.61,70.51,68.92,41.01,428.05,39.07,normal,0,0
2025-01-16,C,102,196.36,110.98,85.22,25.07,417.63,48.35,normal,0,0
2025-01-16,D,103,315.43,114.79,121.5,90.45,642.16,57.82,normal,0,0
2025-01-16,A,104,254.91,138.69,119.37,49.61,562.57,52.72,normal,0,0
2025-01-16,B,105,336.9,128.34,108.35,95.59,669.18,49.34,normal,0,0
2025-01-16,C,106,287.71,113.58,101.26,39.32,541.87,38.36,normal,0,0
2025-01-16,D,107,436.67,193.35,92.78,126.64,849.44,73.0,heavy,0,0
2025-01-16,A,108,199.91,92.45,75.01,40.02,407.39,30.68,saver,0,0
2025-01-16,B,109,221.28,63.76,72.34,56.09,413.47,38.31,normal,0,0
2025-01-16,C,110,414.11,184.9,146.48,66.62,812.1,72.97,heavy,0,0
2025-01-16,D,111,268.95,118.68,59.11,61.79,508.53,62.46,normal,0,0
2025-01-16,A,112,234.25,97.35,48.92,52.18,432.7,39.21,normal,0,0
2025-01-16,B,113,341.36,139.23,80.27,52.87,613.73,44.33,normal,0,0
2025-01-16,C,114,252.74,130.11,86.71,68.7,538.26,56.82,normal,0,0
2025-01-16,D,115,396.53,142.67,68.65,81.51,689.35,48.08,normal,0,0
2025-01-16,A,116,488.25,222.07,209.35,129.36,1049.03,79.41,heavy,0,0
2025-01-16,B,117,306.74,133.7,106.48,47.87,594.8,51.33,normal,0,0
2025-01-16,C,118,601.8,250.48,184.24,75.53,1112.05,136.05,heavy,0,0
2025-01-16,D,119,391.76,201.03,111.4,47.95,1085.32,89.89,heavy,0,1
2025-01-16,A,120,243.87,107.41,62.16,38.96,452.4,32.56,normal,0,0
2025-01-16,B,121,255.75,78.92,79.76,33.65,448.08,38.72,normal,0,0
2025-01-16,C,122,294.93,156.94,77.4,61.2,590.48,63.42,normal,0,0
2025-01-16,D,123,276.42,123.44,116.09,87.35,956.3,50.03,normal,0,1
2025-01-16,A,124,311.02,99.41,118.01,67.77,596.2,57.51,normal,0,0
2025-01-16,B,125,209.87,115.8,60.19,30.93,416.79,48.3,normal,0,0
2025-01-16,C,126,216.34,68.56,55.26,56.19,396.36,46.72,normal,0,0
2025-01-16,D,127,252.26,74.45,85.29,36.89,448.9,40.51,saver,0,0
2025-01-16,A,128,280.66,148.48,79.13,50.9,559.17,40.4,normal,0,0
2025-01-16,B,129,175.75,95.88,70.91,33.72,578.2,37.37,normal,0,1
2025-01-16,C,130,354.76,138.92,137.98,102.15,733.8,54.53,heavy,0,0
2025-01-16,D,131,266.13,113.31,48.64,56.85,484.93,59.62,normal,0,0
2025-01-16,A,132,236.03,63.55,76.29,26.64,402.51,28.33,normal,0,0
2025-01-16,B,133,230.86,111.83,93.25,75.8,511.75,36.67,normal,0,0
2025-01-16,C,134,518.3,214.79,100.52,59.47,893.08,63.62,heavy,0,0
2025-01-16,D,135,306.76,87.79,65.16,74.1,533.81,36.13,normal,0,0
2025-01-16,A,136,292.95,99.39,66.06,65.26,1376.18,93.88,normal,1,1
2025-01-16,B,137,364.27,151.21,101.57,117.97,735.02,56.73,heavy,0,0
2025-01-16,C,138,271.7,149.72,90.84,54.74,838.09,46.52,normal,0,1
2025-01-16,D,139,474.91,154.44,129.75,49.76,808.86,61.6,heavy,0,0
2025-01-16,A,140,141.27,68.58,40.93,38.58,289.36,23.85,saver,0,0
2025-01-16,B,141,173.39,78.39,43.88,24.49,476.33,29.34,normal,0,1
2025-01-16,C,142,471.43,235.3,130.71,98.41,935.85,72.75,heavy,0,0
2025-01-16,D,143,261.01,128.39,77.53,73.28,540.21,36.36,normal,0,0
2025-01-16,A,144,183.02,70.51,56.65,63.65,373.83,30.07,normal,0,0
2025-01-16,B,145,261.09,152.81,75.98,72.59,759.52,68.8,normal,0,1
2025-01-16,C,146,330.46,137.88,76.44,70.69,615.47,60.14,normal,0,0
2025-01-16,D,147,156.16,80.02,44.37,49.69,500.83,39.27,saver,0,1
2025-01-16,A,148,515.61,266.46,191.02,115.14,1088.23,123.58,heavy,0,0
2025-01-16,B,149,197.06,86.57,61.13,40.99,558.13,28.94,normal,0,1
2025-01-16,C,150,218.36,94.41,100.42,50.57,463.77,52.81,normal,0,0
2025-01-16,D,151,195.37,67.19,56.34,48.93,367.83,25.93,saver,0,0
2025-01-16,A,152,228.4,138.57,77.6,51.13,495.71,53.77,normal,0,0
2025-01-16,B,153,390.28,179.35,122.39,105.89,797.91,61.44,heavy,0,0
2025-01-16,C,154,245.41,70.38,45.34,25.64,386.78,28.69,normal,0,0
2025-01-16,D,155,254.15,106.17,86.6,67.57,514.49,58.13,normal,0,0
2025-01-16,A,156,248.02,98.44,113.22,64.73,524.4,40.39,normal,0,0
2025-01-16,B,157,560.16,257.81,198.92,67.95,1084.85,77.82,heavy,0,0
2025-01-16,C,158,150.21,59.12,49.31,40.15,298.79,32.07,saver,0,0
2025-01-16,D,159,253.78,108.63,108.31,39.62,510.34,40.73,normal,0,0
2025-01-16,A,160,427.78,130.24,115.89,106.01,779.92,67.41,heavy,0,0
2025-01-16,B,161,182.15,67.08,64.59,28.43,342.25,34.02,saver,0,0
2025-01-16,C,162,345.69,112.49,123.05,40.27,621.5,60.76,normal,0,0
2025-01-16,D,163,151.43,53.68,33.28,28.52,266.91,18.63,saver,0,0
2025-01-16,A,164,154.34,84.52,45.48,31.26,315.61,24.47,saver,0,0
2025-01-16,B,165,225.9,89.02,59.03,69.46,443.41,38.9,normal,0,0
2025-01-16,C,166,174.91,49.33,60.15,38.7,323.08,24.15,saver,0,0
2025-01-16,D,167,484.56,221.62,126.32,59.72,892.21,85.24,heavy,0,0
2025-01-16,A,168,490.06,205.9,200.77,129.87,1026.6,93.28,heavy,0,0
2025-01-16,B,169,290.57,149.05,126.31,71.39,637.32,46.98,normal,0,0
2025-01-16,C,170,266.19,71.12,46.38,62.43,846.21,57.57,normal,1,0
2025-01-16,D,171,333.49,113.06,76.61,48.48,875.71,49.63,normal,0,1
2025-01-16,A,172,177.92,82.55,73.52,28.54,362.54,36.25,normal,0,0
2025-01-16,B,173,210.94,103.88,81.38,25.25,421.45,47.23,normal,0,0
2025-01-16,C,174,236.78,104.09,53.17,37.57,431.61,46.03,normal,0,0
2025-01-16,D,175,264.99,125.68,66.26,59.49,516.42,38.61,normal,0,0
2025-01-16,A,176,402.8,162.04,110.44,54.23,729.5,55.2,heavy,0,0
2025-01-16,B,177,475.0,211.57,158.86,68.15,1397.17,64.55,heavy,0,1
2025-01-16,C,178,463.34,249.49,182.13,66.73,961.69,119.63,heavy,0,0
2025-01-16,D,179,242.37,114.79,104.39,64.44,526.0,36.15,normal,0,0
2025-01-16,A,180,233.36,102.03,51.7,49.54,436.63,44.82,normal,0,0
2025-01-17,B,101,222.73,84.33,55.86,33.81,576.46,41.0,normal,0,1
2025-01-17,C,102,248.41,108.34,70.11,46.3,473.16,31.91,normal,0,0
2025-01-17,D,103,291.03,105.4,72.49,57.88,733.02,38.38,normal,0,1
2025-01-17,A,104,385.72,109.6,116.95,104.65,716.92,53.26,normal,0,0
2025-01-17,B,105,474.38,127.89,136.7,43.7,1385.65,95.32,heavy,0,1
2025-01-17,C,106,259.45,116.7,90.89,41.78,828.54,38.27,normal,0,1
2025-01-17,D,107,212.72,112.07,54.95,36.07,415.81,42.85,normal,0,0
2025-01-17,A,108,482.85,188.3,140.05,110.34,921.54,74.09,heavy,0,0
2025-01-17,B,109,245.36,112.89,79.02,70.1,507.37,60.11,normal,0,0
2025-01-17,C,110,304.53,125.47,92.63,56.04,578.67,65.46,normal,0,0
2025-01-17,D,111,564.69,250.25,183.55,105.29,2320.14,172.78,heavy,1,0
2025-01-17,A,112,471.33,149.76,105.09,88.72,814.9,59.14,heavy,0,0
2025-01-17,B,113,257.76,133.76,61.17,59.06,910.59,57.94,normal,0,1
2025-01-17,C,114,242.19,109.82,53.31,31.51,436.83,38.0,normal,0,0
2025-01-17,D,115,206.39,93.41,68.18,46.87,414.86,35.5,normal,0,0
2025-01-17,A,116,149.01,53.01,38.32,13.7,254.03,17.54,saver,0,0
2025-01-17,B,117,130.8,49.57,32.17,32.76,245.31,25.29,saver,0,0
2025-01-17,C,118,285.17,147.23,62.36,32.36,527.11,46.81,normal,0,0
2025-01-17,D,119,198.13,76.3,71.93,41.33,557.82,29.98,normal,0,1
2025-01-17,A,120,299.68,127.05,95.7,43.71,566.13,57.14,normal,0,0
2025-01-17,B,121,138.15,55.32,63.08,46.0,302.54,29.36,saver,0,0
2025-01-17,C,122,255.92,93.97,85.77,52.8,488.45,34.53,normal,0,0
2025-01-17,D,123,572.28,253.46,146.62,143.28,1115.64,101.26,heavy,0,0
2025-01-17,A,124,356.73,128.72,78.69,80.92,645.06,73.72,heavy,0,0
2025-01-17,B,125,163.95,62.28,68.4,54.31,348.95,26.94,normal,0,0
2025-01-17,C,126,144.44,76.33,41.22,36.13,298.12,34.83,saver,0,0
2025-01-17,D,127,370.6,129.25,114.3,39.26,653.41,45.08,normal,0,0
2025-01-17,A,128,131.21,39.32,45.92,16.86,233.31,27.46,saver,0,0
2025-01-17,B,129,157.08,68.75,57.03,18.0,300.86,28.28,saver,0,0
2025-01-17,C,130,223.63,64.89,39.65,29.96,358.13,26.52,saver,0,0
2025-01-17,D,131,203.24,101.04,62.64,52.86,715.39,48.42,normal,0,1
2025-01-17,A,132,323.84,149.45,122.11,86.84,682.25,58.97,normal,0,0
2025-01-17,B,133,290.96,96.75,68.27,35.33,491.32,52.68,normal,0,0
2025-01-17,C,134,230.88,101.6,98.71,62.91,494.11,39.11,normal,0,0
2025-01-17,D,135,319.27,94.34,73.63,34.92,522.17,52.1,normal,0,0
2025-01-17,A,136,549.64,213.63,177.43,82.55,1023.25,77.62,heavy,0,0
2025-01-17,B,137,368.62,145.11,94.54,51.2,659.48,44.39,normal,0,0
2025-01-17,C,138,564.81,192.02,195.05,144.11,1095.98,81.71,heavy,0,0
2025-01-17,D,139,177.34,84.25,76.95,55.04,393.58,29.55,saver,0,0
2025-01-17,A,140,233.69,121.64,63.72,74.75,493.8,38.91,normal,0,0
2025-01-17,B,141,182.59,97.29,75.08,29.85,384.81,46.65,normal,0,0
2025-01-17,C,142,287.85,90.29,79.44,61.9,519.48,63.37,normal,0,0
2025-01-17,D,143,248.15,124.07,54.93,66.73,493.88,51.95,normal,0,0
2025-01-17,A,144,448.46,195.38,169.49,109.02,922.35,95.9,heavy,0,0
2025-01-17,B,145,186.92,67.87,42.19,21.97,318.95,30.57,saver,0,0
2025-01-17,C,146,321.52,122.46,68.23,48.0,560.21,39.36,normal,0,0
2025-01-17,D,147,394.13,144.18,122.72,37.68,698.71,48.71,normal,0,0
2025-01-17,A,148,220.03,92.8,85.95,31.49,430.27,42.81,normal,0,0
2025-01-17,B,149,421.13,196.05,148.27,107.86,873.31,60.08,heavy,0,0
2025-01-17,C,150,354.27,175.91,140.02,80.13,750.33,67.6,heavy,0,0
2025-01-17,D,151,181.38,68.76,52.26,43.06,345.45,25.6,normal,0,0
2025-01-17,A,152,346.59,112.82,74.76,41.09,575.25,56.08,normal,0,0
2025-01-17,B,153,580.23,183.55,199.4,60.34,1376.94,122.27,heavy,0,1
2025-01-17,C,154,168.67,85.73,40.87,51.68,346.94,27.64,normal,0,0
2025-01-17,D,155,357.18,124.84,107.4,71.11,1262.31,90.3,normal,1,0
2025-01-17,A,156,311.62,142.35,123.05,47.31,1032.38,43.15,heavy,0,1
2025-01-17,B,157,373.28,149.82,104.68,93.49,721.27,57.59,normal,0,0
2025-01-17,C,158,383.45,181.68,154.16,72.66,791.94,74.31,heavy,0,0
2025-01-17,D,159,392.7,139.64,150.35,78.79,761.48,62.45,heavy,0,0
2025-01-17,A,160,137.08,53.13,43.62,44.23,278.06,19.55,saver,0,0
2025-01-17,B,161,563.16,234.75,145.53,87.65,1031.09,80.62,heavy,0,0
2025-01-17,C,162,234.88,96.72,79.43,55.96,466.99,57.96,normal,0,0
2025-01-17,D,163,176.61,100.82,49.94,46.52,550.11,25.09,normal,0,1
2025-01-17,A,164,222.57,101.31,55.44,68.07,775.03,42.81,normal,0,1
2025-01-17,B,165,237.03,84.17,58.79,79.16,459.15,31.98,normal,0,0
2025-01-17,C,166,123.85,64.71,49.66,18.07,256.29,22.79,saver,0,0
2025-01-17,D,167,343.26,164.98,94.83,108.33,1226.99,65.0,heavy,0,1
2025-01-17,A,168,203.35,107.32,77.92,25.09,602.52,31.81,saver,0,1
2025-01-17,B,169,337.31,129.01,67.14,87.52,620.97,43.88,normal,0,0
2025-01-17,C,170,158.74,70.66,54.46,25.63,309.5,25.37,saver,0,0
2025-01-17,D,171,307.41,116.2,77.14,91.12,591.88,69.62,normal,0,0
2025-01-17,A,172,135.01,65.68,40.39,28.38,269.45,24.94,saver,0,0
2025-01-17,B,173,192.44,64.59,68.44,32.33,357.8,39.52,saver,0,0
2025-01-17,C,174,441.75,174.32,160.6,99.52,876.18,94.0,heavy,0,0
2025-01-17,D,175,302.63,119.85,126.48,51.37,600.33,60.91,normal,0,0
2025-01-17,A,176,178.88,86.18,75.79,22.51,363.37,33.22,normal,0,0
2025-01-17,B,177,285.63,91.29,58.29,36.82,472.03,41.85,normal,0,0
2025-01-17,C,178,297.65,114.03,94.77,49.59,556.04,45.71,normal,0,0
2025-01-17,D,179,425.31,171.36,101.58,65.26,763.51,59.79,heavy,0,0
2025-01-17,A,180,290.17,135.66,82.03,52.22,560.08,69.06,normal,0,0
2025-01-18,B,101,231.73,119.33,93.91,36.8,481.77,46.54,normal,0,0
2025-01-18,C,102,242.01,86.29,73.68,34.78,436.77,43.06,saver,0,0
2025-01-18,D,103,263.59,75.85,83.09,36.61,459.14,30.76,saver,0,0
2025-01-18,A,104,429.69,246.07,169.41,144.23,989.4,95.21,heavy,0,0
2025-01-18,B,105,252.26,133.37,74.94,43.61,504.18,40.1,normal,0,0
2025-01-18,C,106,284.4,131.68,58.82,77.86,552.76,43.67,normal,0,0
2025-01-18,D,107,401.11,167.79,126.46,104.77,800.12,70.16,normal,0,0
2025-01-18,A,108,489.91,195.14,171.76,99.15,955.96,71.07,heavy,0,0
2025-01-18,B,109,305.37,93.99,100.07,33.22,532.65,42.22,saver,0,0
2025-01-18,C,110,411.87,134.8,135.39,77.97,1275.55,87.28,normal,0,1
2025-01-18,D,111,566.14,234.7,164.8,125.39,1091.03,113.23,heavy,0,0
2025-01-18,A,112,287.68,103.44,82.83,56.44,530.4,53.35,normal,0,0
2025-01-18,B,113,271.31,112.52,103.78,68.48,556.1,61.35,normal,0,0
2025-01-18,C,114,589.33,271.81,184.19,160.54,1205.88,92.42,heavy,0,0
2025-01-18,D,115,529.7,219.74,226.35,127.1,1102.89,83.76,heavy,0,0
2025-01-18,A,116,306.41,118.46,130.41,55.51,877.34,46.97,normal,0,1
2025-01-18,B,117,239.7,82.8,59.85,59.32,441.68,30.63,normal,0,0
2025-01-18,C,118,441.29,181.55,148.98,77.83,849.66,87.31,normal,0,0
2025-01-18,D,119,237.2,89.54,89.02,61.02,476.78,46.52,saver,0,0
2025-01-18,A,120,481.78,181.71,144.81,54.74,863.03,60.85,normal,0,0
2025-01-18,B,121,289.29,120.33,118.55,71.78,599.95,45.24,normal,0,0
2025-01-18,C,122,429.98,129.08,99.75,51.02,709.83,66.15,normal,0,0
2025-01-18,D,123,364.6,109.91,125.73,45.61,645.84,47.56,normal,0,0
2025-01-18,A,124,340.66,111.32,133.93,89.37,675.28,80.44,normal,0,0
2025-01-18,B,125,344.45,130.53,128.47,105.2,708.66,80.11,heavy,0,0
2025-01-18,C,126,266.44,84.77,63.79,49.06,776.86,48.18,normal,0,1
2025-01-18,D,127,494.35,167.04,138.24,90.93,890.56,102.8,heavy,0,0
2025-01-18,A,128,305.52,109.26,116.45,93.98,625.22,58.91,normal,0,0
2025-01-18,B,129,414.78,184.32,129.32,70.07,798.49,53.87,normal,0,0
2025-01-18,C,130,313.41,139.17,80.54,41.6,574.71,61.21,normal,0,0
2025-01-18,D,131,368.44,105.16,71.39,62.36,607.35,47.3,normal,0,0
2025-01-18,A,132,510.87,269.2,229.71,107.33,1117.11,76.17,heavy,0,0
2025-01-18,B,133,619.42,251.44,222.24,161.19,1254.29,137.68,heavy,0,0
2025-01-18,C,134,399.04,182.52,113.2,48.45,743.22,92.7,normal,0,0
2025-01-18,D,135,166.92,73.08,41.95,27.36,562.38,34.83,saver,1,0
2025-01-18,A,136,488.93,250.03,167.52,124.3,1576.29,108.59,heavy,0,1
2025-01-18,B,137,279.69,93.97,82.58,44.35,500.58,34.28,normal,0,0
2025-01-18,C,138,355.16,108.17,89.54,55.8,608.67,50.89,normal,0,0
2025-01-18,D,139,600.39,204.88,142.06,103.6,1050.94,78.12,heavy,0,0
2025-01-18,A,140,327.03,163.12,92.89,116.22,1127.41,59.82,normal,0,1
2025-01-18,B,141,288.92,115.64,98.91,28.82,532.29,53.88,normal,0,0
2025-01-18,C,142,313.71,103.88,123.26,54.52,595.38,68.05,normal,0,0
2025-01-18,D,143,204.29,109.77,53.32,65.5,432.88,43.36,saver,0,0
2025-01-18,A,144,418.06,202.06,163.45,50.49,834.07,59.8,normal,0,0
2025-01-18,B,145,546.42,218.63,174.41,144.5,1083.96,111.29,heavy,0,0
2025-01-18,C,146,322.17,112.28,104.53,59.46,598.44,57.71,normal,0,0
2025-01-18,D,147,454.19,177.13,97.96,49.57,778.85,56.41,normal,0,0
2025-01-18,A,148,424.52,157.61,96.27,68.59,2327.08,96.42,normal,1,1
2025-01-18,B,149,302.52,93.49,90.81,61.0,743.28,37.02,normal,0,1
2025-01-18,C,150,240.01,118.44,58.45,44.05,460.96,31.9,saver,0,0
2025-01-18,D,151,541.58,138.49,134.63,48.24,862.95,60.09,normal,0,0
2025-01-18,A,152,488.3,214.66,123.89,49.25,1300.42,59.11,normal,0,1
2025-01-18,B,153,559.82,156.77,111.49,100.57,928.65,74.52,normal,0,0
2025-01-18,C,154,291.14,87.34,61.3,52.3,492.08,35.97,saver,0,0
2025-01-18,D,155,376.46,156.93,109.43,69.64,712.46,70.3,heavy,0,0
2025-01-18,A,156,337.07,120.92,95.65,64.49,618.12,41.68,normal,0,0
2025-01-18,B,157,223.22,108.16,66.18,62.23,955.98,64.45,saver,1,0
2025-01-18,C,158,265.03,98.6,59.94,33.62,792.36,66.59,normal,1,0
2025-01-18,D,159,334.96,164.6,82.29,72.76,654.6,44.67,normal,0,0
2025-01-18,A,160,439.51,157.73,173.12,128.95,899.3,89.23,heavy,0,0
2025-01-18,B,161,433.18,171.96,131.73,45.71,1037.75,58.9,normal,0,1
2025-01-18,C,162,442.0,149.8,125.08,106.7,1083.86,101.33,normal,0,1
2025-01-18,D,163,296.0,133.04,93.54,41.57,774.81,44.83,normal,0,1
2025-01-18,A,164,550.9,199.21,153.3,139.34,1042.75,80.69,heavy,0,0
2025-01-18,B,165,364.33,171.27,133.02,34.62,1013.3,49.53,normal,0,1
2025-01-18,C,166,342.51,153.52,101.16,76.36,673.56,50.52,normal,0,0
2025-01-18,D,167,294.17,137.85,107.07,53.46,592.54,47.41,normal,0,0
2025-01-18,A,168,392.94,131.44,118.25,58.34,700.97,58.75,heavy,0,0
2025-01-18,B,169,377.99,121.16,93.98,76.32,1129.25,94.47,normal,1,0
2025-01-18,C,170,185.67,86.3,62.62,66.76,401.35,36.43,saver,0,0
2025-01-18,D,171,378.6,165.79,100.18,56.14,700.71,75.33,normal,0,0
2025-01-18,A,172,366.07,167.47,100.04,94.33,727.91,50.79,normal,0,0
2025-01-18,B,173,561.74,271.24,181.53,161.02,1175.53,84.71,heavy,0,0
2025-01-18,C,174,211.34,99.47,67.31,56.39,434.5,44.55,saver,0,0
2025-01-18,D,175,544.31,292.4,259.76,99.06,2943.73,150.42,heavy,1,0
2025-01-18,A,176,237.36,98.24,82.83,31.51,449.94,45.41,normal,0,0
2025-01-18,B,177,283.82,114.45,51.29,70.93,520.49,58.47,saver,0,0
2025-01-18,C,178,424.3,202.08,83.95,101.81,812.15,55.2,normal,0,0
2025-01-18,D,179,340.23,145.17,95.57,38.4,619.38,43.28,normal,0,0
2025-01-18,A,180,365.85,175.73,134.4,64.69,740.66,73.77,normal,0,0
2025-01-19,B,101,366.16,166.46,95.22,92.37,720.2,70.66,normal,0,0
2025-01-19,C,102,573.74,234.01,169.0,156.53,1133.29,78.03,heavy,0,0
2025-01-19,D,103,258.32,92.7,83.11,36.3,470.42,42.53,normal,0,0
2025-01-19,A,104,315.8,123.03,105.7,50.14,594.67,47.34,normal,0,0
2025-01-19,B,105,606.97,203.17,184.85,143.78,1138.77,111.97,heavy,0,0
2025-01-19,C,106,582.95,257.69,189.21,109.44,1139.28,113.17,heavy,0,0
2025-01-19,D,107,516.99,193.27,91.97,110.38,2165.31,182.4,heavy,1,0
2025-01-19,A,108,236.36,139.33,96.08,71.97,543.74,67.81,normal,0,0
2025-01-19,B,109,232.17,86.78,69.46,62.02,450.43,30.46,normal,0,0
2025-01-19,C,110,225.02,107.89,73.62,74.26,480.79,34.01,normal,0,0
2025-01-19,D,111,561.83,300.79,132.83,85.19,1080.63,91.26,heavy,0,0
2025-01-19,A,112,285.42,104.06,83.15,63.42,536.05,40.08,normal,0,0
2025-01-19,B,113,130.48,52.54,61.4,30.72,922.98,60.46,saver,1,1
2025-01-19,C,114,641.11,305.35,153.67,94.79,1194.92,93.34,heavy,0,0
2025-01-19,D,115,231.3,118.97,64.57,61.83,476.68,34.08,saver,0,0
2025-01-19,A,116,478.43,269.07,193.69,156.99,1098.17,98.15,heavy,0,0
2025-01-19,B,117,296.89,158.47,110.93,73.72,640.0,63.72,normal,0,0
2025-01-19,C,118,449.64,176.04,129.41,113.64,868.74,90.07,normal,0,0
2025-01-19,D,119,327.43,101.15,72.34,78.57,579.48,52.67,normal,0,0
2025-01-19,A,120,256.58,104.23,77.74,45.03,483.59,42.11,normal,0,0
2025-01-19,B,121,666.51,230.49,236.86,73.04,1206.89,113.9,heavy,0,0
2025-01-19,C,122,622.12,241.42,195.88,168.07,1227.49,95.82,heavy,0,0
2025-01-19,D,123,245.89,69.62,69.77,43.54,428.83,29.58,saver,0,0
2025-01-19,A,124,370.54,136.69,107.12,39.18,653.53,46.28,normal,0,0
2025-01-19,B,125,160.2,60.33,48.88,25.16,294.56,27.73,saver,0,0
2025-01-19,C,126,252.13,148.81,102.0,85.11,1029.05,45.16,normal,0,1
2025-01-19,D,127,445.42,135.98,142.83,71.27,795.5,85.33,normal,0,0
2025-01-19,A,128,314.38,126.1,80.19,62.48,583.15,39.74,normal,0,0
2025-01-19,B,129,429.15,174.31,128.77,48.49,780.72,52.17,normal,0,0
2025-01-19,C,130,230.69,74.85,42.58,60.21,408.33,44.44,saver,0,0
2025-01-19,D,131,330.1,122.88,128.86,84.66,666.5,63.38,normal,0,0
2025-01-19,A,132,391.19,199.56,167.68,96.02,854.44,87.83,normal,0,0
2025-01-19,B,133,328.14,152.98,134.32,46.9,662.34,60.36,normal,0,0
2025-01-19,C,134,366.49,168.03,126.67,83.09,744.28,60.68,normal,0,0
2025-01-19,D,135,323.41,163.02,125.34,101.68,713.46,53.79,normal,0,0
2025-01-19,A,136,475.31,192.98,133.77,66.36,868.43,82.81,heavy,0,0
2025-01-19,B,137,477.58,148.29,132.27,87.0,845.13,71.03,heavy,0,0
2025-01-19,C,138,248.9,104.36,70.18,65.65,489.09,44.04,normal,0,0
2025-01-19,D,139,317.35,132.74,98.39,61.03,609.51,68.49,saver,0,0
2025-01-19,A,140,298.58,122.79,79.23,67.56,821.26,61.39,saver,0,1
2025-01-19,B,141,441.19,232.84,146.65,90.78,911.46,79.45,heavy,0,0
2025-01-19,C,142,406.8,168.13,112.46,73.11,760.49,86.71,normal,0,0
2025-01-19,D,143,195.12,116.72,63.92,39.56,415.32,43.28,saver,0,0
2025-01-19,A,144,188.6,86.02,46.75,27.55,868.97,45.4,saver,1,0
2025-01-19,B,145,343.29,117.42,80.93,42.67,584.31,53.25,normal,0,0
2025-01-19,C,146,405.03,164.17,83.46,62.42,715.08,47.83,normal,0,0
2025-01-19,D,147,264.46,101.99,70.13,63.19,499.78,48.54,normal,0,0
2025-01-19,A,148,410.19,114.61,96.05,54.61,675.45,48.16,normal,0,0
2025-01-19,B,149,518.94,157.52,111.21,68.43,856.1,82.58,heavy,0,0
2025-01-19,C,150,388.67,179.03,123.63,73.57,764.9,80.03,normal,0,0
2025-01-19,D,151,641.9,275.79,225.52,70.73,1213.95,98.75,heavy,0,0
2025-01-19,A,152,631.9,164.99,214.58,106.26,1117.74,82.26,heavy,0,0
2025-01-19,B,153,252.85,133.96,81.46,51.4,519.67,37.26,normal,0,0
2025-01-19,C,154,317.76,125.49,93.41,110.38,647.04,60.02,normal,0,0
2025-01-19,D,155,343.22,131.98,79.03,82.55,636.78,42.59,normal,0,0
2025-01-19,A,156,277.46,82.51,76.63,39.48,476.08,52.16,saver,0,0
2025-01-19,B,157,438.43,167.47,161.72,151.67,919.29,105.99,heavy,0,0
2025-01-19,C,158,262.21,98.52,70.62,43.87,475.22,33.48,normal,0,0
2025-01-19,D,159,424.4,189.17,162.88,105.65,882.09,70.11,heavy,0,0
2025-01-19,A,160,263.78,120.97,73.32,47.69,505.76,40.2,normal,0,0
2025-01-19,B,161,129.49,64.1,51.82,39.35,284.76,28.35,saver,0,0
2025-01-19,C,162,503.38,208.85,128.46,66.18,906.87,77.86,heavy,0,0
2025-01-19,D,163,443.82,127.62,140.98,89.22,801.64,85.4,normal,0,0
2025-01-19,A,164,373.93,109.16,70.33,53.74,607.17,45.92,normal,0,0
2025-01-19,B,165,176.14,65.05,42.24,43.36,691.58,61.26,saver,1,0
2025-01-19,C,166,644.78,202.1,225.92,99.37,1172.16,93.3,heavy,0,0
2025-01-19,D,167,218.36,94.08,66.04,55.4,957.69,49.46,saver,1,0
2025-01-19,A,168,438.05,211.84,183.2,100.61,933.69,83.95,heavy,0,0
2025-01-19,B,169,496.17,230.19,198.69,157.08,1082.13,79.99,heavy,0,0
2025-01-19,C,170,233.87,129.63,69.64,43.42,476.57,32.38,normal,0,0
2025-01-19,D,171,404.42,120.21,94.34,60.27,679.25,79.84,normal,0,0
2025-01-19,A,172,282.38,97.16,61.56,53.29,494.39,52.53,normal,0,0
2025-01-19,B,173,243.04,95.01,77.92,30.74,446.71,33.32,saver,0,0
2025-01-19,C,174,216.61,97.14,69.84,30.01,413.6,34.06,saver,0,0
2025-01-19,D,175,330.6,126.21,94.44,36.64,587.89,62.97,normal,0,0
2025-01-19,A,176,273.23,107.77,86.56,74.37,734.42,39.8,normal,0,1
2025-01-19,B,177,658.84,300.17,219.49,99.96,1278.46,91.77,heavy,0,0
2025-01-19,C,178,260.63,145.2,88.01,63.74,557.57,39.06,normal,0,0
2025-01-19,D,179,332.69,172.87,117.51,36.57,659.64,48.37,normal,0,0
2025-01-19,A,180,302.51,159.1,136.38,49.43,647.42,69.55,normal,0,0
2025-01-20,B,101,275.87,100.74,64.65,30.75,472.01,41.45,normal,0,0
2025-01-20,C,102,149.38,56.74,44.77,20.39,271.29,26.8,saver,0,0
2025-01-20,D,103,249.2,102.75,84.7,52.56,489.21,55.96,normal,0,0
2025-01-20,A,104,424.63,255.81,106.14,119.62,906.2,85.5,heavy,0,0
2025-01-20,B,105,450.95,157.38,136.99,115.18,860.5,73.88,heavy,0,0
2025-01-20,C,106,491.32,193.15,112.84,126.28,923.59,77.13,heavy,0,0
2025-01-20,D,107,238.97,99.09,50.25,69.82,458.12,40.69,normal,0,0
2025-01-20,A,108,198.29,103.13,83.74,63.09,448.26,36.6,normal,0,0
2025-01-20,B,109,278.31,127.26,110.62,48.54,564.73,38.64,normal,0,0
2025-01-20,C,110,252.45,69.63,76.12,59.9,458.1,31.54,normal,0,0
2025-01-20,D,111,298.94,105.54,87.07,91.04,582.58,55.86,normal,0,0
2025-01-20,A,112,354.69,129.6,71.63,66.78,622.7,45.47,normal,0,0
2025-01-20,B,113,270.22,102.42,72.82,68.86,514.33,38.48,normal,0,0
2025-01-20,C,114,347.67,146.05,130.53,41.33,665.59,45.28,heavy,0,0
2025-01-20,D,115,152.58,56.9,41.63,27.0,422.92,24.35,saver,0,1
2025-01-20,A,116,336.88,122.99,99.02,69.63,628.51,48.6,normal,0,0
2025-01-20,B,117,326.52,136.97,111.44,81.16,656.1,66.25,normal,0,0
2025-01-20,C,118,496.38,200.59,104.78,50.15,851.89,76.85,heavy,0,0
2025-01-20,D,119,375.19,125.23,99.54,94.45,694.41,68.77,normal,0,0
2025-01-20,A,120,252.51,143.6,92.14,72.89,561.13,58.59,normal,0,0
2025-01-20,B,121,250.72,108.81,77.38,36.55,473.46,45.06,normal,0,0
2025-01-20,C,122,253.97,80.9,57.02,67.13,459.02,56.02,normal,0,0
2025-01-20,D,123,393.24,224.19,168.89,70.8,857.12,64.08,heavy,0,0
2025-01-20,A,124,343.38,144.14,62.58,62.38,612.48,47.35,normal,0,0
2025-01-20,B,125,326.64,134.08,127.01,87.57,675.3,54.21,normal,0,0
2025-01-20,C,126,409.75,149.62,137.11,94.13,790.59,88.97,heavy,0,0
2025-01-20,D,127,294.44,128.83,71.8,70.28,565.35,40.25,normal,0,0
2025-01-20,A,128,265.28,93.94,91.39,63.38,513.99,38.08,normal,0,0
2025-01-20,B,129,281.74,101.98,69.28,87.57,540.57,36.26,normal,0,0
2025-01-20,C,130,363.06,140.13,113.01,82.46,698.65,80.82,normal,0,0
2025-01-20,D,131,325.99,101.52,69.39,88.52,811.71,47.77,normal,0,1
2025-01-20,A,132,362.26,161.02,116.39,89.92,729.59,56.36,normal,0,0
2025-01-20,B,133,117.77,64.21,40.87,27.89,250.73,26.95,saver,0,0
2025-01-20,C,134,394.44,162.86,126.47,79.81,763.57,72.29,normal,0,0
2025-01-20,D,135,412.56,232.05,113.54,63.29,1431.38,122.34,heavy,1,0
2025-01-20,A,136,140.02,50.94,25.83,13.57,230.35,18.75,saver,0,0
2025-01-20,B,137,229.72,75.89,70.97,49.64,596.15,32.44,normal,0,1
2025-01-20,C,138,141.08,42.23,36.45,33.51,253.26,19.56,saver,0,0
2025-01-20,D,139,238.99,99.91,68.86,57.66,465.42,56.07,normal,0,0
2025-01-20,A,140,309.54,131.73,68.93,73.77,999.97,52.09,normal,0,1
2025-01-20,B,141,158.47,63.96,31.34,26.08,279.86,18.91,saver,0,0
2025-01-20,C,142,266.48,118.76,85.3,35.76,1483.95,101.25,normal,1,1
2025-01-20,D,143,288.56,76.48,89.76,42.92,712.28,42.66,normal,0,1
2025-01-20,A,144,250.9,119.11,66.87,56.4,493.27,59.58,normal,0,0
2025-01-20,B,145,322.41,100.91,62.92,71.36,557.6,51.94,normal,0,0
2025-01-20,C,146,298.82,99.41,55.11,30.14,860.3,48.47,normal,0,1
2025-01-20,D,147,249.9,126.05,63.5,30.28,469.74,44.11,normal,0,0
2025-01-20,A,148,387.86,99.83,114.01,53.41,655.11,61.67,normal,0,0
2025-01-20,B,149,220.03,108.41,67.67,47.7,443.81,29.83,normal,0,0
2025-01-20,C,150,467.92,156.34,148.72,75.47,848.45,58.77,heavy,0,0
2025-01-20,D,151,316.1,121.23,99.73,71.92,608.97,50.89,normal,0,0
2025-01-20,A,152,269.86,126.17,79.79,47.88,523.71,44.15,normal,0,0
2025-01-20,B,153,349.24,133.02,85.28,43.49,611.04,58.56,normal,0,0
2025-01-20,C,154,338.56,129.1,78.75,54.78,601.19,66.77,normal,0,0
2025-01-20,D,155,334.07,103.81,98.43,61.84,831.66,44.45,normal,0,1
2025-01-20,A,156,292.17,107.36,99.08,70.59,569.19,44.68,normal,0,0
2025-01-20,B,157,215.16,78.84,64.07,66.94,425.01,52.34,normal,0,0
2025-01-20,C,158,356.77,136.55,115.85,60.4,669.57,48.21,normal,0,0
2025-01-20,D,159,222.79,129.26,70.77,58.62,481.44,37.74,normal,0,0
2025-01-20,A,160,333.75,91.01,97.38,47.95,570.09,61.01,normal,0,0
2025-01-20,B,161,236.75,124.57,69.24,39.27,469.83,35.42,normal,0,0
2025-01-20,C,162,341.68,112.44,115.32,68.34,637.79,46.36,normal,0,0
2025-01-20,D,163,257.63,131.71,94.6,29.05,512.99,62.85,normal,0,0
2025-01-20,A,164,298.98,98.1,82.31,34.15,513.54,43.63,normal,0,0
2025-01-20,B,165,321.06,173.42,88.27,82.24,664.99,77.6,heavy,0,0
2025-01-20,C,166,278.51,137.37,88.28,30.24,534.4,41.05,normal,0,0
2025-01-20,D,167,233.54,124.01,101.85,83.1,542.5,59.59,normal,0,0
2025-01-20,A,168,383.14,135.76,115.06,58.54,1047.08,98.02,heavy,1,0
2025-01-20,B,169,211.13,77.58,61.84,57.8,408.34,27.66,saver,0,0
2025-01-20,C,170,304.54,98.22,116.15,83.81,602.72,64.6,normal,0,0
2025-01-20,D,171,307.9,136.92,82.71,77.79,605.32,66.74,normal,0,0
2025-01-20,A,172,292.88,114.41,115.53,71.75,594.57,73.14,normal,0,0
2025-01-20,B,173,174.53,65.96,59.45,51.17,614.79,36.07,saver,0,1
2025-01-20,C,174,187.26,54.59,37.51,32.14,311.51,26.49,saver,0,0
2025-01-20,D,175,264.55,95.69,61.07,56.41,477.71,57.77,normal,0,0
2025-01-20,A,176,199.08,86.28,57.9,28.26,371.51,31.59,saver,0,0
2025-01-20,B,177,501.7,161.69,93.15,89.74,1472.34,60.4,heavy,0,1
2025-01-20,C,178,207.07,106.02,82.02,44.43,439.53,37.38,normal,0,0
2025-01-20,D,179,538.51,172.27,184.98,79.55,975.3,104.79,heavy,0,0
2025-01-20,A,180,200.45,87.3,60.01,27.95,375.71,45.46,saver,0,0
2025-01-21,B,101,277.34,122.13,92.33,45.46,537.25,44.29,normal,0,0
2025-01-21,C,102,277.31,129.02,100.81,71.83,578.97,42.06,normal,0,0
2025-01-21,D,103,288.79,126.48,79.72,55.95,550.93,40.29,normal,0,0
2025-01-21,A,104,277.83,106.04,74.15,65.73,523.75,41.37,normal,0,0
2025-01-21,B,105,347.77,116.34,124.1,68.26,656.47,60.81,normal,0,0
2025-01-21,C,106,428.12,148.16,121.79,52.51,750.57,68.73,heavy,0,0
2025-01-21,D,107,270.08,139.3,110.15,34.52,554.05,43.52,normal,0,0
2025-01-21,A,108,293.73,114.57,105.69,77.47,971.85,48.29,normal,0,1
2025-01-21,B,109,243.33,92.46,55.72,74.81,466.32,40.7,normal,0,0
2025-01-21,C,110,338.2,126.48,84.99,34.33,583.99,43.15,normal,0,0
2025-01-21,D,111,215.69,100.88,58.15,23.73,398.46,38.18,normal,0,0
2025-01-21,A,112,212.39,86.88,44.71,24.65,368.64,37.6,normal,0,0
2025-01-21,B,113,378.26,182.69,111.46,84.97,757.38,59.56,heavy,0,0
2025-01-21,C,114,245.35,72.42,59.66,34.78,412.22,42.28,normal,0,0
2025-01-21,D,115,152.89,51.39,63.55,41.64,309.47,22.31,saver,0,0
2025-01-21,A,116,395.59,164.72,115.56,92.71,768.59,53.25,normal,0,0
2025-01-21,B,117,229.53,108.87,94.22,51.91,484.53,34.35,normal,0,0
2025-01-21,C,118,348.38,158.23,108.92,111.8,727.33,59.37,heavy,0,0
2025-01-21,D,119,197.73,86.22,81.99,40.71,406.65,42.99,saver,0,0
2025-01-21,A,120,280.06,139.4,110.56,48.2,1083.76,104.46,normal,1,0
2025-01-21,B,121,536.13,191.21,146.94,90.76,965.04,81.49,heavy,0,0
2025-01-21,C,122,152.88,54.45,59.07,26.36,292.76,25.46,saver,0,0
2025-01-21,D,123,215.72,85.43,76.08,48.79,426.02,45.22,normal,0,0
2025-01-21,A,124,153.85,57.15,63.81,49.62,324.43,26.07,saver,0,0
2025-01-21,B,125,275.65,79.52,93.5,39.97,488.63,38.84,normal,0,0
2025-01-21,C,126,342.12,202.7,134.84,109.55,789.21,73.85,heavy,0,0
2025-01-21,D,127,302.55,144.11,66.29,45.24,558.19,43.52,normal,0,0
2025-01-21,A,128,527.08,228.79,165.35,59.32,980.54,74.29,heavy,0,0
2025-01-21,B,129,267.46,115.92,60.81,38.97,483.15,55.89,normal,0,0
2025-01-21,C,130,470.16,173.31,119.05,76.35,838.86,72.81,heavy,0,0
2025-01-21,D,131,270.97,82.87,72.09,30.98,456.91,42.5,normal,0,0
2025-01-21,A,132,244.47,111.97,90.27,63.58,510.28,48.33,normal,0,0
2025-01-21,B,133,242.65,87.83,75.93,56.95,463.36,56.6,normal,0,0
2025-01-21,C,134,239.03,73.34,64.86,26.69,403.93,35.67,normal,0,0
2025-01-21,D,135,353.05,91.72,73.97,80.69,599.43,47.22,normal,0,0
2025-01-21,A,136,166.52,82.35,65.83,28.27,342.97,34.6,normal,0,0
2025-01-21,B,137,246.27,89.72,85.21,65.84,487.03,46.23,saver,0,0
2025-01-21,C,138,215.13,109.94,81.09,70.23,476.38,36.7,normal,0,0
2025-01-21,D,139,181.54,69.56,61.26,25.76,338.12,27.77,saver,0,0
2025-01-21,A,140,533.97,174.05,159.41,75.45,942.88,91.24,heavy,0,0
2025-01-21,B,141,204.11,73.66,46.5,30.9,355.18,29.42,normal,0,0
2025-01-21,C,142,255.28,104.88,87.65,26.61,474.41,47.93,normal,0,0
2025-01-21,D,143,184.51,96.45,64.19,21.65,366.8,28.85,normal,0,0
2025-01-21,A,144,280.33,120.59,84.03,50.6,750.36,50.28,normal,0,1
2025-01-21,B,145,293.04,112.37,69.25,57.42,532.08,49.23,normal,0,0
2025-01-21,C,146,276.27,96.69,88.25,26.51,487.72,41.74,normal,0,0
2025-01-21,D,147,312.92,161.34,113.26,62.6,909.05,43.92,normal,0,1
2025-01-21,A,148,149.99,63.41,31.45,29.67,274.51,19.03,saver,0,0
2025-01-21,B,149,262.76,101.12,87.7,61.4,849.65,47.01,normal,0,1
2025-01-21,C,150,370.66,116.21,118.75,50.92,656.54,79.75,normal,0,0
2025-01-21,D,151,522.17,191.02,119.91,126.35,959.45,80.23,heavy,0,0
2025-01-21,A,152,410.34,177.77,107.99,56.79,752.89,61.13,heavy,0,0
2025-01-21,B,153,289.6,138.07,84.3,60.44,572.41,52.76,normal,0,0
2025-01-21,C,154,160.58,57.57,42.8,31.92,292.86,34.01,saver,0,0
2025-01-21,D,155,388.53,119.78,118.78,77.61,704.69,54.88,normal,0,0
2025-01-21,A,156,250.69,78.21,77.49,34.62,1048.16,56.07,saver,1,0
2025-01-21,B,157,333.49,91.71,116.61,70.13,611.94,66.98,normal,0,0
2025-01-21,C,158,351.94,177.88,124.99,101.08,755.88,57.16,heavy,0,0
2025-01-21,D,159,215.33,109.08,71.51,41.41,437.34,42.25,normal,0,0
2025-01-21,A,160,128.78,59.54,26.34,19.59,234.26,20.75,saver,0,0
2025-01-21,B,161,323.37,82.35,63.14,79.75,548.61,44.25,normal,0,0
2025-01-21,C,162,469.83,151.45,142.1,88.36,851.74,58.78,heavy,0,0
2025-01-21,D,163,121.77,45.1,52.53,14.55,233.95,16.67,saver,0,0
2025-01-21,A,164,211.74,98.04,54.79,57.23,421.79,33.72,normal,0,0
2025-01-21,B,165,181.76,98.66,54.61,21.2,356.23,25.62,saver,0,0
2025-01-21,C,166,270.83,131.64,63.11,72.8,814.97,53.63,normal,0,1
2025-01-21,D,167,275.76,98.4,60.22,30.54,464.92,40.45,normal,0,0
2025-01-21,A,168,319.86,104.4,77.09,47.39,548.74,41.46,normal,0,0
2025-01-21,B,169,171.22,75.2,42.47,36.65,325.54,36.53,normal,0,0
2025-01-21,C,170,395.03,177.51,114.1,81.02,767.67,90.5,heavy,0,0
2025-01-21,D,171,441.26,120.03,143.05,68.31,1351.66,73.18,heavy,0,1
2025-01-21,A,172,247.27,115.42,91.52,54.87,509.07,49.02,normal,0,0
2025-01-21,B,173,261.09,147.88,88.52,63.62,561.12,61.22,normal,0,0
2025-01-21,C,174,333.34,127.38,72.75,81.95,615.41,58.16,normal,0,0
2025-01-21,D,175,417.4,186.19,168.46,113.86,885.9,74.17,heavy,0,0
2025-01-21,A,176,360.28,115.2,86.72,73.28,635.48,55.64,normal,0,0
2025-01-21,B,177,316.33,134.51,107.69,33.54,592.07,56.91,normal,0,0
2025-01-21,C,178,217.15,85.24,81.62,40.93,424.94,51.92,normal,0,0
2025-01-21,D,179,126.87,63.93,57.71,26.46,274.98,21.94,saver,0,0
2025-01-21,A,180,374.52,186.12,154.74,100.04,815.41,72.44,heavy,0,0
2025-01-22,B,101,316.49,172.16,125.51,83.47,697.62,82.76,normal,0,0
2025-01-22,C,102,278.03,104.01,77.7,30.14,489.87,38.91,normal,0,0
2025-01-22,D,103,351.95,167.22,137.63,54.4,711.2,55.21,normal,0,0
2025-01-22,A,104,579.01,232.37,134.82,56.62,1002.82,73.41,heavy,0,0
2025-01-22,B,105,282.33,138.51,115.32,83.94,620.11,42.94,normal,0,0
2025-01-22,C,106,293.1,116.99,81.64,67.19,558.92,54.51,normal,0,0
2025-01-22,D,107,208.46,69.97,59.75,52.55,390.73,44.91,saver,0,0
2025-01-22,A,108,320.71,103.45,65.75,57.27,547.18,62.36,normal,0,0
2025-01-22,B,109,218.99,114.72,57.96,47.89,439.56,54.77,normal,0,0
2025-01-22,C,110,205.57,86.27,58.49,52.16,402.49,45.81,normal,0,0
2025-01-22,D,111,260.73,97.66,98.17,60.14,925.02,41.0,normal,0,1
2025-01-22,A,112,198.94,77.91,61.87,31.25,369.97,25.54,normal,0,0
2025-01-22,B,113,348.53,158.73,125.84,40.65,1104.26,61.26,normal,0,1
2025-01-22,C,114,278.98,132.06,72.15,56.01,539.2,37.72,normal,0,0
2025-01-22,D,115,263.35,103.45,81.56,31.14,479.52,53.26,normal,0,0
2025-01-22,A,116,356.28,137.82,84.4,119.1,697.6,51.11,heavy,0,0
2025-01-22,B,117,337.13,127.19,114.74,89.2,668.26,56.59,normal,0,0
2025-01-22,C,118,345.29,109.17,116.98,90.73,662.18,48.36,normal,0,0
2025-01-22,D,119,146.65,62.27,58.21,24.25,291.37,19.55,saver,0,0
2025-01-22,A,120,288.82,155.52,76.17,76.49,597.0,50.97,normal,0,0
2025-01-22,B,121,179.51,86.66,42.8,42.35,537.3,27.27,normal,0,1
2025-01-22,C,122,193.97,61.93,63.72,42.09,361.71,42.32,saver,0,0
2025-01-22,D,123,185.53,56.62,61.0,24.78,327.93,22.59,saver,0,0
2025-01-22,A,124,207.56,100.15,87.19,45.2,440.1,46.23,normal,0,0
2025-01-22,B,125,168.3,71.41,53.41,18.33,311.44,23.5,saver,0,0
2025-01-22,C,126,362.39,134.56,91.39,79.44,667.77,53.48,normal,0,0
2025-01-22,D,127,220.4,96.58,75.94,66.7,990.35,87.5,normal,1,0
2025-01-22,A,128,328.3,146.91,76.18,45.55,596.94,64.41,heavy,0,0
2025-01-22,B,129,227.93,124.25,57.32,66.62,476.11,33.12,normal,0,0
2025-01-22,C,130,323.1,110.47,61.09,61.92,556.58,42.39,normal,0,0
2025-01-22,D,131,249.53,131.57,85.63,43.42,510.14,35.07,normal,0,0
2025-01-22,A,132,403.82,114.39,78.67,69.68,666.56,67.09,heavy,0,0
2025-01-22,B,133,317.61,144.92,69.17,47.79,579.49,47.97,normal,0,0
2025-01-22,C,134,398.16,182.87,143.72,120.43,845.17,99.97,heavy,0,0
2025-01-22,D,135,225.02,69.21,55.64,34.86,384.73,32.26,saver,0,0
2025-01-22,A,136,514.12,179.66,173.77,143.22,1010.77,81.34,heavy,0,0
2025-01-22,B,137,452.43,213.7,116.17,76.0,858.29,103.18,heavy,0,0
2025-01-22,C,138,378.56,153.82,111.75,68.06,712.19,72.93,heavy,0,0
2025-01-22,D,139,295.02,91.44,89.68,35.07,511.2,34.31,normal,0,0
2025-01-22,A,140,283.91,122.96,95.03,42.68,544.58,52.97,normal,0,0
2025-01-22,B,141,239.01,68.55,41.5,23.56,372.62,38.96,normal,0,0
2025-01-22,C,142,238.61,96.5,77.96,47.85,460.91,51.61,normal,0,0
2025-01-22,D,143,387.63,141.77,86.7,60.95,677.06,53.05,normal,0,0
2025-01-22,A,144,322.76,144.77,101.48,43.78,612.78,73.05,normal,0,0
2025-01-22,B,145,263.38,101.28,80.36,27.15,472.18,34.08,normal,0,0
2025-01-22,C,146,240.96,97.5,47.74,36.37,422.57,38.78,normal,0,0
2025-01-22,D,147,271.57,165.52,69.68,52.42,559.19,48.81,normal,0,0
2025-01-22,A,148,228.08,80.45,60.23,66.26,435.03,39.36,normal,0,0
2025-01-22,B,149,303.69,112.41,70.38,98.63,585.12,40.5,normal,0,0
2025-01-22,C,150,306.37,82.38,63.01,30.2,481.95,32.43,normal,0,0
2025-01-22,D,151,219.04,95.79,87.17,37.7,439.71,43.21,normal,0,0
2025-01-22,A,152,324.46,111.24,94.05,74.97,604.71,53.66,normal,0,0
2025-01-22,B,153,326.12,120.6,135.59,86.28,668.59,55.85,normal,0,0
2025-01-22,C,154,553.02,172.64,165.89,145.11,1036.65,70.87,heavy,0,0
2025-01-22,D,155,355.76,155.84,65.09,32.42,859.48,53.88,normal,0,1
2025-01-22,A,156,319.8,119.19,66.23,52.95,1616.77,92.11,normal,1,1
2025-01-22,B,157,175.22,79.19,65.36,21.12,340.9,27.12,saver,0,0
2025-01-22,C,158,293.9,100.15,61.84,69.77,525.66,48.12,normal,0,0
2025-01-22,D,159,347.87,127.23,74.68,93.91,643.69,78.04,normal,0,0
2025-01-22,A,160,446.69,214.55,183.15,130.54,974.93,83.47,heavy,0,0
2025-01-22,B,161,381.19,157.74,187.23,81.1,807.26,58.74,heavy,0,0
2025-01-22,C,162,175.36,93.45,45.86,30.03,344.7,39.85,saver,0,0
2025-01-22,D,163,257.07,106.2,52.57,34.19,450.04,52.73,normal,0,0
2025-01-22,A,164,175.38,97.79,81.31,32.27,386.74,42.95,normal,0,0
2025-01-22,B,165,492.31,226.08,182.37,96.35,1988.01,119.4,heavy,1,0
2025-01-22,C,166,150.53,47.36,46.0,19.58,263.48,20.84,saver,0,0
2025-01-22,D,167,323.78,142.35,92.24,62.84,621.22,41.45,heavy,0,0
2025-01-22,A,168,155.68,82.76,60.82,17.27,316.53,22.07,saver,0,0
2025-01-22,B,169,300.9,152.22,91.09,78.77,622.99,42.93,normal,0,0
2025-01-22,C,170,339.44,149.43,135.74,42.75,667.37,59.78,normal,0,0
2025-01-22,D,171,164.25,90.46,76.15,25.33,975.29,48.3,saver,1,1
2025-01-22,A,172,185.06,86.97,80.01,47.43,399.47,31.88,normal,0,0
2025-01-22,B,173,304.96,106.32,106.94,50.55,568.78,45.33,normal,0,0
2025-01-22,C,174,245.66,90.56,74.35,59.17,469.74,31.51,saver,0,0
2025-01-22,D,175,255.25,92.76,59.44,61.67,469.13,46.06,normal,0,0
2025-01-22,A,176,301.88,131.65,147.65,87.31,668.5,46.73,heavy,0,0
2025-01-22,B,177,300.84,92.68,58.75,55.48,507.76,54.98,normal,0,0
2025-01-22,C,178,261.16,70.47,65.9,40.83,438.36,42.63,normal,0,0
2025-01-22,D,179,562.38,220.64,164.09,70.81,1446.64,92.3,heavy,0,1
2025-01-22,A,180,226.94,66.41,41.73,49.02,384.1,38.56,normal,0,0
2025-01-23,B,101,338.91,154.4,103.72,76.31,673.34,66.54,normal,0,0
2025-01-23,C,102,221.29,90.69,43.3,34.72,390.0,35.84,normal,0,0
2025-01-23,D,103,259.85,117.69,85.08,80.55,543.17,53.24,normal,0,0
2025-01-23,A,104,354.75,185.09,158.62,87.61,786.06,61.54,heavy,0,0
2025-01-23,B,105,424.59,128.27,126.15,42.19,721.2,61.83,heavy,0,0
2025-01-23,C,106,452.23,186.96,118.57,55.15,1725.45,98.49,heavy,1,0
2025-01-23,D,107,286.93,119.59,64.19,42.11,512.81,53.12,normal,0,0
2025-01-23,A,108,474.39,165.76,87.82,58.18,786.14,55.45,heavy,0,0
2025-01-23,B,109,489.32,215.64,193.94,54.32,953.21,98.21,heavy,0,0
2025-01-23,C,110,233.21,108.91,97.96,73.36,727.68,34.9,normal,0,1
2025-01-23,D,111,275.24,77.52,65.88,53.85,472.49,32.62,normal,0,0
2025-01-23,A,112,218.54,95.0,64.33,23.32,401.19,30.57,normal,0,0
2025-01-23,B,113,196.4,68.26,63.93,52.57,381.16,33.01,normal,0,0
2025-01-23,C,114,229.26,116.05,75.16,74.83,495.3,47.04,normal,0,0
2025-01-23,D,115,262.23,83.56,83.31,39.77,468.87,50.65,normal,0,0
2025-01-23,A,116,302.05,99.11,75.0,40.85,691.04,45.46,normal,0,1
2025-01-23,B,117,231.14,102.35,71.14,34.13,438.76,41.88,normal,0,0
2025-01-23,C,118,287.12,96.42,65.12,85.0,533.67,53.52,normal,0,0
2025-01-23,D,119,320.39,110.61,83.3,79.04,593.34,41.58,normal,0,0
2025-01-23,A,120,188.06,76.31,56.53,48.42,369.31,34.8,normal,0,0
2025-01-23,B,121,155.53,52.58,47.59,21.6,277.3,28.54,saver,0,0
2025-01-23,C,122,546.77,204.5,168.0,83.2,1002.47,77.07,heavy,0,0
2025-01-23,D,123,310.16,138.0,69.42,46.1,563.69,66.34,normal,0,0
2025-01-23,A,124,326.09,129.13,103.09,78.07,636.39,58.6,normal,0,0
2025-01-23,B,125,271.31,82.64,95.83,57.07,506.85,51.21,normal,0,0
2025-01-23,C,126,459.53,232.7,129.67,60.2,882.1,77.58,heavy,0,0
2025-01-23,D,127,204.99,67.58,75.51,28.55,376.64,46.41,normal,0,0
2025-01-23,A,128,181.73,87.7,39.81,35.69,536.42,32.31,saver,0,1
2025-01-23,B,129,154.35,78.77,72.61,30.16,722.33,51.13,saver,1,0
2025-01-23,C,130,250.0,120.22,87.53,50.35,508.1,52.53,normal,0,0
2025-01-23,D,131,288.98,117.49,68.73,54.96,530.16,47.27,normal,0,0
2025-01-23,A,132,273.6,81.06,59.24,64.74,478.64,34.56,normal,0,0
2025-01-23,B,133,379.4,181.41,142.74,102.84,806.39,92.84,heavy,0,0
2025-01-23,C,134,501.44,201.0,130.24,104.87,937.55,68.45,heavy,0,0
2025-01-23,D,135,572.19,217.6,214.92,59.84,1064.55,93.08,heavy,0,0
2025-01-23,A,136,290.01,83.77,74.63,26.74,475.15,41.04,normal,0,0
2025-01-23,B,137,253.48,121.35,96.38,51.71,940.63,70.92,normal,1,0
2025-01-23,C,138,170.16,63.38,49.88,46.89,330.31,36.08,saver,0,0
2025-01-23,D,139,393.6,171.06,101.43,99.53,765.61,83.76,heavy,0,0
2025-01-23,A,140,298.72,125.61,83.66,51.71,924.92,45.67,normal,0,1
2025-01-23,B,141,172.57,71.95,52.03,38.61,335.17,35.27,normal,0,0
2025-01-23,C,142,303.29,110.96,91.71,44.0,549.95,65.99,normal,0,0
2025-01-23,D,143,340.95,137.38,79.3,80.87,638.51,65.21,normal,0,0
2025-01-23,A,144,346.86,155.44,109.04,53.7,665.04,73.74,normal,0,0
2025-01-23,B,145,385.42,113.51,125.23,93.99,718.15,55.21,normal,0,0
2025-01-23,C,146,272.66,112.08,62.22,29.34,476.29,46.33,normal,0,0
2025-01-23,D,147,322.03,130.79,72.32,73.32,598.46,53.59,normal,0,0
2025-01-23,A,148,595.04,222.26,127.49,68.21,1013.0,81.74,heavy,0,0
2025-01-23,B,149,293.0,158.45,110.88,70.65,632.98,57.74,normal,0,0
2025-01-23,C,150,340.23,126.47,61.81,51.01,579.52,49.87,normal,0,0
2025-01-23,D,151,322.11,101.63,77.18,52.57,553.49,59.08,normal,0,0
2025-01-23,A,152,130.2,73.6,33.04,20.31,257.14,21.36,saver,0,0
2025-01-23,B,153,201.7,76.67,67.39,32.06,666.31,32.99,saver,0,1
2025-01-23,C,154,236.2,99.78,67.55,44.93,448.47,36.33,normal,0,0
2025-01-23,D,155,428.45,198.91,130.23,75.89,833.48,64.73,heavy,0,0
2025-01-23,A,156,232.31,121.18,63.88,68.8,825.21,68.32,normal,1,0
2025-01-23,B,157,376.19,222.99,176.24,122.67,898.09,92.22,heavy,0,0
2025-01-23,C,158,304.12,167.64,78.04,83.13,632.93,55.78,normal,0,0
2025-01-23,D,159,271.95,83.2,74.08,35.92,465.15,34.93,normal,0,0
2025-01-23,A,160,185.71,109.69,87.86,27.98,616.93,47.12,saver,0,1
2025-01-23,B,161,225.6,108.72,81.29,59.21,474.82,45.05,normal,0,0
2025-01-23,C,162,167.45,49.15,45.21,18.56,280.37,22.99,saver,0,0
2025-01-23,D,163,262.72,113.74,94.51,66.77,1042.71,74.91,normal,1,0
2025-01-23,A,164,295.09,136.65,102.96,59.67,594.38,47.43,normal,0,0
2025-01-23,B,165,274.48,92.53,60.85,54.9,482.76,56.44,normal,0,0
2025-01-23,C,166,308.81,94.61,100.83,67.62,571.87,40.56,normal,0,0
2025-01-23,D,167,181.72,105.05,85.02,60.23,432.02,31.37,normal,0,0
2025-01-23,A,168,306.21,170.51,109.41,103.57,689.69,68.75,heavy,0,0
2025-01-23,B,169,548.48,200.38,94.75,121.55,965.17,96.59,heavy,0,0
2025-01-23,C,170,268.47,133.88,84.69,68.27,555.32,66.76,normal,0,0
2025-01-23,D,171,204.42,119.3,77.11,56.85,457.68,52.97,normal,0,0
2025-01-23,A,172,322.08,121.99,84.83,67.73,596.62,60.19,normal,0,0
2025-01-23,B,173,142.73,67.56,48.73,16.25,275.27,19.93,saver,0,0
2025-01-23,C,174,285.32,114.82,62.48,31.93,494.55,44.38,normal,0,0
2025-01-23,D,175,252.06,69.21,79.75,46.91,447.92,54.47,saver,0,0
2025-01-23,A,176,196.35,113.15,83.7,33.04,426.24,34.53,normal,0,0
2025-01-23,B,177,269.34,117.51,106.27,39.52,532.65,58.02,normal,0,0
2025-01-23,C,178,236.08,92.88,59.37,47.09,662.54,35.19,normal,0,1
2025-01-23,D,179,187.42,104.77,85.72,25.58,1142.89,70.39,saver,1,1
2025-01-23,A,180,315.03,134.66,68.53,63.33,581.56,45.13,normal,0,0
2025-01-24,B,101,342.98,109.49,102.98,69.2,624.64,42.23,normal,0,0
2025-01-24,C,102,186.86,106.52,68.46,38.78,400.62,39.15,normal,0,0
2025-01-24,D,103,246.87,77.71,43.63,34.5,537.7,40.39,normal,0,1
2025-01-24,A,104,208.52,81.48,94.68,59.06,443.74,30.18,normal,0,0
2025-01-24,B,105,373.92,166.76,101.16,97.29,739.14,52.57,normal,0,0
2025-01-24,C,106,169.49,57.96,33.01,44.49,304.94,26.33,saver,0,0
2025-01-24,D,107,218.23,90.03,51.8,32.15,392.21,34.76,normal,0,0
2025-01-24,A,108,325.11,125.36,76.84,58.95,586.26,52.75,normal,0,0
2025-01-24,B,109,342.28,149.25,126.56,76.79,694.88,65.17,normal,0,0
2025-01-24,C,110,221.82,89.25,82.5,44.23,437.8,48.86,normal,0,0
2025-01-24,D,111,252.4,155.38,97.19,33.4,538.37,44.38,normal,0,0
2025-01-24,A,112,222.37,88.8,84.97,54.15,450.28,32.28,saver,0,0
2025-01-24,B,113,574.16,225.34,136.9,133.71,1070.11,90.85,heavy,0,0
2025-01-24,C,114,293.16,167.59,109.33,89.24,659.33,48.62,normal,0,0
2025-01-24,D,115,148.99,48.49,32.51,26.0,255.99,18.81,saver,0,0
2025-01-24,A,116,278.5,159.47,126.51,77.48,641.96,61.33,normal,0,0
2025-01-24,B,117,497.5,212.14,159.06,103.01,971.71,88.43,heavy,0,0
2025-01-24,C,118,217.87,89.79,50.59,31.31,539.11,29.39,normal,0,1
2025-01-24,D,119,459.54,195.23,150.88,139.98,945.63,70.62,heavy,0,0
2025-01-24,A,120,370.79,129.57,106.69,81.73,1100.83,52.79,normal,0,1
2025-01-24,B,121,444.06,185.46,134.99,54.86,1697.0,164.13,heavy,1,0
2025-01-24,C,122,368.77,184.19,127.59,94.56,775.12,77.04,heavy,0,0
2025-01-24,D,123,292.68,92.06,65.31,59.59,509.63,48.55,normal,0,0
2025-01-24,A,124,278.28,110.62,96.95,76.21,562.06,45.39,normal,0,0
2025-01-24,B,125,237.78,88.27,58.74,32.5,542.66,43.97,normal,0,1
2025-01-24,C,126,224.97,98.25,71.01,33.85,428.08,39.51,normal,0,0
2025-01-24,D,127,186.34,80.73,51.49,32.0,350.56,40.35,saver,0,0
2025-01-24,A,128,260.19,86.15,73.14,33.8,453.28,55.85,normal,0,0
2025-01-24,B,129,246.14,90.9,58.25,22.82,418.11,35.55,normal,0,0
2025-01-24,C,130,182.35,81.58,54.16,20.98,339.07,28.07,saver,0,0
2025-01-24,D,131,517.24,166.61,136.35,123.91,944.11,64.34,heavy,0,0
2025-01-24,A,132,205.94,96.1,53.82,51.42,407.29,35.6,normal,0,0
2025-01-24,B,133,192.88,82.88,71.56,28.83,376.16,39.49,normal,0,0
2025-01-24,C,134,257.0,88.11,88.67,31.63,465.41,46.33,normal,0,0
2025-01-24,D,135,287.35,101.77,68.53,37.61,495.26,45.6,normal,0,0
2025-01-24,A,136,383.26,134.94,77.36,53.44,649.01,66.1,normal,0,0
2025-01-24,B,137,359.96,135.52,95.78,86.71,677.96,69.86,normal,0,0
2025-01-24,C,138,423.24,240.56,117.23,90.19,871.22,76.83,heavy,0,0
2025-01-24,D,139,182.9,74.12,79.73,22.25,359.01,35.98,normal,0,0
2025-01-24,A,140,340.78,145.96,108.97,76.59,672.3,74.47,heavy,0,0
2025-01-24,B,141,306.29,89.64,88.14,76.43,560.51,47.3,normal,0,0
2025-01-24,C,142,235.24,99.26,92.25,38.53,465.28,47.24,normal,0,0
2025-01-24,D,143,286.15,111.4,89.12,37.57,524.25,40.92,normal,0,0
2025-01-24,A,144,329.77,101.08,111.49,76.41,618.76,49.14,normal,0,0
2025-01-24,B,145,277.16,116.81,54.96,65.56,514.48,45.12,normal,0,0
2025-01-24,C,146,338.16,154.56,102.37,44.48,639.56,67.85,normal,0,0
2025-01-24,D,147,562.22,196.18,119.05,62.99,940.44,90.88,heavy,0,0
2025-01-24,A,148,308.12,113.97,109.15,69.14,600.39,52.98,normal,0,0
2025-01-24,B,149,624.66,247.78,152.77,160.78,1185.99,111.29,heavy,0,0
2025-01-24,C,150,206.5,58.72,66.13,47.8,379.15,29.85,saver,0,0
2025-01-24,D,151,222.22,86.2,58.6,37.73,404.75,34.05,normal,0,0
2025-01-24,A,152,276.53,126.1,66.88,33.25,502.76,35.65,normal,0,0
2025-01-24,B,153,220.9,64.07,71.69,42.71,569.97,40.13,normal,0,1
2025-01-24,C,154,414.38,154.14,153.76,82.26,804.54,62.58,heavy,0,0
2025-01-24,D,155,267.52,105.16,69.8,44.22,486.69,57.2,normal,0,0
2025-01-24,A,156,271.26,118.61,113.88,52.14,555.89,65.75,normal,0,0
2025-01-24,B,157,195.16,92.73,75.97,43.51,760.62,94.62,normal,1,0
2025-01-24,C,158,256.22,83.09,61.09,41.21,441.61,36.4,normal,0,0
2025-01-24,D,159,592.93,181.03,205.09,88.01,1067.05,95.46,heavy,0,0
2025-01-24,A,160,125.56,49.34,30.24,15.34,220.48,20.68,saver,0,0
2025-01-24,B,161,487.11,144.47,105.74,117.92,855.24,100.18,heavy,0,0
2025-01-24,C,162,219.8,70.4,48.83,62.12,401.15,32.32,normal,0,0
2025-01-24,D,163,468.73,149.82,109.32,85.76,813.64,63.08,heavy,0,0
2025-01-24,A,164,518.63,225.56,193.25,140.47,1077.91,93.24,heavy,0,0
2025-01-24,B,165,338.34,122.04,95.55,76.42,632.35,43.12,normal,0,0
2025-01-24,C,166,481.16,234.14,136.69,113.99,965.98,71.3,heavy,0,0
2025-01-24,D,167,251.55,95.36,64.96,44.68,456.56,56.43,normal,0,0
2025-01-24,A,168,635.26,229.72,173.51,113.04,1151.53,133.6,heavy,0,0
2025-01-24,B,169,390.87,160.12,135.29,104.59,790.87,65.53,heavy,0,0
2025-01-24,C,170,396.98,151.23,167.04,96.61,811.87,76.72,heavy,0,0
2025-01-24,D,171,195.13,109.67,87.82,61.88,454.49,46.59,normal,0,0
2025-01-24,A,172,233.96,72.69,48.22,57.82,412.69,30.71,normal,0,0
2025-01-24,B,173,232.28,72.77,72.47,39.82,417.34,28.0,normal,0,0
2025-01-24,C,174,319.35,97.16,102.95,85.15,604.6,62.6,normal,0,0
2025-01-24,D,175,404.75,190.05,154.4,76.37,825.58,73.21,heavy,0,0
2025-01-24,A,176,430.33,194.53,159.39,82.43,866.68,74.9,heavy,0,0
2025-01-24,B,177,267.27,124.73,68.67,54.92,890.57,49.5,normal,0,1
2025-01-24,C,178,210.44,81.66,94.41,40.9,427.4,32.73,normal,0,0
2025-01-24,D,179,280.35,164.49,73.51,96.17,1103.18,53.74,normal,0,1
2025-01-24,A,180,441.09,178.57,133.27,94.12,847.04,104.17,heavy,0,0
2025-01-25,B,101,301.29,137.89,70.66,57.34,567.18,38.52,normal,0,0
2025-01-25,C,102,498.19,185.67,127.46,57.64,868.97,98.05,normal,0,0
2025-01-25,D,103,333.13,121.56,82.61,36.79,574.08,49.45,saver,0,0
2025-01-25,A,104,258.9,71.71,88.96,28.43,448.0,49.87,saver,0,0
2025-01-25,B,105,290.88,113.4,77.16,68.84,550.27,38.47,normal,0,0
2025-01-25,C,106,615.35,287.83,200.9,82.73,1186.8,130.26,heavy,0,0
2025-01-25,D,107,669.13,299.73,199.58,114.64,1283.08,126.72,heavy,0,0
2025-01-25,A,108,836.79,316.31,244.9,109.39,3551.62,211.11,heavy,1,0
2025-01-25,B,109,422.59,121.57,141.83,99.74,785.74,56.89,normal,0,0
2025-01-25,C,110,648.52,222.67,212.73,141.54,1225.46,88.79,heavy,0,0
2025-01-25,D,111,184.21,84.89,54.65,42.02,578.63,28.87,saver,0,1
2025-01-25,A,112,462.36,153.07,112.24,122.84,850.51,75.47,heavy,0,0
2025-01-25,B,113,162.99,76.19,39.55,33.19,311.92,33.79,saver,0,0
2025-01-25,C,114,332.33,166.07,96.65,57.73,652.77,46.12,normal,0,0
2025-01-25,D,115,227.68,109.45,92.69,73.83,503.65,51.02,normal,0,0
2025-01-25,A,116,378.11,119.65,81.95,59.78,639.5,50.86,normal,0,0
2025-01-25,B,117,284.29,99.62,90.97,42.04,516.92,54.75,normal,0,0
2025-01-25,C,118,358.17,138.31,143.62,100.46,740.57,52.35,normal,0,0
2025-01-25,D,119,309.71,184.97,114.95,88.94,966.28,64.4,normal,0,1
2025-01-25,A,120,395.74,175.31,115.75,83.71,770.51,70.99,normal,0,0
2025-01-25,B,121,347.29,132.14,78.67,48.45,606.54,53.03,normal,0,0
2025-01-25,C,122,612.53,240.37,192.74,204.53,1250.17,93.1,heavy,0,0
2025-01-25,D,123,620.68,194.83,198.53,71.5,1085.54,76.96,heavy,0,0
2025-01-25,A,124,493.41,135.95,114.43,76.84,1925.32,89.08,normal,1,1
2025-01-25,B,125,274.28,116.01,112.19,47.72,869.53,38.82,normal,0,1
2025-01-25,C,126,468.01,217.55,107.49,100.22,893.27,99.95,heavy,0,0
2025-01-25,D,127,455.73,168.65,168.51,118.29,911.18,72.83,normal,0,0
2025-01-25,A,128,467.87,198.53,171.45,54.66,892.51,60.48,normal,0,0
2025-01-25,B,129,721.59,238.75,253.8,75.51,1289.65,87.56,heavy,0,0
2025-01-25,C,130,315.36,100.78,80.6,92.83,589.57,67.19,normal,0,0
2025-01-25,D,131,321.79,107.63,97.56,43.28,570.26,51.51,normal,0,0
2025-01-25,A,132,249.2,82.57,58.46,25.2,415.42,40.55,normal,0,0
2025-01-25,B,133,352.28,154.17,112.24,87.23,705.93,53.97,normal,0,0
2025-01-25,C,134,405.23,192.91,105.82,116.37,820.33,78.15,heavy,0,0
2025-01-25,D,135,373.99,148.73,80.01,91.14,693.87,59.4,normal,0,0
2025-01-25,A,136,430.72,159.56,137.42,69.41,797.1,59.48,normal,0,0
2025-01-25,B,137,369.8,160.67,79.54,75.46,685.47,48.9,normal,0,0
2025-01-25,C,138,326.35,137.63,105.74,32.28,602.0,58.26,normal,0,0
2025-01-25,D,139,301.79,118.05,60.46,62.39,542.69,38.15,saver,0,0
2025-01-25,A,140,466.95,203.26,128.99,101.81,901.01,95.66,normal,0,0
2025-01-25,B,141,214.82,88.68,39.83,50.39,393.72,32.13,saver,0,0
2025-01-25,C,142,713.14,320.68,242.72,126.39,1402.94,130.94,heavy,0,0
2025-01-25,D,143,404.18,198.48,168.29,125.58,896.53,81.23,normal,0,0
2025-01-25,A,144,248.02,78.71,50.07,42.28,419.07,33.91,normal,0,0
2025-01-25,B,145,350.0,100.47,115.92,86.73,653.13,58.19,normal,0,0
2025-01-25,C,146,216.26,93.1,66.39,41.73,417.48,39.54,saver,0,0
2025-01-25,D,147,275.78,122.01,92.31,39.34,529.44,47.91,saver,0,0
2025-01-25,A,148,426.97,135.76,96.52,90.44,749.69,73.99,normal,0,0
2025-01-25,B,149,365.49,129.75,123.6,120.36,999.94,72.92,heavy,0,1
2025-01-25,C,150,394.56,154.06,122.9,93.1,764.61,56.71,normal,0,0
2025-01-25,D,151,243.36,89.01,81.42,67.61,481.41,40.2,saver,0,0
2025-01-25,A,152,548.37,237.22,103.88,88.41,977.87,65.55,heavy,0,0
2025-01-25,B,153,245.72,82.98,86.28,73.47,488.44,43.27,normal,0,0
2025-01-25,C,154,262.61,121.83,103.15,53.16,540.75,57.85,normal,0,0
2025-01-25,D,155,245.81,87.45,88.54,66.89,488.7,47.52,normal,0,0
2025-01-25,A,156,327.22,142.81,113.47,41.17,624.67,54.78,normal,0,0
2025-01-25,B,157,563.94,250.46,103.43,120.02,1037.85,105.39,heavy,0,0
2025-01-25,C,158,254.56,91.23,50.11,29.3,425.21,42.38,saver,0,0
2025-01-25,D,159,396.36,198.94,139.54,107.58,842.43,84.74,normal,0,0
2025-01-25,A,160,342.79,141.86,96.75,43.13,624.53,42.85,normal,0,0
2025-01-25,B,161,772.36,223.56,158.32,136.72,1290.96,96.27,heavy,0,0
2025-01-25,C,162,213.47,115.96,102.02,39.92,471.37,54.72,normal,0,0
2025-01-25,D,163,330.29,110.39,66.65,67.5,574.83,64.37,normal,0,0
2025-01-25,A,164,277.04,77.17,81.75,53.21,489.17,52.53,saver,0,0
2025-01-25,B,165,317.36,115.16,74.9,50.23,557.66,39.79,normal,0,0
2025-01-25,C,166,234.62,72.27,53.85,51.91,412.65,30.66,saver,0,0
2025-01-25,D,167,364.08,169.77,107.67,82.55,1049.17,54.81,normal,0,1
2025-01-25,A,168,234.35,97.32,67.62,60.34,459.63,34.37,saver,0,0
2025-01-25,B,169,546.95,213.29,227.92,153.51,1141.68,78.81,heavy,0,0
2025-01-25,C,170,243.97,103.46,87.23,51.97,486.63,33.82,normal,0,0
2025-01-25,D,171,385.05,139.37,141.14,101.54,767.1,85.74,normal,0,0
2025-01-25,A,172,244.73,98.76,48.64,33.0,425.14,28.86,saver,0,0
2025-01-25,B,173,637.36,259.98,135.7,169.65,1202.69,125.71,heavy,0,0
2025-01-25,C,174,530.86,204.35,135.75,113.98,984.94,107.7,heavy,0,0
2025-01-25,D,175,281.65,93.95,110.25,64.86,550.7,64.14,normal,0,0
2025-01-25,A,176,482.92,188.4,167.41,91.37,930.1,108.2,heavy,0,0
2025-01-25,B,177,331.73,130.99,79.16,100.66,642.53,48.48,normal,0,0
2025-01-25,C,178,404.28,190.5,178.69,74.68,848.16,63.51,heavy,0,0
2025-01-25,D,179,194.32,81.02,49.74,39.63,364.71,40.08,saver,0,0
2025-01-25,A,180,347.67,168.83,114.73,78.07,709.3,79.72,normal,0,0
2025-01-26,B,101,315.39,133.36,69.4,34.36,552.52,41.5,normal,0,0
2025-01-26,C,102,677.73,271.78,165.99,145.71,2195.68,104.83,heavy,0,1
2025-01-26,D,103,596.79,191.11,119.63,65.12,2106.93,124.35,heavy,1,0
2025-01-26,A,104,276.64,106.56,73.89,77.22,534.31,50.36,normal,0,0
2025-01-26,B,105,521.51,145.01,146.18,64.47,877.16,76.27,heavy,0,0
2025-01-26,C,106,600.34,209.37,136.16,93.11,1038.98,122.28,heavy,0,0
2025-01-26,D,107,195.75,85.26,58.04,18.58,822.16,73.45,saver,1,1
2025-01-26,A,108,577.76,229.83,240.92,92.94,1141.45,96.44,heavy,0,0
2025-01-26,B,109,269.32,73.1,88.75,63.76,494.94,42.87,saver,0,0
2025-01-26,C,110,213.02,96.68,70.7,45.43,425.83,48.29,saver,0,0
2025-01-26,D,111,151.96,75.61,48.26,43.27,319.1,25.76,saver,0,0
2025-01-26,A,112,295.41,124.45,93.0,75.73,588.59,58.46,normal,0,0
2025-01-26,B,113,454.34,191.38,101.21,55.98,802.91,83.16,normal,0,0
2025-01-26,C,114,514.88,265.11,148.6,74.86,1003.45,97.24,heavy,0,0
2025-01-26,D,115,373.58,110.14,127.26,67.93,678.91,46.95,normal,0,0
2025-01-26,A,116,443.67,129.37,158.15,84.67,815.86,80.42,normal,0,0
2025-01-26,B,117,422.37,170.95,85.8,64.29,743.41,85.42,normal,0,0
2025-01-26,C,118,369.65,135.73,111.51,68.05,684.95,83.53,normal,0,0
2025-01-26,D,119,516.27,169.03,174.16,86.06,2152.84,182.23,heavy,1,0
2025-01-26,A,120,492.71,233.43,210.68,117.15,1053.98,127.73,heavy,0,0
2025-01-26,B,121,306.32,130.21,104.2,44.35,585.08,46.34,normal,0,0
2025-01-26,C,122,341.23,133.77,82.24,83.86,1453.51,128.13,normal,1,0
2025-01-26,D,123,338.66,146.49,111.85,67.42,664.42,59.06,normal,0,0
2025-01-26,A,124,338.98,120.15,103.62,83.48,646.24,55.0,normal,0,0
2025-01-26,B,125,479.91,186.85,167.12,111.37,945.26,110.66,normal,0,0
2025-01-26,C,126,467.22,183.54,158.22,104.31,913.3,113.15,normal,0,0
2025-01-26,D,127,357.1,130.17,88.6,75.16,1021.22,114.7,normal,1,0
2025-01-26,A,128,441.11,206.66,84.94,115.95,848.65,105.72,normal,0,0
2025-01-26,B,129,646.02,231.14,120.77,148.52,1146.45,98.33,heavy,0,0
2025-01-26,C,130,218.55,94.12,64.92,67.47,445.06,32.93,saver,0,0
2025-01-26,D,131,680.97,279.01,237.91,172.62,1370.5,159.91,heavy,0,0
2025-01-26,A,132,285.73,97.78,63.53,71.83,518.86,36.53,saver,0,0
2025-01-26,B,133,155.46,77.53,35.51,33.93,302.43,35.08,saver,0,0
2025-01-26,C,134,425.15,143.62,130.68,66.19,765.64,69.88,normal,0,0
2025-01-26,D,135,214.97,74.69,72.29,52.17,414.13,29.0,saver,0,0
2025-01-26,A,136,445.14,173.86,104.38,103.21,826.6,73.68,normal,0,0
2025-01-26,B,137,301.95,123.97,74.27,65.18,565.37,57.63,normal,0,0
2025-01-26,C,138,567.63,228.88,150.24,110.2,1056.94,75.03,normal,0,0
2025-01-26,D,139,173.6,69.13,39.5,34.82,317.05,23.39,saver,0,0
2025-01-26,A,140,387.95,117.21,86.46,93.69,685.3,73.65,normal,0,0
2025-01-26,B,141,370.97,130.47,136.85,76.35,714.63,70.27,normal,0,0
2025-01-26,C,142,448.07,213.25,182.11,92.98,936.41,67.58,heavy,0,0
2025-01-26,D,143,541.55,230.53,175.89,122.37,1070.34,105.93,heavy,0,0
2025-01-26,A,144,453.28,168.91,151.18,84.34,1206.61,97.68,normal,0,1
2025-01-26,B,145,569.16,177.81,186.21,127.55,1060.74,89.88,heavy,0,0
2025-01-26,C,146,437.75,139.68,149.88,48.69,776.0,79.56,normal,0,0
2025-01-26,D,147,444.08,130.71,132.06,77.83,784.68,77.88,normal,0,0
2025-01-26,A,148,459.73,204.66,102.86,85.52,1132.84,58.43,heavy,0,1
2025-01-26,B,149,485.74,212.87,128.92,117.72,945.25,82.98,heavy,0,0
2025-01-26,C,150,339.23,127.12,67.89,68.4,602.63,64.53,normal,0,0
2025-01-26,D,151,290.27,151.31,107.1,35.3,583.98,46.27,normal,0,0
2025-01-26,A,152,387.19,127.57,158.58,112.42,785.76,88.66,normal,0,0
2025-01-26,B,153,736.19,201.66,183.73,72.62,1194.2,146.37,heavy,0,0
2025-01-26,C,154,524.2,218.87,209.14,102.85,1055.06,111.85,heavy,0,0
2025-01-26,D,155,726.06,221.34,154.68,169.9,1271.98,97.48,heavy,0,0
2025-01-26,A,156,271.01,116.63,68.14,36.72,725.41,34.5,normal,0,1
2025-01-26,B,157,519.35,181.97,171.63,149.12,1022.07,91.65,heavy,0,0
2025-01-26,C,158,251.91,91.91,103.84,67.87,515.54,34.99,normal,0,0
2025-01-26,D,159,596.98,236.59,163.31,80.39,4308.63,233.66,heavy,1,1
2025-01-26,A,160,449.22,142.09,109.03,51.99,752.33,80.71,normal,0,0
2025-01-26,B,161,253.94,146.17,90.22,54.18,544.51,37.07,normal,0,0
2025-01-26,C,162,581.61,305.69,252.53,149.05,1288.88,147.45,heavy,0,0
2025-01-26,D,163,586.95,172.24,132.47,79.6,1422.64,95.86,heavy,0,1
2025-01-26,A,164,399.6,167.19,109.8,72.87,1592.47,159.93,normal,1,0
2025-01-26,B,165,301.13,145.76,113.43,64.98,625.3,75.19,normal,0,0
2025-01-26,C,166,667.56,294.19,141.2,108.96,1211.9,107.74,heavy,0,0
2025-01-26,D,167,265.93,110.71,66.86,46.56,490.05,41.28,saver,0,0
2025-01-26,A,168,467.93,228.85,145.41,103.75,945.94,72.86,normal,0,0
2025-01-26,B,169,336.76,131.46,137.4,46.85,652.46,53.62,normal,0,0
2025-01-26,C,170,240.52,79.15,90.42,62.43,472.52,33.01,normal,0,0
2025-01-26,D,171,382.72,138.4,95.06,68.79,684.97,48.01,normal,0,0
2025-01-26,A,172,674.24,248.58,142.66,141.09,2462.97,151.94,heavy,1,0
2025-01-26,B,173,189.1,62.7,50.05,39.98,341.83,40.32,saver,0,0
2025-01-26,C,174,706.72,227.49,230.85,63.37,1228.43,92.91,heavy,0,0
2025-01-26,D,175,382.53,196.63,119.16,74.29,772.61,93.32,normal,0,0
2025-01-26,A,176,478.15,190.52,112.22,117.79,898.67,85.32,heavy,0,0
2025-01-26,B,177,345.76,112.19,131.06,97.8,686.81,53.72,normal,0,0
2025-01-26,C,178,640.21,242.01,207.51,99.37,1189.11,96.01,heavy,0,0
2025-01-26,D,179,351.64,175.86,77.42,48.55,906.16,73.62,normal,0,1
2025-01-26,A,180,224.27,81.12,62.59,35.06,403.05,27.21,normal,0,0
2025-01-27,B,101,507.1,250.61,161.46,56.42,1560.56,89.87,heavy,0,1
2025-01-27,C,102,355.77,145.84,137.12,106.54,1104.17,55.07,heavy,0,1
2025-01-27,D,103,251.46,70.34,63.8,46.03,431.63,41.89,normal,0,0
2025-01-27,A,104,497.22,231.56,148.35,145.07,1022.19,69.35,heavy,0,0
2025-01-27,B,105,210.25,71.04,55.24,36.41,667.63,25.18,normal,0,1
2025-01-27,C,106,151.15,48.34,26.17,18.47,244.13,16.7,saver,0,0
2025-01-27,D,107,272.62,130.39,104.0,44.5,551.5,47.85,normal,0,0
2025-01-27,A,108,301.59,142.4,99.82,78.99,622.8,46.12,normal,0,0
2025-01-27,B,109,365.2,170.31,70.28,40.32,646.12,75.67,normal,0,0
2025-01-27,C,110,521.44,164.06,97.93,50.23,833.66,59.7,heavy,0,0
2025-01-27,D,111,365.62,96.64,109.62,50.04,621.92,75.17,normal,0,0
2025-01-27,A,112,404.83,151.92,97.6,100.85,755.19,83.42,heavy,0,0
2025-01-27,B,113,542.22,252.26,200.51,100.64,1095.63,94.83,heavy,0,0
2025-01-27,C,114,186.22,74.34,58.57,34.54,353.67,43.14,saver,0,0
2025-01-27,D,115,242.44,89.0,69.89,53.97,455.31,33.87,normal,0,0
2025-01-27,A,116,234.5,72.09,47.95,21.19,375.73,43.4,normal,0,0
2025-01-27,B,117,194.58,56.44,56.33,47.73,355.07,30.17,saver,0,0
2025-01-27,C,118,358.29,112.28,92.66,60.62,623.85,41.68,normal,0,0
2025-01-27,D,119,193.36,97.06,47.88,29.44,367.74,35.2,normal,0,0
2025-01-27,A,120,439.43,189.79,189.54,100.44,919.2,98.37,heavy,0,0
2025-01-27,B,121,416.34,188.78,171.58,109.52,886.21,59.69,heavy,0,0
2025-01-27,C,122,409.84,163.78,119.05,99.95,792.62,79.46,heavy,0,0
2025-01-27,D,123,182.95,107.93,49.64,36.66,377.19,36.85,normal,0,0
2025-01-27,A,124,239.98,111.78,87.29,78.2,517.24,57.66,normal,0,0
2025-01-27,B,125,328.81,142.6,88.69,65.66,625.76,43.49,normal,0,0
2025-01-27,C,126,394.7,141.64,90.3,54.73,681.37,46.92,normal,0,0
2025-01-27,D,127,350.4,130.94,91.38,45.39,618.1,41.22,normal,0,0
2025-01-27,A,128,353.7,151.38,146.57,122.77,774.42,60.51,heavy,0,0
2025-01-27,B,129,487.42,187.91,163.97,118.48,957.78,65.07,heavy,0,0
2025-01-27,C,130,127.93,62.78,46.23,39.04,437.66,27.67,saver,0,1
2025-01-27,D,131,254.15,83.1,60.64,39.15,437.04,39.71,normal,0,0
2025-01-27,A,132,406.3,202.06,124.28,99.24,831.89,98.04,heavy,0,0
2025-01-27,B,133,324.35,130.77,83.0,42.71,580.82,64.83,normal,0,0
2025-01-27,C,134,140.19,70.59,40.99,37.63,289.41,22.86,saver,0,0
2025-01-27,D,135,224.37,111.83,75.1,63.05,474.35,40.87,normal,0,0
2025-01-27,A,136,392.85,155.29,147.29,63.66,759.09,53.17,heavy,0,0
2025-01-27,B,137,258.42,83.23,74.4,51.44,467.48,49.57,normal,0,0
2025-01-27,C,138,400.02,203.21,117.19,100.86,821.28,67.39,heavy,0,0
2025-01-27,D,139,269.95,131.57,77.2,39.34,518.06,56.67,normal,0,0
2025-01-27,A,140,287.69,117.77,77.9,77.26,560.62,43.79,normal,0,0
2025-01-27,B,141,307.53,120.5,85.14,53.94,1344.51,94.71,normal,1,0
2025-01-27,C,142,215.07,94.8,84.5,26.51,420.88,30.42,normal,0,0
2025-01-27,D,143,326.17,105.6,93.01,71.79,596.58,53.55,normal,0,0
2025-01-27,A,144,285.08,112.96,107.28,59.66,564.99,39.8,normal,0,0
2025-01-27,B,145,372.49,154.62,109.31,76.02,712.44,58.47,normal,0,0
2025-01-27,C,146,495.97,184.81,119.84,70.19,870.81,62.88,heavy,0,0
2025-01-27,D,147,196.01,76.22,73.24,35.14,380.6,45.07,saver,0,0
2025-01-27,A,148,342.98,141.72,81.34,71.32,637.36,49.82,normal,0,0
2025-01-27,B,149,481.0,187.47,145.11,57.1,870.68,73.34,heavy,0,0
2025-01-27,C,150,220.26,79.72,95.42,74.07,469.47,49.66,normal,0,0
2025-01-27,D,151,286.36,80.78,59.97,46.55,473.67,34.87,normal,0,0
2025-01-27,A,152,291.94,122.26,94.55,69.59,578.35,59.27,normal,0,0
2025-01-27,B,153,335.13,163.21,115.86,95.53,1515.79,108.49,normal,1,0
2025-01-27,C,154,255.98,103.25,73.94,40.15,473.32,44.74,normal,0,0
2025-01-27,D,155,192.85,77.74,60.29,21.17,352.04,30.76,normal,0,0
2025-01-27,A,156,243.52,63.42,82.72,50.34,440.0,37.79,saver,0,0
2025-01-27,B,157,219.81,92.84,53.85,53.27,419.77,45.1,normal,0,0
2025-01-27,C,158,230.91,69.37,48.1,42.63,391.01,32.12,saver,0,0
2025-01-27,D,159,257.61,82.91,87.59,25.73,453.84,39.8,normal,0,0
2025-01-27,A,160,430.69,153.94,78.16,112.72,775.51,91.02,heavy,0,0
2025-01-27,B,161,259.36,143.85,76.29,52.55,532.05,42.81,normal,0,0
2025-01-27,C,162,149.03,65.61,38.09,24.91,277.64,19.12,saver,0,0
2025-01-27,D,163,385.53,113.47,68.69,51.8,619.5,57.39,normal,0,0
2025-01-27,A,164,218.53,84.31,78.03,45.96,426.83,29.15,normal,0,0
2025-01-27,B,165,269.22,132.35,83.02,84.5,943.6,70.64,normal,0,1
2025-01-27,C,166,403.39,201.14,160.03,106.15,870.71,67.38,heavy,0,0
2025-01-27,D,167,452.81,132.45,113.47,78.18,776.9,79.08,heavy,0,0
2025-01-27,A,168,385.99,148.37,113.37,44.07,1157.96,56.58,normal,0,1
2025-01-27,B,169,214.65,75.46,84.17,29.8,404.07,45.88,normal,0,0
2025-01-27,C,170,341.65,158.39,113.83,48.49,992.08,50.28,heavy,0,1
2025-01-27,D,171,235.93,93.9,62.91,24.76,417.51,32.19,normal,0,0
2025-01-27,A,172,544.3,210.31,127.38,73.22,955.22,77.14,heavy,0,0
2025-01-27,B,173,177.38,83.89,43.16,48.18,352.62,24.07,saver,0,0
2025-01-27,C,174,382.48,163.49,114.69,41.19,701.84,60.19,normal,0,0
2025-01-27,D,175,232.61,79.76,63.31,32.12,407.79,44.61,saver,0,0
2025-01-27,A,176,260.51,78.82,77.02,62.61,478.96,39.36,normal,0,0
2025-01-27,B,177,205.8,69.12,68.93,57.24,401.09,43.85,saver,0,0
2025-01-27,C,178,310.71,99.08,69.52,72.24,551.55,45.09,normal,0,0
2025-01-27,D,179,123.39,43.73,39.66,38.22,245.0,21.73,saver,0,0
2025-01-27,A,180,292.47,131.23,76.36,45.16,545.21,42.64,normal,0,0
2025-01-28,B,101,596.12,160.25,135.06,97.73,989.16,107.45,heavy,0,0
2025-01-28,C,102,235.39,112.64,99.06,63.6,510.7,41.13,normal,0,0
2025-01-28,D,103,462.64,197.08,145.34,151.58,2008.04,117.53,heavy,1,0
2025-01-28,A,104,256.6,97.48,66.5,31.16,451.74,55.39,normal,0,0
2025-01-28,B,105,391.87,175.71,95.75,106.86,770.2,59.32,heavy,0,0
2025-01-28,C,106,226.79,115.98,88.03,40.65,471.45,55.9,normal,0,0
2025-01-28,D,107,261.83,122.2,98.85,73.19,556.08,37.16,normal,0,0
2025-01-28,A,108,149.2,83.97,58.08,32.64,323.89,26.96,saver,0,0
2025-01-28,B,109,202.54,95.83,68.04,26.31,392.71,32.92,saver,0,0
2025-01-28,C,110,355.39,101.27,79.43,47.43,583.52,46.0,normal,0,0
2025-01-28,D,111,250.54,70.97,68.32,31.76,421.58,49.78,saver,0,0
2025-01-28,A,112,587.8,156.54,160.98,54.07,1661.83,76.53,heavy,0,1
2025-01-28,B,113,264.9,116.64,83.09,72.65,537.27,60.24,normal,0,0
2025-01-28,C,114,639.38,254.05,163.43,131.0,1187.87,99.25,heavy,0,0
2025-01-28,D,115,249.46,84.56,59.62,59.55,453.19,50.73,normal,0,0
2025-01-28,A,116,250.96,108.15,101.1,49.1,509.32,61.0,normal,0,0
2025-01-28,B,117,252.58,115.55,97.16,65.6,530.89,42.14,normal,0,0
2025-01-28,C,118,421.64,188.61,178.23,54.67,843.14,100.48,heavy,0,0
2025-01-28,D,119,320.14,137.6,81.28,52.12,591.14,48.08,normal,0,0
2025-01-28,A,120,369.74,150.4,102.21,70.56,692.91,73.26,heavy,0,0
2025-01-28,B,121,184.86,81.03,48.63,58.94,373.47,45.76,normal,0,0
2025-01-28,C,122,180.2,89.08,50.99,50.7,370.96,36.5,saver,0,0
2025-01-28,D,123,433.25,222.62,173.4,123.05,952.32,89.81,heavy,0,0
2025-01-28,A,124,410.73,165.34,105.17,70.87,752.12,52.56,normal,0,0
2025-01-28,B,125,518.17,203.51,115.64,69.91,907.23,108.89,heavy,0,0
2025-01-28,C,126,431.82,159.13,149.72,105.48,1133.67,95.6,heavy,0,1
2025-01-28,D,127,138.17,49.25,30.5,29.51,247.42,16.57,saver,0,0
2025-01-28,A,128,422.22,160.86,157.85,122.69,863.61,69.83,heavy,0,0
2025-01-28,B,129,390.72,151.56,106.77,49.39,698.44,59.8,normal,0,0
2025-01-28,C,130,224.95,84.01,82.89,66.05,457.9,36.85,normal,0,0
2025-01-28,D,131,250.78,116.97,93.29,51.11,512.15,35.34,normal,0,0
2025-01-28,A,132,284.86,105.66,81.19,76.45,1253.6,73.82,normal,1,0
2025-01-28,B,133,270.61,102.39,66.34,46.92,486.25,35.64,normal,0,0
2025-01-28,C,134,413.32,175.92,168.05,116.42,1278.22,63.79,heavy,0,1
2025-01-28,D,135,382.51,105.94,123.53,53.15,665.13,52.86,normal,0,0
2025-01-28,A,136,451.06,207.43,186.62,83.84,1374.5,95.11,heavy,0,1
2025-01-28,B,137,284.62,91.9,70.72,57.72,504.96,46.27,normal,0,0
2025-01-28,C,138,272.22,100.23,69.7,44.72,486.87,43.97,normal,0,0
2025-01-28,D,139,445.41,146.98,139.77,42.43,1921.96,107.19,heavy,1,0
2025-01-28,A,140,303.09,111.22,65.65,85.36,565.33,48.27,normal,0,0
2025-01-28,B,141,363.87,102.19,101.37,57.05,1055.87,66.89,normal,0,1
2025-01-28,C,142,244.03,107.66,66.82,22.21,440.73,41.48,normal,0,0
2025-01-28,D,143,381.65,159.38,127.81,96.6,765.44,90.77,heavy,0,0
2025-01-28,A,144,126.69,51.37,44.79,20.17,321.56,16.83,saver,0,1
2025-01-28,B,145,324.76,106.04,83.22,93.63,607.64,44.12,normal,0,0
2025-01-28,C,146,599.35,202.48,212.91,132.41,1821.91,104.74,heavy,0,1
2025-01-28,D,147,327.15,151.4,87.38,85.73,651.67,61.96,heavy,0,0
2025-01-28,A,148,368.33,116.03,89.56,83.35,1030.59,54.03,normal,0,1
2025-01-28,B,149,362.97,125.08,118.6,37.77,644.41,51.26,normal,0,0
2025-01-28,C,150,217.69,82.64,73.96,45.95,420.25,40.95,normal,0,0
2025-01-28,D,151,374.53,144.0,156.04,105.5,780.07,91.54,heavy,0,0
2025-01-28,A,152,337.05,136.28,73.65,67.01,613.99,57.37,normal,0,0
2025-01-28,B,153,373.97,139.06,111.58,34.73,659.33,53.9,normal,0,0
2025-01-28,C,154,322.11,113.61,105.28,95.65,636.64,52.61,heavy,0,0
2025-01-28,D,155,229.66,129.69,81.6,73.54,514.5,50.31,normal,0,0
2025-01-28,A,156,458.97,184.55,143.49,44.6,831.61,61.46,heavy,0,0
2025-01-28,B,157,539.32,185.41,148.45,102.41,975.59,115.43,heavy,0,0
2025-01-28,C,158,430.89,193.5,102.0,43.01,769.39,66.05,heavy,0,0
2025-01-28,D,159,215.5,62.65,63.8,55.61,621.86,32.37,saver,0,1
2025-01-28,A,160,445.8,259.82,208.28,150.71,1064.62,92.8,heavy,0,0
2025-01-28,B,161,284.53,104.88,90.57,62.6,542.57,43.76,normal,0,0
2025-01-28,C,162,244.65,77.62,81.66,68.03,471.96,57.17,normal,0,0
2025-01-28,D,163,395.15,122.97,124.33,72.39,714.84,53.31,heavy,0,0
2025-01-28,A,164,343.13,118.02,72.63,69.02,602.79,59.89,normal,0,0
2025-01-28,B,165,308.0,118.29,111.63,43.14,932.43,71.81,normal,0,1
2025-01-28,C,166,477.57,191.47,193.44,62.46,924.93,72.07,heavy,0,0
2025-01-28,D,167,391.88,111.34,105.17,88.06,696.44,74.5,heavy,0,0
2025-01-28,A,168,464.92,203.2,159.5,156.39,984.01,66.51,heavy,0,0
2025-01-28,B,169,206.46,65.45,44.48,29.04,345.43,32.16,saver,0,0
2025-01-28,C,170,270.52,83.44,73.18,38.2,465.34,47.49,normal,0,0
2025-01-28,D,171,213.0,89.72,56.83,21.64,675.41,26.26,normal,0,1
2025-01-28,A,172,515.68,232.54,132.75,78.71,959.68,94.82,heavy,0,0
2025-01-28,B,173,431.16,142.28,102.62,63.56,739.63,53.35,heavy,0,0
2025-01-28,C,174,323.79,123.07,116.4,81.32,644.59,47.74,normal,0,0
2025-01-28,D,175,317.17,142.4,68.55,35.88,564.01,62.87,normal,0,0
2025-01-28,A,176,166.3,71.78,46.53,19.53,304.14,28.14,saver,0,0
2025-01-28,B,177,290.32,124.22,97.78,52.37,564.68,58.2,heavy,0,0
2025-01-28,C,178,361.27,160.63,119.81,64.8,706.52,51.15,heavy,0,0
2025-01-28,D,179,209.69,74.66,66.67,19.47,370.48,30.97,saver,0,0
2025-01-28,A,180,263.65,107.93,107.9,71.14,550.62,37.03,normal,0,0
2025-01-29,B,101,306.8,131.31,82.0,65.84,585.95,39.93,normal,0,0
2025-01-29,C,102,220.15,116.37,109.85,43.56,489.94,39.46,normal,0,0
2025-01-29,D,103,273.64,152.31,92.09,88.95,607.0,52.62,normal,0,0
2025-01-29,A,104,324.23,101.58,83.31,47.14,556.26,39.53,normal,0,0
2025-01-29,B,105,266.65,80.99,53.03,40.38,441.04,39.04,saver,0,0
2025-01-29,C,106,180.32,86.6,79.71,55.99,402.62,33.25,normal,0,0
2025-01-29,D,107,270.96,99.61,110.86,75.86,557.29,44.7,normal,0,0
2025-01-29,A,108,229.37,118.49,56.4,49.02,453.28,56.24,normal,0,0
2025-01-29,B,109,194.65,78.95,82.99,56.23,412.82,46.22,normal,0,0
2025-01-29,C,110,355.88,108.16,71.76,66.77,602.58,65.32,normal,0,0
2025-01-29,D,111,226.16,88.52,64.21,58.54,437.43,54.53,normal,0,0
2025-01-29,A,112,317.56,118.21,114.34,38.31,588.42,62.36,normal,0,0
2025-01-29,B,113,250.55,134.68,100.69,46.98,532.91,65.72,normal,0,0
2025-01-29,C,114,427.8,128.47,114.56,107.68,1285.06,54.95,heavy,0,1
2025-01-29,D,115,303.74,119.36,100.31,75.42,598.83,63.57,normal,0,0
2025-01-29,A,116,625.74,245.9,129.87,109.87,1111.39,116.13,heavy,0,0
2025-01-29,B,117,266.22,85.74,85.77,41.33,479.05,33.05,normal,0,0
2025-01-29,C,118,204.19,57.8,37.59,47.63,347.21,24.32,saver,0,0
2025-01-29,D,119,415.96,210.63,101.87,82.91,1156.26,55.86,heavy,0,1
2025-01-29,A,120,232.81,113.59,51.19,41.59,439.17,29.8,normal,0,0
2025-01-29,B,121,268.8,104.75,78.16,35.04,486.76,47.03,normal,0,0
2025-01-29,C,122,542.45,260.31,107.0,67.46,977.22,97.22,heavy,0,0
2025-01-29,D,123,460.93,152.67,161.91,141.36,916.87,69.69,heavy,0,0
2025-01-29,A,124,449.19,186.56,188.53,85.22,909.49,104.25,heavy,0,0
2025-01-29,B,125,268.55,110.16,73.02,65.46,517.21,35.39,normal,0,0
2025-01-29,C,126,248.74,98.87,83.74,40.34,471.7,55.32,normal,0,0
2025-01-29,D,127,496.48,180.76,124.48,97.92,1790.71,148.61,heavy,1,0
2025-01-29,A,128,365.99,121.03,114.04,44.35,645.4,59.87,normal,0,0
2025-01-29,B,129,203.58,102.05,83.77,59.91,449.31,40.17,normal,0,0
2025-01-29,C,130,315.66,115.34,75.38,34.06,540.44,41.37,normal,0,0
2025-01-29,D,131,212.98,83.49,46.4,23.44,366.31,35.51,normal,0,0
2025-01-29,A,132,376.07,106.93,122.86,37.17,643.04,57.48,normal,0,0
2025-01-29,B,133,242.87,86.77,78.36,25.12,579.25,46.37,normal,0,1
2025-01-29,C,134,290.57,87.79,88.18,60.52,527.05,57.8,normal,0,0
2025-01-29,D,135,222.19,127.81,70.14,63.45,483.59,41.44,normal,0,0
2025-01-29,A,136,463.0,229.34,110.82,75.36,2018.09,129.96,heavy,1,0
2025-01-29,B,137,389.61,200.07,109.74,106.7,2015.2,129.44,heavy,1,0
2025-01-29,C,138,269.86,71.44,49.62,66.66,457.58,51.65,normal,0,0
2025-01-29,D,139,227.93,79.01,71.08,31.56,409.58,37.01,saver,0,0
2025-01-29,A,140,284.85,117.93,74.62,45.03,522.44,42.54,normal,0,0
2025-01-29,B,141,222.09,75.22,61.65,57.17,705.61,49.38,normal,0,1
2025-01-29,C,142,286.5,83.99,51.63,71.11,493.23,41.01,normal,0,0
2025-01-29,D,143,275.57,148.11,114.29,71.89,609.87,64.43,normal,0,0
2025-01-29,A,144,273.37,82.84,60.05,61.56,477.82,41.01,normal,0,0
2025-01-29,B,145,142.55,48.73,64.37,34.83,290.48,31.34,saver,0,0
2025-01-29,C,146,259.63,117.03,104.43,77.42,558.51,40.11,normal,0,0
2025-01-29,D,147,411.59,105.66,100.54,80.11,1121.98,54.05,normal,0,1
2025-01-29,A,148,308.6,89.83,55.39,35.09,488.9,52.37,normal,0,0
2025-01-29,B,149,624.62,185.96,178.82,149.99,1139.39,88.99,heavy,0,0
2025-01-29,C,150,281.89,111.72,92.07,70.31,556.0,58.43,normal,0,0
2025-01-29,D,151,228.53,79.78,86.77,50.51,445.59,30.49,normal,0,0
2025-01-29,A,152,191.03,98.25,62.47,57.5,409.26,31.69,normal,0,0
2025-01-29,B,153,343.15,159.45,80.33,63.6,646.53,44.48,heavy,0,0
2025-01-29,C,154,352.75,163.96,78.68,43.26,638.64,53.46,normal,0,0
2025-01-29,D,155,302.35,110.06,64.06,31.18,507.64,39.36,normal,0,0
2025-01-29,A,156,293.87,102.63,80.0,83.43,559.93,53.51,normal,0,0
2025-01-29,B,157,205.63,78.13,50.12,52.42,386.29,47.11,saver,0,0
2025-01-29,C,158,255.28,129.92,86.98,35.97,508.16,38.55,normal,0,0
2025-01-29,D,159,172.12,77.26,59.87,57.15,366.39,34.14,normal,0,0
2025-01-29,A,160,226.32,83.82,71.16,33.02,414.31,29.2,normal,0,0
2025-01-29,B,161,284.09,100.64,85.94,48.93,1467.23,75.68,normal,1,1
2025-01-29,C,162,224.65,119.03,106.14,55.82,505.64,44.01,normal,0,0
2025-01-29,D,163,250.83,126.82,98.73,43.8,520.17,55.0,normal,0,0
2025-01-29,A,164,477.51,194.87,152.33,73.7,898.41,63.36,heavy,0,0
2025-01-29,B,165,251.63,91.24,97.57,41.88,482.32,46.77,normal,0,0
2025-01-29,C,166,278.62,99.2,106.74,33.27,517.83,57.19,normal,0,0
2025-01-29,D,167,230.21,128.73,107.69,55.56,522.18,38.31,normal,0,0
2025-01-29,A,168,572.34,191.32,117.71,84.5,3718.46,162.23,heavy,1,1
2025-01-29,B,169,357.1,128.35,71.78,45.19,602.43,41.93,normal,0,0
2025-01-29,C,170,171.31,84.76,49.67,47.23,352.96,29.75,normal,0,0
2025-01-29,D,171,420.18,156.85,159.62,141.34,877.99,85.55,heavy,0,0
2025-01-29,A,172,369.25,143.97,110.11,60.72,684.04,46.22,heavy,0,0
2025-01-29,B,173,402.53,151.26,139.29,46.61,739.68,85.86,normal,0,0
2025-01-29,C,174,208.26,110.14,66.71,52.31,437.41,44.4,normal,0,0
2025-01-29,D,175,235.45,116.69,87.68,50.19,490.02,35.22,normal,0,0
2025-01-29,A,176,311.39,103.18,125.35,65.58,605.49,42.07,normal,0,0
2025-01-29,B,177,264.67,98.71,84.11,28.88,823.45,40.71,normal,0,1
2025-01-29,C,178,499.41,255.45,141.01,131.17,1027.04,78.07,heavy,0,0
2025-01-29,D,179,192.32,97.51,49.92,31.45,371.2,33.83,normal,0,0
2025-01-29,A,180,310.41,115.49,105.18,61.45,592.54,41.03,normal,0,0
2025-01-30,B,101,311.11,140.26,123.82,55.62,630.81,67.61,normal,0,0
2025-01-30,C,102,478.73,211.04,105.52,74.34,869.64,75.29,heavy,0,0
2025-01-30,D,103,292.48,162.04,116.91,36.99,608.43,68.09,normal,0,0
2025-01-30,A,104,397.4,206.67,129.69,116.92,850.69,87.43,heavy,0,0
2025-01-30,B,105,261.65,82.19,57.46,61.91,463.2,31.4,normal,0,0
2025-01-30,C,106,267.09,135.4,77.14,97.56,577.18,64.33,normal,0,0
2025-01-30,D,107,230.91,68.48,76.77,26.91,403.06,31.77,saver,0,0
2025-01-30,A,108,188.45,81.37,79.75,21.9,371.47,34.08,saver,0,0
2025-01-30,B,109,389.29,226.68,122.7,134.59,873.26,68.01,heavy,0,0
2025-01-30,C,110,295.4,112.59,68.08,36.39,512.46,57.82,normal,0,0
2025-01-30,D,111,229.05,63.54,67.26,43.33,403.19,42.64,saver,0,0
2025-01-30,A,112,341.63,132.58,151.77,48.3,674.28,47.93,heavy,0,0
2025-01-30,B,113,339.51,113.11,104.17,86.56,643.35,45.95,normal,0,0
2025-01-30,C,114,254.05,80.64,62.68,60.83,1540.82,55.45,normal,1,1
2025-01-30,D,115,516.62,157.47,133.9,57.8,865.79,96.52,heavy,0,0
2025-01-30,A,116,236.48,94.69,89.88,31.71,452.76,40.69,normal,0,0
2025-01-30,B,117,325.62,138.9,73.07,95.81,633.4,51.17,normal,0,0
2025-01-30,C,118,356.49,140.23,79.65,74.26,650.63,77.5,normal,0,0
2025-01-30,D,119,546.13,237.65,189.32,121.89,1094.99,74.51,heavy,0,0
2025-01-30,A,120,283.38,134.07,96.52,49.24,563.22,54.37,normal,0,0
2025-01-30,B,121,249.52,99.98,57.36,37.29,444.14,53.35,normal,0,0
2025-01-30,C,122,269.25,105.67,63.3,30.11,468.33,33.89,normal,0,0
2025-01-30,D,123,616.19,241.65,187.8,65.56,1111.21,112.29,heavy,0,0
2025-01-30,A,124,242.35,133.64,86.41,39.89,865.76,43.75,normal,0,1
2025-01-30,B,125,358.83,134.21,102.0,77.6,672.63,55.66,normal,0,0
2025-01-30,C,126,322.79,198.24,140.65,52.91,714.59,68.77,heavy,0,0
2025-01-30,D,127,263.62,97.51,54.34,38.53,454.01,40.03,normal,0,0
2025-01-30,A,128,360.79,98.68,91.49,79.6,630.55,74.83,normal,0,0
2025-01-30,B,129,448.56,197.02,114.46,111.68,871.72,98.95,heavy,0,0
2025-01-30,C,130,122.91,50.54,32.26,39.57,245.29,21.11,saver,0,0
2025-01-30,D,131,156.56,53.25,53.0,18.23,281.05,20.05,saver,0,0
2025-01-30,A,132,241.18,82.18,80.1,23.74,427.2,31.7,normal,0,0
2025-01-30,B,133,365.34,93.85,107.04,59.67,904.06,49.05,normal,0,1
2025-01-30,C,134,380.68,108.65,129.25,104.7,1480.79,110.65,heavy,1,0
2025-01-30,D,135,492.43,173.71,93.89,86.1,846.14,59.11,heavy,0,0
2025-01-30,A,136,258.26,84.81,66.69,29.01,438.76,36.82,normal,0,0
2025-01-30,B,137,175.94,97.0,49.57,32.43,354.94,30.06,normal,0,0
2025-01-30,C,138,265.32,126.63,102.07,65.14,559.17,51.63,normal,0,0
2025-01-30,D,139,168.45,81.09,39.07,31.96,320.57,24.23,saver,0,0
2025-01-30,A,140,242.15,86.42,85.16,37.62,451.35,31.39,normal,0,0
2025-01-30,B,141,194.88,104.5,63.94,44.72,408.04,44.51,normal,0,0
2025-01-30,C,142,276.77,144.01,108.85,51.71,581.35,46.64,normal,0,0
2025-01-30,D,143,213.12,72.54,58.91,39.97,384.53,46.77,normal,0,0
2025-01-30,A,144,287.27,117.09,48.03,62.05,514.44,49.11,normal,0,0
2025-01-30,B,145,311.05,131.84,115.66,94.67,653.22,78.13,normal,0,0
2025-01-30,C,146,581.17,205.69,149.95,106.67,1043.48,95.57,heavy,0,0
2025-01-30,D,147,235.35,67.85,54.08,32.15,389.44,26.78,normal,0,0
2025-01-30,A,148,216.97,105.62,89.31,30.12,442.02,33.82,normal,0,0
2025-01-30,B,149,387.01,178.63,84.21,105.36,755.21,72.49,heavy,0,0
2025-01-30,C,150,240.51,101.29,58.48,55.14,876.58,72.94,normal,1,0
2025-01-30,D,151,365.12,148.27,76.07,59.37,648.83,44.17,heavy,0,0
2025-01-30,A,152,212.5,128.16,95.86,59.87,496.4,37.76,normal,0,0
2025-01-30,B,153,286.55,101.11,73.65,37.23,852.89,71.19,normal,1,0
2025-01-30,C,154,331.04,112.23,116.34,35.5,595.12,46.15,normal,0,0
2025-01-30,D,155,137.13,63.07,52.62,38.82,291.64,33.51,saver,0,0
2025-01-30,A,156,394.49,224.0,109.81,60.55,788.85,74.87,heavy,0,0
2025-01-30,B,157,106.14,57.07,46.93,15.45,225.58,16.45,saver,0,0
2025-01-30,C,158,438.83,172.83,144.79,150.29,906.73,85.11,heavy,0,0
2025-01-30,D,159,442.61,143.22,163.99,101.27,1340.63,113.15,heavy,1,0
2025-01-30,A,160,618.38,228.24,174.31,68.74,1089.67,131.65,heavy,0,0
2025-01-30,B,161,266.88,120.54,60.62,37.68,485.72,33.11,normal,0,0
2025-01-30,C,162,323.41,110.7,95.36,78.63,608.1,53.13,normal,0,0
2025-01-30,D,163,226.52,72.65,50.78,54.75,404.7,43.66,saver,0,0
2025-01-30,A,164,337.29,91.9,90.1,78.93,598.21,48.2,normal,0,0
2025-01-30,B,165,195.99,86.83,59.69,37.57,380.07,46.0,saver,0,0
2025-01-30,C,166,433.18,175.6,170.48,68.17,847.43,63.57,heavy,0,0
2025-01-30,D,167,240.35,88.5,57.72,63.21,449.78,39.7,normal,0,0
2025-01-30,A,168,276.85,83.09,87.64,41.76,874.53,57.58,normal,0,1
2025-01-30,B,169,189.94,73.65,51.51,61.62,376.72,44.15,normal,0,0
2025-01-30,C,170,186.09,75.11,80.85,39.03,381.09,31.47,normal,0,0
2025-01-30,D,171,296.14,165.31,99.49,83.48,934.39,75.25,normal,0,1
2025-01-30,A,172,263.26,155.76,87.15,60.08,566.25,50.9,normal,0,0
2025-01-30,B,173,138.12,45.72,38.49,18.86,241.19,23.41,saver,0,0
2025-01-30,C,174,301.08,87.88,97.17,38.22,524.35,48.13,normal,0,0
2025-01-30,D,175,142.02,47.09,55.59,19.31,264.0,20.23,saver,0,0
2025-01-30,A,176,224.46,70.7,58.02,60.5,739.31,37.28,normal,0,1
2025-01-30,B,177,255.37,99.66,79.18,22.2,456.42,31.09,saver,0,0
2025-01-30,C,178,246.27,109.01,81.19,43.6,480.07,53.8,normal,0,0
2025-01-30,D,179,207.23,76.78,52.66,51.2,387.88,26.87,normal,0,0
2025-01-30,A,180,255.19,112.44,91.67,31.11,490.4,41.23,normal,0,0
2025-01-31,B,101,563.7,158.51,190.15,84.93,997.29,76.35,heavy,0,0
2025-01-31,C,102,420.54,196.7,150.52,69.42,837.18,57.54,heavy,0,0
2025-01-31,D,103,211.78,96.88,42.17,29.29,380.12,33.13,normal,0,0
2025-01-31,A,104,315.21,91.84,106.19,53.82,567.07,54.62,normal,0,0
2025-01-31,B,105,243.3,64.96,74.44,38.83,421.52,45.59,normal,0,0
2025-01-31,C,106,302.01,91.79,78.8,63.9,536.5,53.46,normal,0,0
2025-01-31,D,107,347.52,97.9,89.48,59.83,594.73,40.52,normal,0,0
2025-01-31,A,108,172.73,90.59,75.95,58.34,397.62,47.28,normal,0,0
2025-01-31,B,109,200.18,56.74,59.54,31.06,347.52,25.97,saver,0,0
2025-01-31,C,110,237.24,68.9,76.52,56.23,438.89,47.9,normal,0,0
2025-01-31,D,111,304.66,162.22,89.36,99.57,655.81,50.59,heavy,0,0
2025-01-31,A,112,328.1,131.61,84.47,57.46,1251.44,90.94,normal,1,0
2025-01-31,B,113,298.54,145.85,116.75,35.23,596.36,50.68,normal,0,0
2025-01-31,C,114,536.22,184.05,193.66,139.32,1053.25,80.95,heavy,0,0
2025-01-31,D,115,316.5,115.15,74.37,55.96,561.97,51.51,normal,0,0
2025-01-31,A,116,557.02,196.79,173.64,135.41,1062.86,98.97,heavy,0,0
2025-01-31,B,117,110.0,43.14,45.53,31.48,230.14,24.41,saver,0,0
2025-01-31,C,118,362.96,121.93,124.47,56.58,665.93,48.88,heavy,0,0
2025-01-31,D,119,439.41,135.66,126.57,124.15,825.8,85.6,heavy,0,0
2025-01-31,A,120,480.23,161.76,132.21,125.35,899.55,72.29,heavy,0,0
2025-01-31,B,121,234.77,139.69,106.33,39.24,923.34,47.74,normal,0,1
2025-01-31,C,122,142.04,40.99,36.96,30.5,250.49,25.09,saver,0,0
2025-01-31,D,123,379.85,172.09,113.71,112.16,777.82,88.93,heavy,0,0
2025-01-31,A,124,223.11,66.82,58.82,40.5,389.25,31.91,saver,0,0
2025-01-31,B,125,146.6,57.84,39.0,29.4,272.84,31.51,saver,0,0
2025-01-31,C,126,263.17,99.72,65.88,49.68,478.46,37.48,normal,0,0
2025-01-31,D,127,265.34,67.54,87.45,59.27,479.59,33.34,normal,0,0
2025-01-31,A,128,395.34,148.02,147.93,97.13,788.42,86.23,heavy,0,0
2025-01-31,B,129,118.06,45.28,33.09,21.62,218.06,15.91,saver,0,0
2025-01-31,C,130,288.04,89.0,86.1,72.82,535.96,62.55,normal,0,0
2025-01-31,D,131,161.55,70.71,38.86,18.41,289.52,26.25,saver,0,0
2025-01-31,A,132,145.1,55.67,57.78,39.99,298.55,25.97,saver,0,0
2025-01-31,B,133,310.02,121.14,112.52,72.22,1187.31,116.66,normal,1,0
2025-01-31,C,134,484.15,212.53,109.2,59.7,1947.52,110.42,heavy,1,0
2025-01-31,D,135,205.06,81.84,73.85,25.62,386.37,45.1,normal,0,0
2025-01-31,A,136,381.46,124.57,133.16,35.39,1240.48,91.96,normal,1,0
2025-01-31,B,137,386.92,178.14,133.12,70.78,768.96,60.61,heavy,0,0
2025-01-31,C,138,200.27,104.1,78.99,70.17,453.53,36.57,normal,0,0
2025-01-31,D,139,232.07,76.65,74.23,60.6,443.55,46.13,normal,0,0
2025-01-31,A,140,276.56,91.9,71.23,78.94,518.63,49.27,normal,0,0
2025-01-31,B,141,599.6,207.23,123.77,89.85,1020.45,109.07,heavy,0,0
2025-01-31,C,142,379.43,117.38,120.7,65.13,682.64,77.99,normal,0,0
2025-01-31,D,143,389.96,153.0,99.82,96.12,738.89,60.79,heavy,0,0
2025-01-31,A,144,251.21,107.57,64.13,57.74,480.65,33.35,normal,0,0
2025-01-31,B,145,407.85,125.59,126.23,80.15,739.81,74.27,normal,0,0
2025-01-31,C,146,298.6,137.72,92.19,80.68,609.2,46.09,normal,0,0
2025-01-31,D,147,341.34,169.57,119.68,35.47,666.06,75.56,normal,0,0
2025-01-31,A,148,270.04,150.05,93.15,70.21,583.46,58.63,normal,0,0
2025-01-31,B,149,602.38,222.16,126.68,129.3,1080.51,105.14,heavy,0,0
2025-01-31,C,150,209.13,75.13,85.9,43.27,413.44,27.61,normal,0,0
2025-01-31,D,151,269.56,107.58,80.08,51.5,904.5,79.73,normal,1,0
2025-01-31,A,152,157.12,54.71,31.56,26.3,269.69,20.78,saver,0,0
2025-01-31,B,153,303.54,111.01,100.53,73.55,588.63,54.56,normal,0,0
2025-01-31,C,154,445.82,190.61,118.13,105.93,860.5,102.11,heavy,0,0
2025-01-31,D,155,187.98,52.46,63.47,50.28,614.82,80.63,saver,1,0
2025-01-31,A,156,212.5,99.79,71.98,45.37,747.87,28.87,normal,0,1
2025-01-31,B,157,236.49,131.77,61.09,45.93,475.28,50.6,normal,0,0
2025-01-31,C,158,462.54,202.56,104.8,108.08,877.98,61.96,heavy,0,0
2025-01-31,D,159,173.01,63.1,33.05,34.13,303.28,22.7,saver,0,0
2025-01-31,A,160,293.72,84.59,93.15,38.57,510.02,46.4,normal,0,0
2025-01-31,B,161,341.99,130.01,124.49,81.16,677.65,76.93,normal,0,0
2025-01-31,C,162,612.36,198.17,200.81,60.16,1804.87,82.38,heavy,0,1
2025-01-31,D,163,288.25,103.29,76.03,43.97,679.01,43.2,normal,0,1
2025-01-31,A,164,271.06,95.85,83.45,65.37,515.73,42.81,normal,0,0
2025-01-31,B,165,611.46,198.72,174.3,59.15,1043.63,80.23,heavy,0,0
2025-01-31,C,166,490.23,136.72,139.15,59.92,826.02,103.16,heavy,0,0
2025-01-31,D,167,284.6,115.79,124.86,96.92,852.84,42.5,normal,0,1
2025-01-31,A,168,324.53,81.98,88.89,67.4,562.8,39.02,normal,0,0
2025-01-31,B,169,234.98,88.1,56.08,49.39,428.56,29.09,saver,0,0
2025-01-31,C,170,264.49,111.25,69.43,43.84,489.01,36.69,normal,0,0
2025-01-31,D,171,196.48,82.74,58.17,52.45,659.63,26.55,normal,0,1
2025-01-31,A,172,490.21,148.87,101.84,100.06,840.98,68.12,heavy,0,0
2025-01-31,B,173,378.67,136.18,113.75,95.49,724.09,61.43,normal,0,0
2025-01-31,C,174,224.1,78.28,56.42,68.15,426.96,34.78,normal,0,0
2025-01-31,D,175,278.87,133.82,64.46,66.15,543.3,44.69,normal,0,0
2025-01-31,A,176,176.83,70.26,36.98,39.23,323.3,32.3,saver,0,0
2025-01-31,B,177,403.59,138.67,95.08,57.73,695.07,60.71,heavy,0,0
2025-01-31,C,178,351.57,182.78,92.95,71.06,698.37,58.65,heavy,0,0
2025-01-31,D,179,269.98,80.51,53.37,48.87,452.73,38.01,normal,0,0
2025-01-31,A,180,210.3,81.5,50.09,47.32,389.21,29.16,normal,0,0
2025-02-01,B,101,318.09,129.45,74.11,55.54,577.19,55.44,normal,0,0
2025-02-01,C,102,291.7,109.37,101.4,81.25,583.71,43.39,normal,0,0
2025-02-01,D,103,604.75,194.4,210.66,127.05,1709.02,120.88,heavy,1,0
2025-02-01,A,104,262.74,110.88,55.5,58.79,487.9,46.58,saver,0,0
2025-02-01,B,105,259.72,117.44,65.57,37.57,480.29,50.12,normal,0,0
2025-02-01,C,106,277.19,107.49,102.21,67.3,554.19,55.98,normal,0,0
2025-02-01,D,107,341.0,147.82,93.59,85.95,668.36,68.61,normal,0,0
2025-02-01,A,108,211.61,74.92,74.65,45.49,406.67,42.78,saver,0,0
2025-02-01,B,109,302.75,164.61,128.03,50.44,645.83,45.96,normal,0,0
2025-02-01,C,110,451.58,184.34,191.32,158.23,985.47,100.42,heavy,0,0
2025-02-01,D,111,564.27,287.11,235.12,202.37,1288.87,94.42,heavy,0,0
2025-02-01,A,112,462.52,155.2,131.46,138.24,887.42,104.35,heavy,0,0
2025-02-01,B,113,314.91,174.6,142.78,60.25,692.54,72.88,normal,0,0
2025-02-01,C,114,354.24,173.4,100.45,97.73,725.82,57.49,normal,0,0
2025-02-01,D,115,353.43,167.64,125.98,47.94,694.99,51.8,normal,0,0
2025-02-01,A,116,286.98,121.43,113.91,78.4,600.72,47.53,normal,0,0
2025-02-01,B,117,252.8,137.05,108.89,65.43,790.51,65.39,normal,0,1
2025-02-01,C,118,370.84,208.45,130.05,121.37,830.7,60.35,heavy,0,0
2025-02-01,D,119,321.56,148.71,126.22,89.89,686.38,61.28,normal,0,0
2025-02-01,A,120,286.41,113.89,107.04,38.89,546.23,38.56,normal,0,0
2025-02-01,B,121,281.12,125.16,84.65,61.46,552.39,41.46,normal,0,0
2025-02-01,C,122,428.43,200.19,114.37,107.72,850.7,58.83,heavy,0,0
2025-02-01,D,123,538.92,185.53,173.65,145.91,1044.01,93.37,heavy,0,0
2025-02-01,A,124,350.31,157.63,133.67,94.42,736.03,56.39,normal,0,0
2025-02-01,B,125,394.62,193.58,156.7,115.06,859.96,68.76,normal,0,0
2025-02-01,C,126,457.78,130.74,160.56,63.75,812.82,76.92,normal,0,0
2025-02-01,D,127,640.6,211.38,231.26,112.47,1195.71,83.65,heavy,0,0
2025-02-01,A,128,291.1,115.29,57.54,44.96,508.89,47.27,normal,0,0
2025-02-01,B,129,299.76,118.41,80.12,40.47,538.75,36.96,normal,0,0
2025-02-01,C,130,646.34,209.79,249.1,150.18,1255.41,149.85,heavy,0,0
2025-02-01,D,131,405.72,191.34,114.39,108.67,820.13,72.96,normal,0,0
2025-02-01,A,132,284.67,127.69,55.5,30.78,498.64,44.51,normal,0,0
2025-02-01,B,133,297.31,88.02,77.74,42.87,505.94,57.48,normal,0,0
2025-02-01,C,134,311.57,128.65,122.74,102.68,665.64,71.16,normal,0,0
2025-02-01,D,135,267.21,100.16,87.68,52.76,507.82,63.22,normal,0,0
2025-02-01,A,136,259.72,122.59,62.36,77.22,521.89,47.11,normal,0,0
2025-02-01,B,137,602.28,318.93,257.08,179.33,1357.62,113.1,heavy,0,0
2025-02-01,C,138,209.39,76.27,67.22,23.95,376.82,33.1,saver,0,0
2025-02-01,D,139,163.68,62.88,40.79,43.47,310.82,21.72,saver,0,0
2025-02-01,A,140,245.56,83.82,87.03,30.82,447.23,46.21,normal,0,0
2025-02-01,B,141,318.86,95.88,85.75,57.32,557.81,37.37,saver,0,0
2025-02-01,C,142,576.5,304.77,153.33,173.23,1207.83,100.12,heavy,0,0
2025-02-01,D,143,188.17,102.04,48.1,23.17,361.47,27.0,saver,0,0
2025-02-01,A,144,436.04,144.25,141.09,108.2,829.58,74.2,normal,0,0
2025-02-01,B,145,134.07,72.3,35.87,20.88,263.12,28.86,saver,0,0
2025-02-01,C,146,508.64,175.14,135.83,68.64,888.25,75.28,heavy,0,0
2025-02-01,D,147,559.95,219.55,195.7,143.57,2747.35,164.96,heavy,1,0
2025-02-01,A,148,414.18,175.57,146.59,108.21,844.54,67.33,normal,0,0
2025-02-01,B,149,427.76,133.96,102.71,45.71,710.14,76.55,normal,0,0
2025-02-01,C,150,524.99,145.85,118.07,141.67,930.58,68.12,normal,0,0
2025-02-01,D,151,232.44,108.65,75.76,55.45,718.03,56.38,normal,1,0
2025-02-01,A,152,337.23,139.93,62.31,35.9,575.37,38.58,normal,0,0
2025-02-01,B,153,492.11,233.6,168.76,69.34,963.82,82.04,heavy,0,0
2025-02-01,C,154,173.24,79.37,51.91,25.0,329.52,26.07,saver,0,0
2025-02-01,D,155,614.86,175.61,130.81,148.06,1069.35,103.38,heavy,0,0
2025-02-01,A,156,156.31,72.53,67.54,49.22,345.61,24.26,saver,0,0
2025-02-01,B,157,446.73,209.84,157.06,77.08,890.7,86.57,normal,0,0
2025-02-01,C,158,344.83,135.05,114.6,78.09,672.56,48.09,normal,0,0
2025-02-01,D,159,310.47,134.42,86.87,64.09,595.84,62.19,normal,0,0
2025-02-01,A,160,161.34,77.12,72.62,19.95,331.03,33.53,saver,0,0
2025-02-01,B,161,545.68,237.89,208.81,113.95,1106.33,104.23,heavy,0,0
2025-02-01,C,162,296.17,152.1,116.27,104.17,668.71,66.84,normal,0,0
2025-02-01,D,163,449.97,145.71,149.65,50.9,1154.46,74.58,normal,0,1
2025-02-01,A,164,716.73,273.02,217.22,69.37,2799.25,240.9,heavy,1,0
2025-02-01,B,165,391.22,203.28,148.04,75.86,1810.8,133.97,normal,1,0
2025-02-01,C,166,351.85,149.38,132.25,103.52,737.0,56.85,normal,0,0
2025-02-01,D,167,327.72,135.04,95.94,116.24,674.95,84.03,normal,0,0
2025-02-01,A,168,720.83,317.87,219.34,177.84,1435.88,154.64,heavy,0,0
2025-02-01,B,169,323.65,127.77,123.86,75.56,650.83,67.67,normal,0,0
2025-02-01,C,170,254.22,104.19,81.35,48.31,488.08,47.47,saver,0,0
2025-02-01,D,171,375.25,123.0,122.03,89.07,709.34,72.56,normal,0,0
2025-02-01,A,172,511.89,132.51,119.98,66.34,1292.91,69.36,normal,0,1
2025-02-01,B,173,428.29,143.21,137.77,100.82,810.08,100.75,normal,0,0
2025-02-01,C,174,307.23,159.9,77.28,67.18,611.58,41.69,normal,0,0
2025-02-01,D,175,228.45,102.28,82.8,69.4,482.93,46.98,normal,0,0
2025-02-01,A,176,261.73,88.47,50.84,40.29,673.84,34.59,saver,0,1
2025-02-01,B,177,576.26,204.28,99.36,59.04,1485.3,67.85,heavy,0,1
2025-02-01,C,178,163.42,83.16,55.81,42.1,344.49,39.0,saver,0,0
2025-02-01,D,179,238.3,92.73,84.26,33.68,448.97,42.19,saver,0,0
2025-02-01,A,180,502.89,179.38,157.06,86.03,925.36,96.17,normal,0,0
2025-02-02,B,101,488.68,164.39,116.71,64.34,834.12,73.57,normal,0,0
2025-02-02,C,102,203.1,104.7,81.88,56.85,446.53,38.69,saver,0,0
2025-02-02,D,103,499.99,243.01,166.52,97.43,1006.95,74.93,heavy,0,0
2025-02-02,A,104,371.68,123.55,128.7,87.48,711.42,48.26,normal,0,0
2025-02-02,B,105,327.84,108.89,84.89,65.4,587.02,39.72,normal,0,0
2025-02-02,C,106,214.82,91.18,66.18,25.51,397.7,37.95,normal,0,0
2025-02-02,D,107,315.75,99.47,75.2,69.94,951.36,42.09,normal,0,1
2025-02-02,A,108,271.0,117.93,99.67,47.81,536.41,37.21,normal,0,0
2025-02-02,B,109,264.54,145.48,91.25,34.36,535.64,59.59,saver,0,0
2025-02-02,C,110,339.01,186.62,92.44,55.3,673.36,52.58,normal,0,0
2025-02-02,D,111,198.96,56.67,38.13,43.31,337.06,28.33,saver,0,0
2025-02-02,A,112,622.17,205.13,194.18,148.19,1169.66,85.09,heavy,0,0
2025-02-02,B,113,599.51,267.18,195.06,168.93,1230.68,131.67,heavy,0,0
2025-02-02,C,114,372.74,141.04,124.56,65.03,703.36,53.77,normal,0,0
2025-02-02,D,115,469.51,157.88,136.51,105.92,869.83,65.23,normal,0,0
2025-02-02,A,116,278.09,109.76,115.08,71.6,574.52,49.92,normal,0,0
2025-02-02,B,117,259.21,122.94,65.61,49.8,497.56,41.09,normal,0,0
2025-02-02,C,118,616.85,281.4,132.28,64.06,1094.58,116.89,heavy,0,0
2025-02-02,D,119,251.77,79.58,71.32,72.78,475.45,52.18,normal,0,0
2025-02-02,A,120,260.46,112.54,88.03,42.38,503.41,42.05,saver,0,0
2025-02-02,B,121,369.43,152.73,151.14,105.49,778.8,70.17,heavy,0,0
2025-02-02,C,122,355.38,133.05,70.97,52.92,612.32,75.26,normal,0,0
2025-02-02,D,123,474.98,171.36,165.83,85.02,897.19,70.76,heavy,0,0
2025-02-02,A,124,303.63,134.0,93.22,64.74,595.59,74.22,normal,0,0
2025-02-02,B,125,397.72,173.39,152.24,106.44,829.78,93.99,normal,0,0
2025-02-02,C,126,309.66,152.9,115.17,42.32,620.05,64.05,normal,0,0
2025-02-02,D,127,292.12,161.18,75.59,55.11,584.0,70.19,normal,0,0
2025-02-02,A,128,346.07,134.59,136.3,111.75,728.72,69.83,normal,0,0
2025-02-02,B,129,483.52,222.04,210.91,175.86,1092.33,99.14,heavy,0,0
2025-02-02,C,130,427.88,157.63,130.53,59.58,775.62,70.25,normal,0,0
2025-02-02,D,131,241.77,135.89,83.72,43.07,504.44,40.02,normal,0,0
2025-02-02,A,132,402.28,165.26,101.32,43.88,712.73,88.06,normal,0,0
2025-02-02,B,133,536.83,198.48,163.79,80.85,1483.88,66.49,heavy,0,1
2025-02-02,C,134,294.68,115.03,65.77,78.67,554.16,46.21,normal,0,0
2025-02-02,D,135,208.79,98.3,91.38,25.98,424.47,35.15,normal,0,0
2025-02-02,A,136,222.49,96.91,66.75,61.61,447.77,34.72,normal,0,0
2025-02-02,B,137,280.29,116.25,55.69,30.52,482.74,44.1,normal,0,0
2025-02-02,C,138,208.16,111.18,56.12,70.59,446.05,44.71,normal,0,0
2025-02-02,D,139,446.94,163.41,129.04,99.26,1317.88,99.74,heavy,0,1
2025-02-02,A,140,441.26,120.46,125.34,108.01,795.07,73.14,normal,0,0
2025-02-02,B,141,674.9,332.67,146.81,131.8,1286.19,152.45,heavy,0,0
2025-02-02,C,142,255.15,76.12,79.97,72.15,483.38,34.16,normal,0,0
2025-02-02,D,143,267.83,128.42,69.5,55.61,521.36,52.89,normal,0,0
2025-02-02,A,144,655.74,303.9,196.44,138.23,1294.31,124.21,heavy,0,0
2025-02-02,B,145,335.07,98.58,107.42,81.98,902.84,63.95,normal,0,1
2025-02-02,C,146,309.71,150.31,77.53,35.49,573.03,42.54,normal,0,0
2025-02-02,D,147,216.34,109.3,106.6,45.53,477.78,32.37,normal,0,0
2025-02-02,A,148,354.66,155.61,110.48,74.8,695.54,48.35,normal,0,0
2025-02-02,B,149,462.67,146.4,122.16,108.46,839.69,68.6,normal,0,0
2025-02-02,C,150,334.52,194.13,106.58,119.38,754.6,50.81,normal,0,0
2025-02-02,D,151,266.69,81.13,82.87,45.2,678.4,34.35,normal,0,1
2025-02-02,A,152,331.02,116.72,77.9,65.88,591.52,53.19,normal,0,0
2025-02-02,B,153,154.72,85.73,68.88,22.92,332.25,33.28,saver,0,0
2025-02-02,C,154,280.29,86.07,108.11,71.56,1221.41,104.82,normal,1,0
2025-02-02,D,155,439.19,177.03,130.49,41.8,788.51,75.16,normal,0,0
2025-02-02,A,156,458.41,194.97,142.36,115.55,911.29,90.08,normal,0,0
2025-02-02,B,157,267.01,102.03,83.34,31.07,483.45,53.25,normal,0,0
2025-02-02,C,158,580.29,156.27,152.5,100.71,1489.9,75.67,heavy,0,1
2025-02-02,D,159,397.98,187.01,133.13,123.32,841.45,78.66,normal,0,0
2025-02-02,A,160,627.32,232.95,160.57,57.74,1078.57,74.86,heavy,0,0
2025-02-02,B,161,291.77,109.18,106.22,39.74,546.9,49.37,normal,0,0
2025-02-02,C,162,214.74,86.95,67.87,28.27,397.83,32.9,saver,0,0
2025-02-02,D,163,296.46,163.35,93.89,65.67,619.37,51.84,normal,0,0
2025-02-02,A,164,299.99,116.26,98.05,76.57,590.87,39.9,saver,0,0
2025-02-02,B,165,380.61,171.23,104.51,112.17,768.52,76.98,normal,0,0
2025-02-02,C,166,174.12,79.52,41.35,21.96,316.95,25.11,saver,0,0
2025-02-02,D,167,257.58,99.58,126.5,40.28,523.94,63.04,normal,0,0
2025-02-02,A,168,171.09,71.01,40.51,30.94,313.55,25.22,saver,0,0
2025-02-02,B,169,238.9,130.97,99.57,62.63,532.07,49.98,normal,0,0
2025-02-02,C,170,353.7,162.59,148.83,101.44,766.57,56.5,normal,0,0
2025-02-02,D,171,524.66,153.04,106.21,120.57,904.48,110.69,heavy,0,0
2025-02-02,A,172,468.17,177.15,126.12,58.33,829.77,102.34,normal,0,0
2025-02-02,B,173,214.57,72.45,62.28,57.55,406.85,45.04,saver,0,0
2025-02-02,C,174,522.0,221.29,185.32,140.12,1446.62,93.14,heavy,0,1
2025-02-02,D,175,415.69,181.33,148.12,109.46,854.6,78.61,normal,0,0
2025-02-02,A,176,422.16,120.39,126.28,42.35,711.19,80.76,normal,0,0
2025-02-02,B,177,305.63,102.3,69.77,80.14,557.84,42.66,normal,0,0
2025-02-02,C,178,284.51,124.26,84.08,70.24,563.09,62.93,normal,0,0
2025-02-02,D,179,291.54,114.68,122.9,64.02,593.15,65.69,normal,0,0
2025-02-02,A,180,560.25,239.48,119.97,131.39,1051.09,97.63,heavy,0,0
2025-02-03,B,101,503.14,227.71,116.67,111.49,959.01,70.17,heavy,0,0
2025-02-03,C,102,288.75,144.69,112.24,41.12,586.79,40.95,normal,0,0
2025-02-03,D,103,377.02,151.57,132.82,64.98,726.39,48.53,heavy,0,0
2025-02-03,A,104,211.35,64.88,72.72,40.49,389.44,48.38,saver,0,0
2025-02-03,B,105,356.3,128.17,101.55,43.07,629.08,44.15,normal,0,0
2025-02-03,C,106,223.72,94.31,51.29,58.96,1888.56,58.74,saver,1,1
2025-02-03,D,107,526.28,208.24,172.81,116.26,1815.35,97.64,heavy,0,1
2025-02-03,A,108,309.22,124.86,148.99,72.93,656.0,46.91,heavy,0,0
2025-02-03,B,109,236.99,83.78,55.02,26.97,402.77,35.6,normal,0,0
2025-02-03,C,110,453.16,226.78,138.53,115.14,933.62,64.21,heavy,0,0
2025-02-03,D,111,474.19,206.22,107.74,71.6,859.74,78.36,heavy,0,0
2025-02-03,A,112,238.5,104.42,80.68,53.45,477.05,59.39,normal,0,0
2025-02-03,B,113,135.97,58.26,45.99,30.96,271.18,21.99,saver,0,0
2025-02-03,C,114,343.1,176.89,92.75,40.53,653.27,61.09,heavy,0,0
2025-02-03,D,115,236.24,107.87,65.12,51.62,460.84,32.23,normal,0,0
2025-02-03,A,116,336.32,170.85,84.61,47.67,639.45,61.97,heavy,0,0
2025-02-03,B,117,281.33,105.31,93.31,46.43,526.38,52.35,normal,0,0
2025-02-03,C,118,282.33,130.56,83.9,78.07,574.87,58.76,normal,0,0
2025-02-03,D,119,145.64,52.62,50.1,23.29,271.66,18.66,saver,0,0
2025-02-03,A,120,156.56,54.17,35.72,36.64,283.08,20.7,saver,0,0
2025-02-03,B,121,290.43,119.3,107.17,57.86,574.76,41.32,normal,0,0
2025-02-03,C,122,563.56,164.25,131.48,112.83,972.13,68.49,heavy,0,0
2025-02-03,D,123,355.29,133.92,109.22,91.12,689.55,64.41,normal,0,0
2025-02-03,A,124,469.89,162.67,162.34,46.1,841.01,75.91,heavy,0,0
2025-02-03,B,125,305.88,112.46,102.32,53.27,852.4,60.98,normal,0,1
2025-02-03,C,126,165.78,79.46,60.11,45.67,351.02,35.44,saver,0,0
2025-02-03,D,127,298.31,150.87,114.7,91.19,1130.33,72.97,normal,0,1
2025-02-03,A,128,487.57,206.19,181.6,103.15,978.51,74.31,heavy,0,0
2025-02-03,B,129,246.02,131.79,100.85,27.95,506.62,35.97,normal,0,0
2025-02-03,C,130,334.96,128.76,130.6,36.58,876.22,49.35,normal,0,1
2025-02-03,D,131,269.41,87.61,99.06,33.09,796.13,42.2,normal,0,1
2025-02-03,A,132,186.82,93.32,59.73,61.09,400.97,37.46,normal,0,0
2025-02-03,B,133,262.34,91.46,70.04,34.27,458.11,35.08,normal,0,0
2025-02-03,C,134,226.64,94.02,80.28,58.3,459.23,33.63,normal,0,0
2025-02-03,D,135,140.23,48.35,51.69,20.85,261.13,32.44,saver,0,0
2025-02-03,A,136,201.55,106.59,53.71,62.32,424.17,31.67,normal,0,0
2025-02-03,B,137,241.07,96.14,87.66,42.85,467.71,51.19,normal,0,0
2025-02-03,C,138,516.84,185.96,199.33,61.76,963.89,106.97,heavy,0,0
2025-02-03,D,139,224.34,85.13,60.81,33.58,403.86,38.61,normal,0,0
2025-02-03,A,140,237.38,85.76,63.51,63.41,450.06,32.2,normal,0,0
2025-02-03,B,141,273.06,100.13,93.26,72.57,539.02,65.1,normal,0,0
2025-02-03,C,142,356.71,119.65,61.04,62.06,599.47,42.54,normal,0,0
2025-02-03,D,143,313.34,117.14,81.5,37.19,549.18,58.85,normal,0,0
2025-02-03,A,144,327.63,157.96,107.4,100.56,693.54,65.96,normal,0,0
2025-02-03,B,145,179.95,92.84,44.36,39.59,356.74,28.68,saver,0,0
2025-02-03,C,146,279.41,150.61,64.15,51.79,545.96,63.55,normal,0,0
2025-02-03,D,147,331.42,142.77,83.88,69.11,627.18,42.18,heavy,0,0
2025-02-03,A,148,228.51,84.74,69.52,66.09,448.87,51.32,normal,0,0
2025-02-03,B,149,171.45,86.05,53.28,24.58,335.36,23.36,saver,0,0
2025-02-03,C,150,247.51,89.61,105.02,71.59,513.73,59.93,normal,0,0
2025-02-03,D,151,431.27,150.57,150.96,45.26,778.06,64.35,heavy,0,0
2025-02-03,A,152,242.42,102.92,91.33,60.28,1274.93,68.85,normal,1,1
2025-02-03,B,153,227.82,93.67,56.42,48.09,426.01,32.05,normal,0,0
2025-02-03,C,154,246.35,71.65,46.06,26.57,577.58,42.8,normal,0,1
2025-02-03,D,155,214.25,61.53,70.0,20.36,366.13,25.01,saver,0,0
2025-02-03,A,156,277.28,98.8,90.84,66.94,533.86,48.19,normal,0,0
2025-02-03,B,157,194.49,69.81,36.46,22.93,323.69,36.38,saver,0,0
2025-02-03,C,158,124.68,72.1,33.99,17.07,247.84,20.76,saver,0,0
2025-02-03,D,159,292.72,103.78,86.8,64.77,548.08,42.2,normal,0,0
2025-02-03,A,160,185.17,100.98,49.72,22.92,580.76,34.86,normal,0,1
2025-02-03,B,161,175.79,82.73,76.76,51.93,387.22,27.01,saver,0,0
2025-02-03,C,162,368.26,216.68,136.55,105.5,826.99,97.64,heavy,0,0
2025-02-03,D,163,211.85,105.04,47.29,55.58,654.36,39.78,saver,0,1
2025-02-03,A,164,378.95,104.39,83.31,67.55,1076.74,49.21,normal,0,1
2025-02-03,B,165,291.71,96.4,62.07,50.45,500.63,39.18,normal,0,0
2025-02-03,C,166,165.61,76.6,53.88,45.84,341.93,29.1,normal,0,0
2025-02-03,D,167,248.05,67.26,75.09,42.73,433.13,39.33,normal,0,0
2025-02-03,A,168,258.25,117.35,72.76,50.56,498.92,34.78,normal,0,0
2025-02-03,B,169,253.36,103.81,44.91,45.83,447.92,46.83,normal,0,0
2025-02-03,C,170,444.74,184.55,120.88,143.29,893.46,110.78,heavy,0,0
2025-02-03,D,171,261.85,106.42,97.53,44.15,509.95,53.92,normal,0,0
2025-02-03,A,172,248.86,105.72,59.97,66.87,481.41,35.3,normal,0,0
2025-02-03,B,173,409.18,204.91,188.48,50.15,852.73,68.68,heavy,0,0
2025-02-03,C,174,395.88,133.27,100.34,55.66,685.15,65.3,heavy,0,0
2025-02-03,D,175,261.25,124.38,92.93,30.45,509.01,36.27,normal,0,0
2025-02-03,A,176,244.31,103.39,53.08,30.7,802.9,74.35,normal,1,0
2025-02-03,B,177,563.4,148.08,117.21,70.89,899.57,61.41,heavy,0,0
2025-02-03,C,178,198.87,95.53,82.27,35.38,412.05,31.5,normal,0,0
2025-02-03,D,179,330.57,195.82,152.53,113.68,792.61,53.38,heavy,0,0
2025-02-03,A,180,374.38,145.06,131.08,73.11,723.62,81.23,normal,0,0
2025-02-04,B,101,254.39,109.45,68.43,60.01,492.28,43.26,normal,0,0
2025-02-04,C,102,444.14,209.82,117.6,103.81,1264.48,88.51,heavy,0,1
2025-02-04,D,103,124.38,61.13,47.63,26.36,259.5,22.95,saver,0,0
2025-02-04,A,104,324.23,170.55,132.46,48.34,675.58,51.65,normal,0,0
2025-02-04,B,105,181.13,70.25,71.98,54.88,670.52,36.9,normal,0,1
2025-02-04,C,106,198.93,70.08,70.18,34.42,373.6,36.33,normal,0,0
2025-02-04,D,107,572.12,216.36,130.6,125.96,1045.04,126.28,heavy,0,0
2025-02-04,A,108,397.24,131.44,102.37,72.24,703.29,59.68,heavy,0,0
2025-02-04,B,109,552.74,171.16,155.85,63.81,943.56,90.05,heavy,0,0
2025-02-04,C,110,194.18,67.59,55.22,26.55,343.54,25.32,normal,0,0
2025-02-04,D,111,434.02,171.0,88.68,57.51,751.21,53.29,heavy,0,0
2025-02-04,A,112,296.61,131.98,102.0,54.47,585.06,51.76,normal,0,0
2025-02-04,B,113,304.25,97.73,77.3,29.5,508.79,52.67,normal,0,0
2025-02-04,C,114,327.49,137.89,71.54,64.91,601.84,43.16,normal,0,0
2025-02-04,D,115,261.23,89.08,78.46,60.08,776.38,54.61,normal,0,1
2025-02-04,A,116,206.33,115.49,84.62,64.31,470.75,52.27,normal,0,0
2025-02-04,B,117,246.21,70.4,49.17,25.52,391.3,35.7,normal,0,0
2025-02-04,C,118,350.3,142.07,85.29,85.38,663.03,60.13,normal,0,0
2025-02-04,D,119,356.06,174.91,94.21,59.04,684.22,53.68,heavy,0,0
2025-02-04,A,120,322.55,86.48,83.26,31.95,524.24,49.21,normal,0,0
2025-02-04,B,121,365.51,161.82,137.15,72.83,737.32,54.14,heavy,0,0
2025-02-04,C,122,155.14,52.14,32.4,37.13,276.8,26.86,saver,0,0
2025-02-04,D,123,525.9,193.33,141.03,107.21,967.48,116.38,heavy,0,0
2025-02-04,A,124,362.75,135.69,116.09,92.57,707.1,75.47,normal,0,0
2025-02-04,B,125,207.92,64.84,57.72,51.37,528.98,28.11,saver,0,1
2025-02-04,C,126,349.82,149.73,76.6,60.21,636.36,69.44,heavy,0,0
2025-02-04,D,127,493.12,219.02,120.87,138.72,1588.37,69.09,heavy,0,1
2025-02-04,A,128,303.38,84.66,53.76,28.71,470.51,45.06,normal,0,0
2025-02-04,B,129,221.22,94.22,79.17,61.75,456.36,31.67,normal,0,0
2025-02-04,C,130,273.54,154.18,124.74,48.91,1242.48,99.47,normal,1,0
2025-02-04,D,131,418.05,178.6,108.91,46.53,752.09,54.29,heavy,0,0
2025-02-04,A,132,470.18,160.94,120.11,91.17,842.41,95.98,heavy,0,0
2025-02-04,B,133,486.11,221.74,143.7,73.07,924.62,72.66,heavy,0,0
2025-02-04,C,134,212.16,68.92,56.65,27.06,364.79,42.19,normal,0,0
2025-02-04,D,135,232.22,101.3,48.64,40.6,422.75,38.04,saver,0,0
2025-02-04,A,136,217.92,72.75,48.53,34.96,374.16,40.92,normal,0,0
2025-02-04,B,137,304.8,148.16,69.15,36.03,558.14,40.81,normal,0,0
2025-02-04,C,138,422.01,203.89,182.74,89.95,898.6,78.83,heavy,0,0
2025-02-04,D,139,252.17,96.16,104.87,73.74,526.95,51.1,normal,0,0
2025-02-04,A,140,309.58,111.86,65.44,64.3,551.17,43.12,normal,0,0
2025-02-04,B,141,230.21,89.66,60.82,24.34,405.03,43.66,normal,0,0
2025-02-04,C,142,164.46,61.18,37.31,18.2,281.15,19.67,saver,0,0
2025-02-04,D,143,442.84,198.27,146.48,67.97,1187.11,62.5,heavy,0,1
2025-02-04,A,144,351.13,149.52,105.18,94.99,700.83,57.33,heavy,0,0
2025-02-04,B,145,226.84,98.32,64.27,36.58,426.0,28.67,normal,0,0
2025-02-04,C,146,275.99,128.85,105.86,46.73,557.43,51.13,normal,0,0
2025-02-04,D,147,393.31,132.95,78.41,91.22,695.89,69.89,normal,0,0
2025-02-04,A,148,590.76,161.18,132.49,147.04,1031.48,118.78,heavy,0,0
2025-02-04,B,149,115.97,49.66,25.58,20.01,211.23,18.66,saver,0,0
2025-02-04,C,150,248.04,77.01,48.86,43.56,417.46,30.49,normal,0,0
2025-02-04,D,151,361.81,113.32,101.04,63.15,1090.97,58.29,normal,0,1
2025-02-04,A,152,206.05,74.07,77.58,38.5,396.2,39.45,saver,0,0
2025-02-04,B,153,240.58,130.82,82.38,53.01,506.79,37.56,normal,0,0
2025-02-04,C,154,470.42,150.55,166.56,80.03,867.55,73.63,heavy,0,0
2025-02-04,D,155,261.28,96.69,51.51,42.85,452.34,40.14,normal,0,0
2025-02-04,A,156,253.34,75.41,79.15,33.62,441.52,43.78,normal,0,0
2025-02-04,B,157,126.99,46.55,36.18,23.26,232.98,21.24,saver,0,0
2025-02-04,C,158,233.59,81.73,80.36,41.05,436.73,43.98,normal,0,0
2025-02-04,D,159,309.46,79.15,89.83,58.84,537.29,41.98,normal,0,0
2025-02-04,A,160,259.23,115.62,80.54,51.28,506.67,58.65,normal,0,0
2025-02-04,B,161,222.77,83.52,82.4,25.36,656.43,44.16,normal,0,1
2025-02-04,C,162,285.55,154.37,100.51,76.02,616.45,59.74,normal,0,0
2025-02-04,D,163,258.27,116.09,103.48,82.48,560.32,40.86,normal,0,0
2025-02-04,A,164,453.53,141.44,159.38,130.52,884.87,95.47,heavy,0,0
2025-02-04,B,165,130.38,69.45,35.37,27.77,262.97,17.89,saver,0,0
2025-02-04,C,166,325.63,84.26,77.74,75.32,562.95,51.77,normal,0,0
2025-02-04,D,167,240.49,71.28,67.92,57.3,436.99,53.0,normal,0,0
2025-02-04,A,168,477.65,155.43,90.54,128.27,851.89,104.98,heavy,0,0
2025-02-04,B,169,197.25,87.44,91.67,66.54,442.91,31.51,normal,0,0
2025-02-04,C,170,203.29,100.18,60.28,38.31,402.06,32.27,normal,0,0
2025-02-04,D,171,276.31,142.04,105.3,73.22,596.87,52.71,normal,0,0
2025-02-04,A,172,301.32,91.61,97.62,58.32,548.88,55.55,normal,0,0
2025-02-04,B,173,253.51,124.38,106.77,81.04,565.7,39.67,normal,0,0
2025-02-04,C,174,323.34,143.18,80.56,95.02,642.11,57.67,heavy,0,0
2025-02-04,D,175,384.86,187.58,136.73,110.43,819.61,62.47,heavy,0,0
2025-02-04,A,176,197.04,86.97,67.55,55.46,407.02,37.85,normal,0,0
2025-02-04,B,177,265.37,138.02,94.39,84.52,582.3,68.77,normal,0,0
2025-02-04,C,178,253.38,93.99,88.42,33.06,1090.75,76.68,normal,1,0
2025-02-04,D,179,417.79,244.42,200.19,138.78,1001.18,76.01,heavy,0,0
2025-02-04,A,180,370.11,146.13,90.64,74.04,680.93,45.68,heavy,0,0
2025-02-05,B,101,360.53,212.05,137.64,53.65,1598.81,125.47,heavy,1,0
2025-02-05,C,102,267.27,145.67,111.52,62.7,587.14,61.88,normal,0,0
2025-02-05,D,103,387.06,154.7,103.07,67.19,712.03,47.5,normal,0,0
2025-02-05,A,104,161.49,88.87,66.86,21.81,339.03,24.47,saver,0,0
2025-02-05,B,105,175.27,86.62,71.01,40.36,373.26,38.4,normal,0,0
2025-02-05,C,106,355.94,141.81,83.94,78.61,1012.23,50.86,normal,0,1
2025-02-05,D,107,252.17,95.62,53.94,38.58,440.31,43.06,normal,0,0
2025-02-05,A,108,212.73,73.39,75.16,25.95,387.24,29.64,normal,0,0
2025-02-05,B,109,233.12,119.47,111.36,81.87,545.82,45.14,normal,0,0
2025-02-05,C,110,292.54,141.55,103.78,75.29,613.16,55.48,normal,0,0
2025-02-05,D,111,165.37,54.07,37.48,44.81,301.73,35.64,saver,0,0
2025-02-05,A,112,315.4,140.36,90.07,56.1,601.94,51.27,normal,0,0
2025-02-05,B,113,212.75,79.77,60.25,54.72,407.49,50.29,saver,0,0
2025-02-05,C,114,236.43,109.0,60.82,46.39,452.63,30.45,normal,0,0
2025-02-05,D,115,324.46,160.01,119.73,39.63,643.83,74.57,heavy,0,0
2025-02-05,A,116,365.08,163.15,123.65,47.53,699.41,83.63,normal,0,0
2025-02-05,B,117,453.74,164.53,137.46,91.91,847.65,83.56,heavy,0,0
2025-02-05,C,118,376.75,129.37,133.25,45.85,685.23,46.48,heavy,0,0
2025-02-05,D,119,226.11,86.15,53.63,42.48,408.37,27.49,normal,0,0
2025-02-05,A,120,507.83,142.44,140.79,79.36,870.41,96.41,heavy,0,0
2025-02-05,B,121,252.73,92.53,101.31,75.27,521.84,47.82,normal,0,0
2025-02-05,C,122,172.98,55.22,37.31,50.53,316.05,24.2,saver,0,0
2025-02-05,D,123,380.31,179.41,138.76,59.58,758.05,68.97,heavy,0,0
2025-02-05,A,124,250.74,80.88,52.39,35.21,419.23,30.01,normal,0,0
2025-02-05,B,125,235.15,98.63,49.66,64.03,447.47,32.18,normal,0,0
2025-02-05,C,126,263.78,104.15,92.85,45.59,506.37,50.59,normal,0,0
2025-02-05,D,127,285.93,132.14,122.03,68.85,608.95,42.18,normal,0,0
2025-02-05,A,128,226.42,69.25,44.99,40.24,380.91,30.42,normal,0,0
2025-02-05,B,129,324.31,137.2,108.47,76.81,646.79,44.44,normal,0,0
2025-02-05,C,130,318.18,101.62,65.27,35.67,520.75,56.53,normal,0,0
2025-02-05,D,131,261.89,139.88,62.76,53.74,518.26,60.54,normal,0,0
2025-02-05,A,132,280.42,118.51,82.64,35.87,517.44,55.63,normal,0,0
2025-02-05,B,133,312.0,106.19,76.03,33.19,527.41,47.97,normal,0,0
2025-02-05,C,134,239.27,77.64,68.85,32.51,418.28,30.15,saver,0,0
2025-02-05,D,135,504.44,203.9,137.17,68.72,914.22,81.56,heavy,0,0
2025-02-05,A,136,288.51,129.2,83.07,65.09,565.87,50.67,normal,0,0
2025-02-05,B,137,258.9,103.98,78.77,32.72,474.38,36.01,normal,0,0
2025-02-05,C,138,405.25,138.35,121.57,89.23,754.4,74.85,heavy,0,0
2025-02-05,D,139,401.31,176.69,122.51,97.88,798.39,91.84,heavy,0,0
2025-02-05,A,140,282.95,96.68,99.16,80.57,559.36,54.53,normal,0,0
2025-02-05,B,141,185.39,72.23,33.1,29.71,521.53,38.64,saver,0,1
2025-02-05,C,142,360.77,104.48,94.63,54.57,614.44,45.93,normal,0,0
2025-02-05,D,143,409.66,159.3,138.32,58.79,766.08,56.02,heavy,0,0
2025-02-05,A,144,318.53,100.31,125.29,86.79,630.92,55.31,normal,0,0
2025-02-05,B,145,303.31,159.27,88.59,71.73,622.9,64.35,normal,0,0
2025-02-05,C,146,350.42,133.65,103.72,69.62,657.42,76.68,normal,0,0
2025-02-05,D,147,251.61,124.85,73.5,80.24,530.2,40.82,normal,0,0
2025-02-05,A,148,396.97,196.94,185.95,74.2,1783.74,101.4,heavy,1,0
2025-02-05,B,149,325.13,155.81,88.84,90.41,660.19,47.79,heavy,0,0
2025-02-05,C,150,362.58,164.25,114.57,64.63,706.04,84.28,heavy,0,0
2025-02-05,D,151,158.49,55.38,65.83,35.52,315.22,23.13,saver,0,0
2025-02-05,A,152,235.42,129.06,103.51,29.58,497.57,40.93,normal,0,0
2025-02-05,B,153,365.55,175.84,149.0,90.79,781.18,53.35,heavy,0,0
2025-02-05,C,154,385.61,147.55,147.25,108.79,789.2,81.96,heavy,0,0
2025-02-05,D,155,300.34,92.1,94.23,35.39,522.07,42.29,normal,0,0
2025-02-05,A,156,226.27,75.36,84.21,34.81,420.65,31.98,normal,0,0
2025-02-05,B,157,370.81,145.43,88.38,76.99,681.61,53.67,normal,0,0
2025-02-05,C,158,290.5,93.31,64.28,26.6,474.68,52.57,normal,0,0
2025-02-05,D,159,491.6,193.29,95.5,139.46,919.85,111.7,heavy,0,0
2025-02-05,A,160,340.04,126.3,82.38,54.71,603.43,62.66,normal,0,0
2025-02-05,B,161,306.92,159.55,72.03,63.64,602.14,55.45,normal,0,0
2025-02-05,C,162,326.34,92.79,96.81,42.69,901.26,44.02,normal,0,1
2025-02-05,D,163,364.85,130.85,73.05,37.9,606.65,41.49,normal,0,0
2025-02-05,A,164,153.01,52.18,66.62,27.88,299.69,23.06,saver,0,0
2025-02-05,B,165,364.23,113.19,77.0,44.21,1074.62,111.87,normal,1,0
2025-02-05,C,166,546.62,212.15,115.79,107.85,982.42,67.96,heavy,0,0
2025-02-05,D,167,141.73,50.82,38.47,37.7,268.73,23.71,saver,0,0
2025-02-05,A,168,208.5,77.73,44.47,45.28,375.98,26.72,normal,0,0
2025-02-05,B,169,229.52,85.31,70.24,27.67,412.74,32.93,normal,0,0
2025-02-05,C,170,459.89,213.99,147.66,99.03,920.57,74.87,heavy,0,0
2025-02-05,D,171,301.07,140.61,108.75,44.57,595.01,72.64,normal,0,0
2025-02-05,A,172,334.98,156.29,123.54,42.22,657.02,61.45,normal,0,0
2025-02-05,B,173,450.77,180.43,173.3,71.17,875.67,84.81,heavy,0,0
2025-02-05,C,174,550.41,178.43,143.13,91.42,963.38,66.47,heavy,0,0
2025-02-05,D,175,273.5,117.42,132.93,45.86,569.71,50.64,normal,0,0
2025-02-05,A,176,455.7,143.51,120.64,95.38,815.22,57.78,heavy,0,0
2025-02-05,B,177,356.87,136.58,116.79,47.49,880.12,79.67,heavy,0,1
2025-02-05,C,178,208.27,101.39,65.25,55.39,430.3,47.34,normal,0,0
2025-02-05,D,179,198.06,81.09,60.69,43.67,383.5,37.71,saver,0,0
2025-02-05,A,180,431.43,184.8,160.23,98.81,1338.9,60.66,heavy,0,1
2025-02-06,B,101,211.78,87.17,58.4,23.3,380.66,29.5,saver,0,0
2025-02-06,C,102,342.71,130.93,83.51,89.01,646.17,66.58,normal,0,0
2025-02-06,D,103,470.89,132.51,116.66,58.13,778.18,55.06,heavy,0,0
2025-02-06,A,104,281.52,87.5,56.61,54.73,480.36,35.56,normal,0,0
2025-02-06,B,105,202.65,87.04,79.24,53.08,422.01,30.63,normal,0,0
2025-02-06,C,106,176.89,65.32,39.77,45.96,327.94,25.73,saver,0,0
2025-02-06,D,107,413.7,147.24,113.55,83.53,758.01,75.04,heavy,0,0
2025-02-06,A,108,183.58,69.3,39.15,17.6,701.04,69.21,saver,1,0
2025-02-06,B,109,360.44,139.53,121.1,40.32,1140.53,52.44,heavy,0,1
2025-02-06,C,110,305.5,125.78,115.5,69.02,615.79,74.54,normal,0,0
2025-02-06,D,111,283.84,104.2,72.06,64.37,524.48,53.68,normal,0,0
2025-02-06,A,112,206.75,89.32,75.37,56.38,427.82,36.56,normal,0,0
2025-02-06,B,113,557.36,226.54,145.83,143.48,1073.21,87.08,heavy,0,0
2025-02-06,C,114,179.93,73.12,75.18,42.26,370.48,33.16,saver,0,0
2025-02-06,D,115,154.37,63.94,56.61,34.83,656.16,41.78,saver,1,0
2025-02-06,A,116,396.44,176.96,155.04,103.23,831.66,69.52,heavy,0,0
2025-02-06,B,117,546.58,189.53,140.65,124.31,1001.07,80.2,heavy,0,0
2025-02-06,C,118,622.08,159.66,132.05,109.85,1023.63,82.98,heavy,0,0
2025-02-06,D,119,234.33,80.76,73.54,63.4,452.03,35.98,normal,0,0
2025-02-06,A,120,275.46,112.68,93.68,60.03,541.85,41.58,normal,0,0
2025-02-06,B,121,254.5,110.58,87.63,83.03,535.73,65.68,normal,0,0
2025-02-06,C,122,296.86,100.55,87.5,75.4,560.31,40.26,normal,0,0
2025-02-06,D,123,300.49,84.98,75.16,28.45,489.07,39.62,normal,0,0
2025-02-06,A,124,484.66,231.89,152.27,142.55,1011.36,108.13,heavy,0,0
2025-02-06,B,125,271.12,72.06,84.22,26.29,630.65,51.05,normal,0,1
2025-02-06,C,126,199.28,89.08,74.37,37.31,400.04,43.8,saver,0,0
2025-02-06,D,127,566.86,211.44,187.78,138.32,1104.4,77.56,heavy,0,0
2025-02-06,A,128,248.04,118.44,77.65,54.84,498.98,39.43,normal,0,0
2025-02-06,B,129,476.55,168.61,155.04,126.59,926.8,78.29,heavy,0,0
2025-02-06,C,130,269.76,78.83,79.26,66.05,493.9,46.04,normal,0,0
2025-02-06,D,131,377.08,155.59,116.33,83.49,732.5,58.98,heavy,0,0
2025-02-06,A,132,579.12,237.98,136.19,120.68,1073.96,91.49,heavy,0,0
2025-02-06,B,133,159.37,46.52,32.66,17.61,256.16,19.05,saver,0,0
2025-02-06,C,134,425.78,190.0,107.83,95.34,818.96,68.94,heavy,0,0
2025-02-06,D,135,245.45,102.63,68.13,49.75,465.95,39.15,normal,0,0
2025-02-06,A,136,259.86,111.38,63.62,76.85,511.71,39.64,normal,0,0
2025-02-06,B,137,255.75,103.42,99.99,79.39,538.55,66.0,normal,0,0
2025-02-06,C,138,231.81,87.95,51.91,52.78,424.45,38.13,normal,0,0
2025-02-06,D,139,248.75,122.5,62.15,31.44,464.84,53.14,normal,0,0
2025-02-06,A,140,190.8,92.56,73.29,54.59,411.24,50.04,normal,0,0
2025-02-06,B,141,231.42,103.5,72.18,38.77,445.88,30.68,normal,0,0
2025-02-06,C,142,291.08,137.83,112.02,76.05,908.96,47.66,normal,0,1
2025-02-06,D,143,139.58,47.23,50.36,18.32,255.5,18.35,saver,0,0
2025-02-06,A,144,345.27,172.97,158.87,91.5,768.61,79.63,heavy,0,0
2025-02-06,B,145,208.54,74.12,86.33,24.37,393.37,27.36,normal,0,0
2025-02-06,C,146,229.79,98.68,64.11,80.32,472.9,54.79,normal,0,0
2025-02-06,D,147,428.63,198.06,176.29,58.65,861.63,61.37,heavy,0,0
2025-02-06,A,148,306.55,107.57,94.73,28.96,537.8,50.14,normal,0,0
2025-02-06,B,149,249.07,77.21,56.25,36.4,418.93,28.15,normal,0,0
2025-02-06,C,150,168.56,47.03,42.65,38.98,297.22,20.74,saver,0,0
2025-02-06,D,151,279.66,86.0,88.51,63.64,517.81,50.05,normal,0,0
2025-02-06,A,152,228.4,98.7,62.82,41.14,431.07,35.06,normal,0,0
2025-02-06,B,153,165.23,99.17,74.85,31.68,370.93,31.25,normal,0,0
2025-02-06,C,154,337.37,89.82,77.67,34.06,538.92,40.01,normal,0,0
2025-02-06,D,155,350.68,144.59,82.51,37.01,1299.34,126.72,normal,1,0
2025-02-06,A,156,103.01,44.37,30.72,34.69,212.79,16.98,saver,0,0
2025-02-06,B,157,399.19,152.98,116.25,36.74,705.16,68.98,heavy,0,0
2025-02-06,C,158,587.07,242.58,184.73,91.48,1105.86,121.36,heavy,0,0
2025-02-06,D,159,271.39,101.39,89.3,37.19,499.26,52.72,normal,0,0
2025-02-06,A,160,450.36,180.05,160.53,100.06,890.99,64.14,heavy,0,0
2025-02-06,B,161,302.35,135.87,88.71,64.23,591.16,69.64,normal,0,0
2025-02-06,C,162,242.81,103.1,98.28,72.75,516.93,58.48,normal,0,0
2025-02-06,D,163,567.81,250.27,178.98,103.29,1100.35,99.15,heavy,0,0
2025-02-06,A,164,291.54,113.18,84.39,72.79,561.88,56.24,normal,0,0
2025-02-06,B,165,236.34,66.88,65.45,33.05,401.72,27.89,saver,0,0
2025-02-06,C,166,401.99,116.03,107.65,60.6,686.27,51.14,normal,0,0
2025-02-06,D,167,486.62,163.64,178.3,81.25,909.81,94.48,heavy,0,0
2025-02-06,A,168,246.67,71.0,46.22,43.58,407.47,30.1,normal,0,0
2025-02-06,B,169,555.4,206.0,185.11,88.58,1035.09,115.2,heavy,0,0
2025-02-06,C,170,169.7,57.45,65.84,54.65,347.64,41.24,saver,0,0
2025-02-06,D,171,330.81,168.59,96.45,68.84,664.69,68.39,normal,0,0
2025-02-06,A,172,353.58,124.09,92.84,62.31,632.82,55.27,normal,0,0
2025-02-06,B,173,317.46,132.5,88.51,107.38,645.86,69.72,heavy,0,0
2025-02-06,C,174,278.62,103.03,93.18,40.14,514.98,53.01,normal,0,0
2025-02-06,D,175,103.72,43.89,43.07,38.12,228.8,28.27,saver,0,0
2025-02-06,A,176,313.47,123.48,79.09,78.66,594.7,39.92,normal,0,0
2025-02-06,B,177,309.06,84.83,83.44,71.11,548.45,36.8,normal,0,0
2025-02-06,C,178,533.9,235.26,138.48,77.74,985.39,67.86,heavy,0,0
2025-02-06,D,179,401.18,166.52,131.17,91.2,790.08,61.41,normal,0,0
2025-02-06,A,180,247.74,85.74,82.64,36.36,810.45,39.69,normal,0,1
2025-02-07,B,101,423.72,140.56,117.76,103.33,2186.26,152.54,heavy,1,1
2025-02-07,C,102,285.04,164.43,137.32,101.78,688.57,72.12,normal,0,0
2025-02-07,D,103,341.81,145.06,87.26,44.96,619.09,63.24,normal,0,0
2025-02-07,A,104,194.96,100.05,58.63,42.9,396.54,29.95,normal,0,0
2025-02-07,B,105,184.14,66.25,49.74,62.53,583.71,27.7,saver,0,1
2025-02-07,C,106,491.56,202.04,148.52,107.21,949.33,66.46,heavy,0,0
2025-02-07,D,107,280.6,137.57,97.73,59.56,575.46,59.58,normal,0,0
2025-02-07,A,108,391.54,139.57,114.74,110.1,755.95,54.55,heavy,0,0
2025-02-07,B,109,303.18,137.07,99.54,77.72,617.52,56.58,normal,0,0
2025-02-07,C,110,243.96,86.05,52.46,22.2,404.68,39.08,normal,0,0
2025-02-07,D,111,494.65,203.63,170.61,95.66,964.55,76.9,heavy,0,0
2025-02-07,A,112,372.29,162.6,124.49,47.27,706.66,55.96,heavy,0,0
2025-02-07,B,113,336.4,129.08,108.48,51.1,625.06,76.95,normal,0,0
2025-02-07,C,114,543.82,204.84,145.22,134.56,1028.44,100.69,heavy,0,0
2025-02-07,D,115,181.63,76.69,50.15,37.02,345.49,25.07,normal,0,0
2025-02-07,A,116,458.25,229.37,127.88,57.63,873.13,86.29,heavy,0,0
2025-02-07,B,117,281.52,115.13,72.27,71.03,539.95,36.37,normal,0,0
2025-02-07,C,118,318.69,111.76,115.65,86.5,632.59,72.06,normal,0,0
2025-02-07,D,119,421.84,197.44,119.24,68.69,807.2,88.82,heavy,0,0
2025-02-07,A,120,410.69,147.66,165.03,82.7,1956.17,153.41,heavy,1,0
2025-02-07,B,121,180.33,84.73,67.61,27.25,359.92,30.6,saver,0,0
2025-02-07,C,122,267.76,70.93,66.18,35.02,439.89,30.86,normal,0,0
2025-02-07,D,123,313.87,143.32,121.13,101.39,679.72,47.28,normal,0,0
2025-02-07,A,124,215.3,77.49,84.31,45.39,422.48,50.02,normal,0,0
2025-02-07,B,125,412.28,185.67,143.93,81.99,823.87,70.65,heavy,0,0
2025-02-07,C,126,220.33,77.69,83.64,47.5,429.16,53.41,normal,0,0
2025-02-07,D,127,210.76,80.78,70.5,22.37,384.41,40.19,normal,0,0
2025-02-07,A,128,398.95,158.35,86.2,60.92,704.41,48.32,normal,0,0
2025-02-07,B,129,347.9,120.72,99.47,64.51,903.34,74.7,normal,0,1
2025-02-07,C,130,298.83,128.7,96.62,78.68,1014.33,70.9,normal,1,0
2025-02-07,D,131,454.12,135.42,100.3,118.3,808.15,72.75,heavy,0,0
2025-02-07,A,132,284.75,77.92,75.95,58.46,497.09,50.04,normal,0,0
2025-02-07,B,133,393.07,163.05,92.19,65.01,713.32,55.09,heavy,0,0
2025-02-07,C,134,429.23,185.0,162.45,84.72,861.39,78.84,heavy,0,0
2025-02-07,D,135,313.01,146.18,70.13,49.77,862.12,52.29,normal,0,1
2025-02-07,A,136,313.42,118.31,101.3,72.92,605.95,75.04,heavy,0,0
2025-02-07,B,137,250.87,78.44,71.86,60.32,461.5,54.9,normal,0,0
2025-02-07,C,138,374.31,125.99,92.77,65.24,658.3,53.29,normal,0,0
2025-02-07,D,139,303.42,116.87,115.61,91.08,833.38,48.19,normal,0,1
2025-02-07,A,140,199.07,76.22,57.32,54.82,571.54,39.87,normal,0,1
2025-02-07,B,141,260.78,124.76,102.04,61.04,548.61,53.48,normal,0,0
2025-02-07,C,142,186.25,69.15,66.17,47.55,369.13,40.84,saver,0,0
2025-02-07,D,143,241.01,121.15,85.26,29.22,476.65,38.05,normal,0,0
2025-02-07,A,144,217.73,119.75,52.3,30.68,420.47,47.71,normal,0,0
2025-02-07,B,145,279.25,77.94,63.63,26.79,447.61,55.28,normal,0,0
2025-02-07,C,146,217.88,114.86,94.07,58.69,485.5,59.13,normal,0,0
2025-02-07,D,147,446.44,180.1,83.68,54.81,765.03,84.84,heavy,0,0
2025-02-07,A,148,181.67,79.29,50.49,20.86,332.31,34.16,normal,0,0
2025-02-07,B,149,460.43,197.91,130.42,78.12,866.89,90.72,heavy,0,0
2025-02-07,C,150,345.09,107.39,87.4,58.94,598.82,40.07,normal,0,0
2025-02-07,D,151,274.91,147.6,100.25,37.68,560.44,44.68,normal,0,0
2025-02-07,A,152,179.27,77.24,81.62,31.56,369.69,27.72,saver,0,0
2025-02-07,B,153,195.14,101.86,84.76,62.8,444.56,35.59,normal,0,0
2025-02-07,C,154,249.2,83.94,76.24,55.52,464.91,31.8,normal,0,0
2025-02-07,D,155,220.09,100.95,82.87,58.76,462.67,42.39,normal,0,0
2025-02-07,A,156,218.15,77.97,54.15,36.05,386.33,34.73,normal,0,0
2025-02-07,B,157,190.72,65.34,48.82,24.6,572.01,33.95,saver,0,1
2025-02-07,C,158,327.44,190.79,116.65,68.12,703.0,77.23,heavy,0,0
2025-02-07,D,159,305.68,86.42,65.36,68.72,526.18,40.53,normal,0,0
2025-02-07,A,160,410.87,191.41,125.19,97.88,825.36,76.21,heavy,0,0
2025-02-07,B,161,316.21,119.26,81.15,29.67,546.29,53.09,normal,0,0
2025-02-07,C,162,136.39,41.31,45.7,14.35,237.74,27.1,saver,0,0
2025-02-07,D,163,178.91,60.42,57.27,50.31,346.91,25.69,saver,0,0
2025-02-07,A,164,240.87,83.46,68.02,57.28,449.64,32.84,normal,0,0
2025-02-07,B,165,485.25,184.79,167.86,142.07,979.97,87.62,heavy,0,0
2025-02-07,C,166,112.67,41.29,33.66,27.05,214.67,14.39,saver,0,0
2025-02-07,D,167,345.5,136.87,96.04,71.55,649.97,49.16,normal,0,0
2025-02-07,A,168,564.23,228.71,180.85,55.59,1029.37,72.16,heavy,0,0
2025-02-07,B,169,189.85,87.72,80.61,34.9,393.08,28.74,normal,0,0
2025-02-07,C,170,335.87,162.21,131.67,69.08,698.83,84.46,heavy,0,0
2025-02-07,D,171,249.65,71.3,49.32,27.23,397.5,34.8,normal,0,0
2025-02-07,A,172,153.55,65.07,40.81,38.3,297.74,27.12,saver,0,0
2025-02-07,B,173,355.7,131.28,113.82,99.92,700.73,59.89,normal,0,0
2025-02-07,C,174,219.97,93.57,54.18,31.66,399.38,27.23,saver,0,0
2025-02-07,D,175,377.94,155.77,132.33,60.05,726.09,54.69,heavy,0,0
2025-02-07,A,176,325.09,138.77,136.71,52.7,653.27,47.78,heavy,0,0
2025-02-07,B,177,261.18,81.43,52.15,28.84,423.61,45.5,normal,0,0
2025-02-07,C,178,190.39,81.34,72.79,52.21,396.72,27.42,saver,0,0
2025-02-07,D,179,342.98,108.03,84.93,82.29,1051.69,58.83,normal,0,1
2025-02-07,A,180,354.68,127.74,75.07,72.14,629.63,44.08,normal,0,0
2025-02-08,B,101,400.79,152.28,149.48,40.22,742.77,57.2,normal,0,0
2025-02-08,C,102,626.21,218.28,234.7,116.64,1195.84,87.27,heavy,0,0
2025-02-08,D,103,256.71,131.75,86.43,38.6,513.5,52.41,normal,0,0
2025-02-08,A,104,262.05,126.17,99.2,76.78,874.25,57.49,normal,0,1
2025-02-08,B,105,552.39,176.66,165.41,111.41,1005.86,83.81,heavy,0,0
2025-02-08,C,106,612.89,347.72,267.19,171.14,1398.93,165.13,heavy,0,0
2025-02-08,D,107,285.62,101.62,126.22,71.75,1165.85,124.95,normal,1,0
2025-02-08,A,108,365.91,177.37,109.71,97.0,749.99,83.27,normal,0,0
2025-02-08,B,109,349.82,130.08,99.27,55.21,634.39,45.59,normal,0,0
2025-02-08,C,110,389.98,113.1,98.98,49.36,651.41,49.69,normal,0,0
2025-02-08,D,111,482.26,160.19,102.0,50.76,795.21,97.45,heavy,0,0
2025-02-08,A,112,449.39,188.37,131.85,57.1,826.72,56.34,normal,0,0
2025-02-08,B,113,341.07,128.29,137.99,58.95,666.3,74.33,normal,0,0
2025-02-08,C,114,355.63,125.03,95.25,114.13,690.03,68.53,normal,0,0
2025-02-08,D,115,358.17,134.79,146.2,104.73,1220.26,72.24,normal,0,1
2025-02-08,A,116,287.31,127.46,107.05,32.69,554.52,44.66,saver,0,0
2025-02-08,B,117,404.75,179.83,138.74,94.98,818.3,58.59,heavy,0,0
2025-02-08,C,118,432.18,137.94,108.61,81.8,760.52,57.36,normal,0,0
2025-02-08,D,119,147.33,72.72,43.88,36.85,300.77,33.47,saver,0,0
2025-02-08,A,120,355.87,167.15,126.17,89.8,739.0,81.1,normal,0,0
2025-02-08,B,121,275.63,157.37,99.42,74.56,606.98,58.63,normal,0,0
2025-02-08,C,122,327.89,175.02,139.38,48.42,690.71,55.66,normal,0,0
2025-02-08,D,123,313.15,126.3,93.42,74.46,607.33,58.69,normal,0,0
2025-02-08,A,124,334.74,163.04,101.07,89.67,1097.15,120.76,normal,1,0
2025-02-08,B,125,590.27,178.26,181.13,113.3,1062.95,120.83,heavy,0,0
2025-02-08,C,126,306.13,111.82,67.89,56.71,946.52,56.5,normal,0,1
2025-02-08,D,127,333.53,130.51,102.91,48.0,614.95,59.34,normal,0,0
2025-02-08,A,128,254.11,143.75,78.04,54.66,530.55,38.94,normal,0,0
2025-02-08,B,129,307.02,107.64,93.61,56.78,565.05,58.02,normal,0,0
2025-02-08,C,130,270.91,96.28,88.24,27.37,482.8,46.45,saver,0,0
2025-02-08,D,131,263.27,87.76,79.34,66.65,497.02,37.33,saver,0,0
2025-02-08,A,132,518.73,190.26,124.25,67.83,901.06,62.85,heavy,0,0
2025-02-08,B,133,148.34,58.73,54.57,22.8,284.44,19.24,saver,0,0
2025-02-08,C,134,465.44,136.32,79.24,86.56,767.56,66.43,normal,0,0
2025-02-08,D,135,342.6,153.47,153.56,41.71,691.34,75.53,normal,0,0
2025-02-08,A,136,390.44,161.18,162.33,91.86,805.83,84.91,normal,0,0
2025-02-08,B,137,288.33,100.39,71.77,62.03,1198.17,59.46,normal,1,0
2025-02-08,C,138,396.56,155.77,123.1,70.36,745.79,51.76,normal,0,0
2025-02-08,D,139,644.7,340.25,237.05,164.04,1386.05,159.65,heavy,0,0
2025-02-08,A,140,334.69,145.41,118.77,56.06,654.94,54.11,normal,0,0
2025-02-08,B,141,318.58,114.3,108.35,33.26,574.49,51.2,normal,0,0
2025-02-08,C,142,648.13,208.78,232.77,97.3,1186.98,113.84,heavy,0,0
2025-02-08,D,143,365.46,162.86,155.81,48.75,732.88,89.23,normal,0,0
2025-02-08,A,144,260.5,111.01,80.25,28.22,479.97,49.71,normal,0,0
2025-02-08,B,145,335.51,118.94,71.45,58.63,584.52,46.63,normal,0,0
2025-02-08,C,146,348.61,184.08,86.6,63.69,682.98,66.86,normal,0,0
2025-02-08,D,147,618.97,187.49,161.91,144.31,1112.68,116.22,heavy,0,0
2025-02-08,A,148,362.39,124.54,112.23,51.47,650.63,65.45,normal,0,0
2025-02-08,B,149,313.75,160.96,90.05,43.81,608.56,61.36,normal,0,0
2025-02-08,C,150,380.05,151.22,82.49,42.14,655.9,55.6,normal,0,0
2025-02-08,D,151,312.92,149.78,96.68,56.2,615.57,70.23,normal,0,0
2025-02-08,A,152,242.34,90.65,99.59,41.84,474.41,56.18,normal,0,0
2025-02-08,B,153,361.0,171.86,141.09,52.47,726.42,53.14,normal,0,0
2025-02-08,C,154,564.4,197.39,198.84,137.5,1098.14,75.83,heavy,0,0
2025-02-08,D,155,553.72,259.17,188.26,114.21,1115.36,120.77,heavy,0,0
2025-02-08,A,156,666.51,295.0,170.16,158.78,1290.44,86.03,heavy,0,0
2025-02-08,B,157,254.25,128.84,93.77,45.73,522.58,37.83,normal,0,0
2025-02-08,C,158,447.03,136.45,131.34,101.01,815.83,86.18,normal,0,0
2025-02-08,D,159,376.95,170.91,94.58,103.57,746.01,77.28,normal,0,0
2025-02-08,A,160,762.21,261.79,250.59,182.92,1457.5,170.24,heavy,0,0
2025-02-08,B,161,184.63,87.33,59.48,36.64,368.08,42.08,saver,0,0
2025-02-08,C,162,576.92,294.56,258.99,185.61,1316.07,124.05,heavy,0,0
2025-02-08,D,163,465.03,184.06,144.53,107.34,900.96,62.45,heavy,0,0
2025-02-08,A,164,691.48,276.43,186.56,126.28,1280.75,112.6,heavy,0,0
2025-02-08,B,165,524.49,160.95,123.81,128.43,1876.13,162.94,heavy,1,0
2025-02-08,C,166,138.12,56.12,44.38,40.43,279.05,18.83,saver,0,0
2025-02-08,D,167,249.36,91.62,77.63,58.66,850.54,56.09,normal,0,1
2025-02-08,A,168,475.85,181.73,171.61,124.56,953.75,79.1,heavy,0,0
2025-02-08,B,169,582.1,292.26,177.71,153.0,1592.85,136.1,heavy,0,1
2025-02-08,C,170,272.05,148.39,110.24,85.08,615.76,62.4,normal,0,0
2025-02-08,D,171,274.1,111.83,82.53,57.94,526.4,52.43,normal,0,0
2025-02-08,A,172,282.62,97.93,64.62,50.3,495.47,33.24,normal,0,0
2025-02-08,B,173,347.4,122.22,135.59,61.49,666.7,70.28,normal,0,0
2025-02-08,C,174,434.88,164.21,161.3,118.13,878.53,80.53,normal,0,0
2025-02-08,D,175,154.45,84.54,36.47,32.22,307.67,24.92,saver,0,0
2025-02-08,A,176,612.41,246.39,202.0,122.41,1183.22,102.8,heavy,0,0
2025-02-08,B,177,402.82,196.03,131.45,75.27,805.56,55.09,normal,0,0
2025-02-08,C,178,186.41,89.67,64.94,39.19,569.46,28.22,saver,0,1
2025-02-08,D,179,303.31,80.57,74.48,45.71,749.84,36.61,normal,0,1
2025-02-08,A,180,330.89,127.08,129.19,49.56,636.73,52.87,normal,0,0
2025-02-09,B,101,338.75,135.92,123.78,100.35,698.8,78.62,normal,0,0
2025-02-09,C,102,504.25,153.6,128.25,113.96,900.06,95.8,heavy,0,0
2025-02-09,D,103,301.52,145.79,106.12,56.34,609.77,58.6,normal,0,0
2025-02-09,A,104,427.13,221.71,203.19,57.27,909.3,82.79,heavy,0,0
2025-02-09,B,105,235.43,93.03,79.34,55.01,462.81,37.57,saver,0,0
2025-02-09,C,106,419.99,231.19,153.91,114.22,919.32,91.39,heavy,0,0
2025-02-09,D,107,334.37,101.9,108.4,40.02,584.69,52.78,normal,0,0
2025-02-09,A,108,323.36,167.95,136.85,110.16,1234.81,55.09,normal,0,1
2025-02-09,B,109,214.0,78.97,95.29,57.52,445.79,32.95,saver,0,0
2025-02-09,C,110,332.65,114.23,118.03,69.34,634.25,51.81,normal,0,0
2025-02-09,D,111,601.71,194.46,175.55,69.52,1041.24,75.67,heavy,0,0
2025-02-09,A,112,357.36,148.89,85.66,44.88,636.79,63.5,normal,0,0
2025-02-09,B,113,407.16,151.49,128.78,37.69,725.12,57.11,normal,0,0
2025-02-09,C,114,487.09,152.15,95.89,49.55,784.68,60.16,heavy,0,0
2025-02-09,D,115,281.47,103.53,79.13,60.49,524.61,37.3,saver,0,0
2025-02-09,A,116,297.65,112.42,114.08,78.99,603.14,42.05,normal,0,0
2025-02-09,B,117,300.59,98.34,70.92,49.59,519.44,59.68,normal,0,0
2025-02-09,C,118,348.19,139.65,80.58,84.62,653.04,73.36,normal,0,0
2025-02-09,D,119,317.92,137.56,93.79,73.01,1063.91,58.96,normal,0,1
2025-02-09,A,120,387.86,183.96,135.77,62.7,770.3,85.7,normal,0,0
2025-02-09,B,121,304.14,111.46,84.94,58.0,819.03,42.38,normal,0,1
2025-02-09,C,122,330.45,129.62,75.96,57.66,593.69,50.64,normal,0,0
2025-02-09,D,123,264.95,138.3,69.67,89.54,562.46,41.21,normal,0,0
2025-02-09,A,124,620.1,186.36,173.43,58.72,1038.62,102.09,heavy,0,0
2025-02-09,B,125,347.94,122.99,101.37,87.2,659.49,50.2,normal,0,0
2025-02-09,C,126,252.59,133.31,85.53,38.97,758.99,45.93,normal,0,1
2025-02-09,D,127,334.78,124.62,142.16,66.24,667.8,47.24,normal,0,0
2025-02-09,A,128,410.36,116.27,80.96,101.42,709.01,61.29,normal,0,0
2025-02-09,B,129,607.17,220.14,218.93,161.94,1208.18,144.75,heavy,0,0
2025-02-09,C,130,403.64,134.85,153.44,66.78,758.71,85.54,heavy,0,0
2025-02-09,D,131,432.32,220.99,115.47,65.07,833.86,87.79,normal,0,0
2025-02-09,A,132,183.0,100.82,61.18,32.83,377.82,27.95,saver,0,0
2025-02-09,B,133,665.47,298.22,266.3,87.89,1317.87,90.96,heavy,0,0
2025-02-09,C,134,197.18,84.03,63.87,40.72,385.8,36.74,saver,0,0
2025-02-09,D,135,561.92,217.31,133.2,90.17,1002.6,116.16,heavy,0,0
2025-02-09,A,136,665.7,274.17,166.75,86.08,1192.69,124.53,heavy,0,0
2025-02-09,B,137,288.25,101.2,56.45,27.53,473.43,53.56,normal,0,0
2025-02-09,C,138,731.43,223.38,236.69,100.37,1291.86,122.6,heavy,0,0
2025-02-09,D,139,185.9,79.68,41.0,29.52,336.1,37.84,saver,0,0
2025-02-09,A,140,500.36,252.82,194.47,153.65,1101.31,100.87,heavy,0,0
2025-02-09,B,141,453.16,246.24,174.41,117.66,991.47,70.9,heavy,0,0
2025-02-09,C,142,211.4,86.58,75.33,44.69,418.0,34.11,normal,0,0
2025-02-09,D,143,387.28,127.76,135.04,84.7,734.78,85.94,normal,0,0
2025-02-09,A,144,321.28,114.88,115.27,57.65,609.08,74.13,normal,0,0
2025-02-09,B,145,565.3,247.84,115.18,77.3,1005.62,123.11,heavy,0,0
2025-02-09,C,146,642.95,178.42,214.45,100.87,1136.69,100.02,heavy,0,0
2025-02-09,D,147,359.47,140.1,147.71,40.66,687.94,74.21,normal,0,0
2025-02-09,A,148,283.81,86.12,92.61,69.36,531.9,41.05,normal,0,0
2025-02-09,B,149,366.9,162.37,109.02,74.43,712.73,62.25,normal,0,0
2025-02-09,C,150,379.52,97.24,67.97,64.24,608.98,42.33,normal,0,0
2025-02-09,D,151,278.5,119.63,97.69,34.06,529.88,35.48,normal,0,0
2025-02-09,A,152,239.15,132.02,84.59,54.61,510.36,53.29,normal,0,0
2025-02-09,B,153,461.96,154.76,160.84,48.49,826.05,98.95,normal,0,0
2025-02-09,C,154,389.13,160.82,129.11,51.97,1035.25,59.16,normal,0,1
2025-02-09,D,155,356.18,161.53,82.64,113.89,714.24,81.45,normal,0,0
2025-02-09,A,156,196.41,99.97,89.58,47.35,433.31,47.33,normal,0,0
2025-02-09,B,157,539.31,217.91,175.88,46.99,980.08,74.29,heavy,0,0
2025-02-09,C,158,501.68,148.7,112.06,69.8,832.24,61.01,normal,0,0
2025-02-09,D,159,221.16,107.62,104.91,79.19,512.88,43.75,normal,0,0
2025-02-09,A,160,165.93,67.33,52.97,43.39,329.62,25.4,saver,0,0
2025-02-09,B,161,523.07,257.66,131.82,133.95,1046.5,87.61,heavy,0,0
2025-02-09,C,162,263.7,111.87,57.26,64.31,497.14,61.75,normal,0,0
2025-02-09,D,163,430.49,137.79,165.92,59.07,793.27,72.27,heavy,0,0
2025-02-09,A,164,476.41,136.0,141.11,112.04,865.56,86.74,heavy,0,0
2025-02-09,B,165,619.85,286.45,145.96,127.02,1179.28,128.42,heavy,0,0
2025-02-09,C,166,331.51,144.55,86.88,75.77,638.71,56.94,normal,0,0
2025-02-09,D,167,483.1,184.36,166.35,126.75,960.56,114.74,heavy,0,0
2025-02-09,A,168,286.66,112.28,79.57,41.29,519.81,55.38,saver,0,0
2025-02-09,B,169,365.54,107.18,96.46,81.15,650.33,57.07,normal,0,0
2025-02-09,C,170,470.6,222.03,155.26,137.14,1499.24,106.66,heavy,0,1
2025-02-09,D,171,616.28,257.94,221.72,147.17,1960.74,131.16,heavy,0,1
2025-02-09,A,172,208.91,108.77,68.43,50.02,436.12,29.53,saver,0,0
2025-02-09,B,173,551.64,227.11,225.02,102.04,1105.8,110.45,heavy,0,0
2025-02-09,C,174,436.38,138.52,79.6,71.11,725.61,62.8,normal,0,0
2025-02-09,D,175,303.58,157.43,91.47,92.92,645.4,43.91,normal,0,0
2025-02-09,A,176,424.27,140.46,109.83,107.48,1384.72,67.86,normal,0,1
2025-02-09,B,177,664.0,209.38,176.82,67.3,1117.5,124.33,heavy,0,0
2025-02-09,C,178,281.31,114.27,85.98,35.18,516.73,46.16,normal,0,0
2025-02-09,D,179,353.11,144.9,99.14,70.43,667.58,78.35,normal,0,0
2025-02-09,A,180,287.85,105.78,79.07,59.22,531.92,41.17,normal,0,0
2025-02-10,B,101,373.39,131.12,83.76,95.76,684.02,47.32,normal,0,0
2025-02-10,C,102,203.62,65.07,59.52,19.45,347.66,25.71,saver,0,0
2025-02-10,D,103,650.3,195.38,126.49,86.31,1593.55,86.04,heavy,0,1
2025-02-10,A,104,574.56,167.75,190.0,156.88,1089.19,80.57,heavy,0,0
2025-02-10,B,105,214.09,104.78,55.75,72.37,446.99,33.68,normal,0,0
2025-02-10,C,106,258.71,131.86,117.02,64.67,572.27,65.85,normal,0,0
2025-02-10,D,107,599.89,261.26,136.05,143.54,1140.74,115.51,heavy,0,0
2025-02-10,A,108,302.65,112.35,111.88,74.03,600.91,74.83,normal,0,0
2025-02-10,B,109,450.38,155.61,133.04,109.44,848.48,67.89,heavy,0,0
2025-02-10,C,110,269.04,105.03,95.43,31.45,500.95,37.03,normal,0,0
2025-02-10,D,111,232.35,112.38,70.66,54.31,469.69,31.35,normal,0,0
2025-02-10,A,112,247.02,99.29,78.71,52.88,477.9,35.88,normal,0,0
2025-02-10,B,113,175.03,84.83,43.11,56.46,359.43,26.33,normal,0,0
2025-02-10,C,114,289.63,124.08,79.25,62.41,555.38,48.68,normal,0,0
2025-02-10,D,115,311.42,140.76,71.91,46.49,570.59,39.48,normal,0,0
2025-02-10,A,116,300.38,91.34,102.81,27.87,522.41,36.16,normal,0,0
2025-02-10,B,117,261.13,109.36,93.78,66.52,530.79,64.4,normal,0,0
2025-02-10,C,118,271.37,93.56,82.21,52.26,499.39,42.98,normal,0,0
2025-02-10,D,119,314.14,97.21,93.5,54.77,762.3,58.66,normal,0,1
2025-02-10,A,120,222.35,127.23,75.07,31.21,455.86,40.68,normal,0,0
2025-02-10,B,121,202.59,90.83,79.63,44.81,621.09,28.38,normal,0,1
2025-02-10,C,122,307.77,129.55,99.6,65.23,602.15,73.71,normal,0,0
2025-02-10,D,123,323.88,109.17,99.06,40.31,572.42,53.62,normal,0,0
2025-02-10,A,124,180.0,68.8,55.03,23.2,327.03,25.78,saver,0,0
2025-02-10,B,125,194.57,102.44,53.04,37.73,387.78,36.32,normal,0,0
2025-02-10,C,126,276.01,114.49,98.57,40.1,529.17,56.28,normal,0,0
2025-02-10,D,127,263.12,111.07,86.13,56.28,516.59,58.54,normal,0,0
2025-02-10,A,128,392.31,128.4,97.31,42.18,660.2,64.43,normal,0,0
2025-02-10,B,129,362.36,96.83,103.32,48.3,610.8,69.96,normal,0,0
2025-02-10,C,130,220.81,88.96,62.06,69.1,440.93,31.13,normal,0,0
2025-02-10,D,131,187.49,51.55,40.71,21.06,300.81,26.56,saver,0,0
2025-02-10,A,132,177.35,74.54,63.6,47.61,363.1,27.84,saver,0,0
2025-02-10,B,133,212.98,88.75,73.37,31.36,406.46,29.47,normal,0,0
2025-02-10,C,134,315.72,117.81,93.84,83.62,610.98,44.53,normal,0,0
2025-02-10,D,135,290.9,141.46,87.11,70.19,589.66,57.44,normal,0,0
2025-02-10,A,136,318.48,169.36,100.61,100.88,1672.12,117.39,heavy,1,0
2025-02-10,B,137,300.41,82.81,96.33,62.98,542.52,55.99,normal,0,0
2025-02-10,C,138,198.6,77.16,50.78,67.31,393.85,34.77,normal,0,0
2025-02-10,D,139,187.66,84.24,64.56,36.67,373.13,29.0,normal,0,0
2025-02-10,A,140,249.19,128.09,101.02,34.13,512.43,51.07,normal,0,0
2025-02-10,B,141,353.61,121.2,68.24,76.63,619.68,57.21,normal,0,0
2025-02-10,C,142,465.84,152.67,122.97,120.2,861.67,65.42,heavy,0,0
2025-02-10,D,143,503.4,194.11,167.8,86.48,951.8,64.97,heavy,0,0
2025-02-10,A,144,245.56,105.32,89.63,69.02,509.53,58.45,normal,0,0
2025-02-10,B,145,269.48,116.05,70.21,59.23,514.96,50.87,normal,0,0
2025-02-10,C,146,126.79,61.95,27.39,16.09,352.52,18.39,saver,0,1
2025-02-10,D,147,225.21,100.44,67.81,65.62,459.09,54.1,normal,0,0
2025-02-10,A,148,317.34,113.87,106.05,44.8,582.05,39.33,normal,0,0
2025-02-10,B,149,313.96,122.13,93.86,53.09,583.04,42.42,normal,0,0
2025-02-10,C,150,612.72,195.99,208.38,113.07,1130.17,76.29,heavy,0,0
2025-02-10,D,151,519.4,231.81,157.2,56.78,965.18,75.09,heavy,0,0
2025-02-10,A,152,208.4,97.71,90.52,28.3,424.92,47.22,normal,0,0
2025-02-10,B,153,228.62,99.76,91.38,45.09,464.85,41.66,normal,0,0
2025-02-10,C,154,171.8,55.74,59.92,37.61,325.06,22.7,saver,0,0
2025-02-10,D,155,571.89,259.89,205.66,130.74,1168.18,140.13,heavy,0,0
2025-02-10,A,156,256.69,141.11,77.36,32.82,507.98,47.12,normal,0,0
2025-02-10,B,157,353.82,151.78,100.4,46.57,652.58,61.66,normal,0,0
2025-02-10,C,158,235.13,79.29,43.98,52.4,410.8,36.23,normal,0,0
2025-02-10,D,159,339.48,123.44,154.95,64.56,1195.6,47.31,heavy,0,1
2025-02-10,A,160,177.48,63.33,54.27,34.28,329.36,39.51,saver,0,0
2025-02-10,B,161,495.11,159.15,126.88,74.42,855.56,61.67,heavy,0,0
2025-02-10,C,162,404.47,177.09,111.27,119.04,811.87,55.2,heavy,0,0
2025-02-10,D,163,340.01,135.49,106.21,75.87,1017.88,64.7,normal,0,1
2025-02-10,A,164,262.83,96.41,91.12,59.82,510.18,45.4,normal,0,0
2025-02-10,B,165,199.66,72.52,66.2,53.9,392.28,29.58,normal,0,0
2025-02-10,C,166,558.47,253.32,174.67,139.3,1125.76,96.63,heavy,0,0
2025-02-10,D,167,378.7,182.35,97.49,39.73,698.27,56.18,heavy,0,0
2025-02-10,A,168,313.03,136.71,75.73,53.23,578.69,48.28,normal,0,0
2025-02-10,B,169,250.19,124.89,87.6,70.4,533.09,62.8,normal,0,0
2025-02-10,C,170,553.46,271.91,205.3,60.78,1091.45,122.7,heavy,0,0
2025-02-10,D,171,227.14,111.85,82.11,27.9,449.0,39.46,normal,0,0
2025-02-10,A,172,149.27,62.03,33.39,16.87,261.56,20.97,saver,0,0
2025-02-10,B,173,415.14,152.92,114.11,68.2,1229.45,115.04,heavy,1,0
2025-02-10,C,174,304.22,115.29,89.37,91.22,600.09,52.02,normal,0,0
2025-02-10,D,175,259.18,134.68,66.23,66.72,526.81,47.01,normal,0,0
2025-02-10,A,176,423.02,199.06,105.2,96.81,824.1,89.75,heavy,0,0
2025-02-10,B,177,260.06,144.98,113.81,89.05,607.9,56.2,normal,0,0
2025-02-10,C,178,385.85,102.3,72.91,58.45,619.51,41.31,normal,0,0
2025-02-10,D,179,331.05,145.25,67.49,70.6,614.39,74.47,normal,0,0
2025-02-10,A,180,340.13,128.44,112.53,67.39,1051.68,80.56,normal,0,1
2025-02-11,B,101,115.92,61.46,49.22,22.97,249.57,19.86,saver,0,0
2025-02-11,C,102,410.37,119.46,123.9,71.36,725.09,75.92,normal,0,0
2025-02-11,D,103,332.52,134.28,80.69,78.32,625.82,48.71,normal,0,0
2025-02-11,A,104,462.51,147.24,85.54,102.15,797.45,84.07,heavy,0,0
2025-02-11,B,105,307.58,103.95,77.49,81.82,570.84,42.63,normal,0,0
2025-02-11,C,106,200.38,81.3,77.22,44.66,403.56,37.92,normal,0,0
2025-02-11,D,107,180.12,99.45,82.82,35.65,398.04,39.63,normal,0,0
2025-02-11,A,108,243.8,109.55,71.02,54.41,478.78,38.81,normal,0,0
2025-02-11,B,109,266.03,98.26,45.75,27.44,437.48,31.24,normal,0,0
2025-02-11,C,110,209.54,77.18,72.85,65.58,425.15,51.75,normal,0,0
2025-02-11,D,111,332.71,132.29,112.49,42.75,620.25,70.88,normal,0,0
2025-02-11,A,112,340.94,119.33,79.28,70.69,1043.45,53.32,normal,0,1
2025-02-11,B,113,183.01,57.83,35.33,35.44,311.6,27.86,saver,0,0
2025-02-11,C,114,197.32,71.43,46.25,18.94,333.93,27.39,saver,0,0
2025-02-11,D,115,280.04,101.54,88.67,92.99,563.23,48.11,normal,0,0
2025-02-11,A,116,190.86,88.9,76.75,55.54,412.06,43.01,saver,0,0
2025-02-11,B,117,154.73,58.12,46.19,18.24,277.29,21.54,saver,0,0
2025-02-11,C,118,282.78,118.93,56.48,71.15,529.35,38.34,normal,0,0
2025-02-11,D,119,596.45,206.76,140.77,160.31,1104.29,75.9,heavy,0,0
2025-02-11,A,120,335.91,118.67,84.15,50.9,589.63,39.96,normal,0,0
2025-02-11,B,121,139.57,53.0,53.1,16.18,261.84,19.99,saver,0,0
2025-02-11,C,122,257.74,94.57,79.0,74.06,505.36,56.13,normal,0,0
2025-02-11,D,123,242.59,93.76,63.64,38.07,438.06,41.19,normal,0,0
2025-02-11,A,124,446.57,196.91,193.14,51.22,887.84,94.48,heavy,0,0
2025-02-11,B,125,387.7,144.21,115.12,61.44,1521.59,92.8,normal,1,0
2025-02-11,C,126,224.45,76.48,65.91,19.02,385.85,33.62,saver,0,0
2025-02-11,D,127,188.55,72.7,84.49,43.19,388.93,41.35,normal,0,0
2025-02-11,A,128,284.29,85.39,81.21,30.44,481.33,49.56,normal,0,0
2025-02-11,B,129,158.55,91.19,67.46,35.94,623.19,24.22,saver,0,1
2025-02-11,C,130,284.22,101.15,87.31,69.7,839.67,65.94,normal,0,1
2025-02-11,D,131,204.7,93.15,56.26,38.78,392.89,45.82,saver,0,0
2025-02-11,A,132,451.25,172.33,113.44,49.62,786.64,54.72,heavy,0,0
2025-02-11,B,133,513.02,139.32,114.32,92.0,858.67,58.01,heavy,0,0
2025-02-11,C,134,467.83,216.16,161.63,118.01,963.63,93.63,heavy,0,0
2025-02-11,D,135,437.02,169.58,118.13,118.09,842.82,62.06,heavy,0,0
2025-02-11,A,136,263.61,141.67,104.88,74.76,584.92,61.39,normal,0,0
2025-02-11,B,137,175.84,87.27,58.84,33.41,355.37,34.8,normal,0,0
2025-02-11,C,138,253.29,93.93,59.89,57.25,464.37,33.6,normal,0,0
2025-02-11,D,139,240.08,93.0,69.87,57.33,460.28,56.15,normal,0,0
2025-02-11,A,140,402.23,212.17,142.64,128.91,885.95,66.74,heavy,0,0
2025-02-11,B,141,333.69,136.65,92.11,29.09,591.54,44.68,normal,0,0
2025-02-11,C,142,254.12,136.33,66.79,31.65,823.08,39.08,normal,0,1
2025-02-11,D,143,362.74,110.98,107.6,38.2,619.51,46.2,normal,0,0
2025-02-11,A,144,351.3,158.44,86.65,62.09,658.48,44.93,normal,0,0
2025-02-11,B,145,347.85,143.01,115.07,46.12,652.04,67.29,normal,0,0
2025-02-11,C,146,226.6,121.53,81.64,70.65,500.41,39.57,normal,0,0
2025-02-11,D,147,277.21,145.87,95.94,45.8,564.83,45.64,normal,0,0
2025-02-11,A,148,254.17,110.76,57.1,53.36,475.4,40.97,normal,0,0
2025-02-11,B,149,268.94,86.03,106.19,27.37,488.53,36.37,normal,0,0
2025-02-11,C,150,136.5,59.44,43.95,12.99,252.87,19.77,saver,0,0
2025-02-11,D,151,186.63,60.26,62.67,50.75,360.31,36.23,saver,0,0
2025-02-11,A,152,330.87,92.62,79.01,70.54,2068.81,81.35,normal,1,1
2025-02-11,B,153,266.65,76.67,79.55,43.57,466.43,35.13,normal,0,0
2025-02-11,C,154,350.59,111.7,92.08,91.29,645.66,49.26,normal,0,0
2025-02-11,D,155,235.21,129.78,60.13,63.47,488.59,37.37,normal,0,0
2025-02-11,A,156,191.77,90.41,56.65,64.18,403.01,43.03,normal,0,0
2025-02-11,B,157,244.79,89.39,81.25,25.16,440.59,31.64,normal,0,0
2025-02-11,C,158,138.75,64.11,31.65,36.16,270.67,30.85,saver,0,0
2025-02-11,D,159,362.78,102.2,102.34,54.52,621.83,57.55,normal,0,0
2025-02-11,A,160,236.28,112.74,82.24,35.54,466.81,48.29,normal,0,0
2025-02-11,B,161,342.46,116.06,85.8,40.38,584.7,48.61,normal,0,0
2025-02-11,C,162,403.68,132.08,111.77,63.16,710.69,68.32,heavy,0,0
2025-02-11,D,163,264.09,98.89,61.08,71.67,495.73,42.89,normal,0,0
2025-02-11,A,164,130.71,53.56,45.54,37.31,267.12,19.73,saver,0,0
2025-02-11,B,165,211.9,65.43,52.64,40.2,370.18,42.43,saver,0,0
2025-02-11,C,166,361.74,103.07,103.9,69.39,638.1,47.48,normal,0,0
2025-02-11,D,167,422.39,150.01,155.38,62.55,790.33,80.45,heavy,0,0
2025-02-11,A,168,506.29,178.04,135.7,99.67,919.69,86.79,heavy,0,0
2025-02-11,B,169,183.48,55.4,70.08,29.01,337.98,34.47,saver,0,0
2025-02-11,C,170,599.27,244.85,116.81,62.22,1023.15,100.83,heavy,0,0
2025-02-11,D,171,196.88,94.13,67.09,58.34,416.43,33.64,normal,0,0
2025-02-11,A,172,403.51,163.19,78.83,45.49,691.01,50.48,heavy,0,0
2025-02-11,B,173,319.43,117.3,66.79,82.45,585.97,67.64,normal,0,0
2025-02-11,C,174,295.22,144.45,114.0,96.78,650.46,67.57,normal,0,0
2025-02-11,D,175,203.25,86.93,57.52,32.76,380.45,34.96,normal,0,0
2025-02-11,A,176,203.59,115.05,50.37,60.38,429.39,40.45,normal,0,0
2025-02-11,B,177,455.45,127.46,131.16,60.49,774.56,54.08,heavy,0,0
2025-02-11,C,178,290.11,118.96,105.56,41.0,555.64,50.23,normal,0,0
2025-02-11,D,179,241.84,82.28,69.73,24.82,418.67,41.48,normal,0,0
2025-02-11,A,180,259.32,73.92,79.04,29.73,442.01,39.27,normal,0,0
2025-02-12,B,101,300.76,125.04,70.29,83.91,580.0,45.95,normal,0,0
2025-02-12,C,102,230.53,71.94,63.28,25.4,391.16,36.55,normal,0,0
2025-02-12,D,103,363.76,172.24,97.29,82.96,2484.44,119.92,heavy,1,1
2025-02-12,A,104,286.76,130.65,89.62,32.83,539.86,39.96,normal,0,0
2025-02-12,B,105,206.9,100.66,69.78,39.93,417.25,28.95,normal,0,0
2025-02-12,C,106,323.27,148.85,110.51,77.47,660.1,50.16,normal,0,0
2025-02-12,D,107,194.85,110.39,56.03,69.82,431.08,40.53,normal,0,0
2025-02-12,A,108,196.6,100.06,57.64,31.15,385.46,32.92,normal,0,0
2025-02-12,B,109,398.64,171.14,83.04,97.37,750.19,73.72,heavy,0,0
2025-02-12,C,110,240.56,108.13,59.35,49.99,458.03,37.3,normal,0,0
2025-02-12,D,111,278.1,152.48,66.55,81.46,578.59,48.16,normal,0,0
2025-02-12,A,112,155.49,46.25,47.32,39.99,289.06,31.26,saver,0,0
2025-02-12,B,113,205.28,70.07,72.31,23.1,370.77,32.59,saver,0,0
2025-02-12,C,114,339.71,112.34,111.17,79.45,642.67,46.57,normal,0,0
2025-02-12,D,115,234.3,67.49,60.51,44.34,667.81,30.99,normal,0,1
2025-02-12,A,116,189.85,91.3,70.44,45.1,688.24,37.78,normal,0,1
2025-02-12,B,117,221.13,75.98,73.42,59.05,429.58,35.07,normal,0,0
2025-02-12,C,118,284.12,141.55,78.92,80.53,585.13,44.46,normal,0,0
2025-02-12,D,119,434.78,148.37,79.03,83.73,745.9,55.43,heavy,0,0
2025-02-12,A,120,400.92,215.08,170.44,132.97,919.42,85.15,heavy,0,0
2025-02-12,B,121,393.38,139.89,118.03,118.13,769.43,80.39,heavy,0,0
2025-02-12,C,122,271.87,109.81,67.19,42.82,491.69,44.81,normal,0,0
2025-02-12,D,123,248.91,99.31,59.12,60.59,467.92,44.87,normal,0,0
2025-02-12,A,124,139.35,58.05,30.7,16.03,244.13,26.92,saver,0,0
2025-02-12,B,125,400.97,122.24,147.04,52.98,723.22,68.74,heavy,0,0
2025-02-12,C,126,508.09,194.75,185.29,95.58,983.71,88.26,heavy,0,0
2025-02-12,D,127,286.43,108.92,81.51,72.89,549.76,59.9,normal,0,0
2025-02-12,A,128,449.33,216.35,117.84,107.87,891.4,68.92,heavy,0,0
2025-02-12,B,129,325.36,149.92,136.77,107.68,719.74,54.37,heavy,0,0
2025-02-12,C,130,314.72,122.29,99.4,83.47,619.88,55.42,normal,0,0
2025-02-12,D,131,475.49,205.76,145.57,130.45,957.27,66.94,heavy,0,0
2025-02-12,A,132,136.32,41.51,44.72,17.99,240.54,28.84,saver,0,0
2025-02-12,B,133,324.85,118.24,77.85,32.41,553.35,45.59,normal,0,0
2025-02-12,C,134,486.83,236.09,103.04,99.16,925.13,63.08,heavy,0,0
2025-02-12,D,135,345.42,133.17,142.85,58.08,679.53,66.51,heavy,0,0
2025-02-12,A,136,344.78,156.62,110.02,76.23,687.65,53.47,normal,0,0
2025-02-12,B,137,230.58,110.19,85.16,28.45,454.37,30.8,normal,0,0
2025-02-12,C,138,280.96,106.92,97.41,60.83,546.12,55.47,normal,0,0
2025-02-12,D,139,255.58,68.33,53.71,52.86,430.48,31.24,normal,0,0
2025-02-12,A,140,308.76,101.1,61.94,74.65,546.45,40.97,normal,0,0
2025-02-12,B,141,583.14,216.42,177.63,90.89,1651.89,123.12,heavy,0,1
2025-02-12,C,142,393.84,162.32,98.76,85.54,1059.79,66.52,normal,0,1
2025-02-12,D,143,426.59,166.86,169.18,89.5,852.13,76.56,heavy,0,0
2025-02-12,A,144,246.54,104.77,101.24,53.7,506.25,42.22,normal,0,0
2025-02-12,B,145,261.5,96.89,86.76,31.98,477.14,57.8,normal,0,0
2025-02-12,C,146,244.14,130.79,102.35,88.71,565.98,53.43,normal,0,0
2025-02-12,D,147,282.38,119.48,95.44,62.71,826.44,42.44,normal,0,1
2025-02-12,A,148,356.01,124.4,68.22,47.74,596.37,41.67,normal,0,0
2025-02-12,B,149,222.39,72.0,86.15,49.36,429.91,34.33,normal,0,0
2025-02-12,C,150,462.68,216.67,123.55,93.14,1488.51,60.76,heavy,0,1
2025-02-12,D,151,359.89,169.66,105.22,125.89,760.66,77.08,heavy,0,0
2025-02-12,A,152,250.82,124.5,98.32,38.67,512.31,47.84,normal,0,0
2025-02-12,B,153,214.35,81.3,61.45,58.47,415.57,27.97,saver,0,0
2025-02-12,C,154,231.69,86.89,74.93,44.48,437.98,53.75,normal,0,0
2025-02-12,D,155,321.66,133.88,100.32,77.43,633.3,43.36,normal,0,0
2025-02-12,A,156,244.28,111.21,80.32,49.23,828.48,39.72,normal,0,1
2025-02-12,B,157,342.65,154.42,107.28,53.15,1226.41,94.92,heavy,1,0
2025-02-12,C,158,139.76,82.81,40.99,49.54,313.1,26.56,saver,0,0
2025-02-12,D,159,374.03,163.34,133.09,69.84,740.29,88.73,heavy,0,0
2025-02-12,A,160,215.55,70.57,70.12,24.69,380.93,27.06,saver,0,0
2025-02-12,B,161,257.77,129.52,77.02,54.39,518.69,38.05,normal,0,0
2025-02-12,C,162,323.13,82.74,87.01,74.86,567.73,45.16,normal,0,0
2025-02-12,D,163,581.09,231.64,177.91,57.47,1048.11,108.35,heavy,0,0
2025-02-12,A,164,191.07,109.71,79.87,49.89,430.54,30.26,normal,0,0
2025-02-12,B,165,310.83,100.19,94.83,47.72,553.57,67.5,normal,0,0
2025-02-12,C,166,237.75,84.55,43.91,29.0,395.22,32.19,normal,0,0
2025-02-12,D,167,463.94,131.95,162.54,50.52,1379.07,56.55,heavy,0,1
2025-02-12,A,168,288.42,147.55,123.02,34.72,593.71,49.73,normal,0,0
2025-02-12,B,169,291.14,115.75,89.98,74.38,571.26,64.57,normal,0,0
2025-02-12,C,170,481.02,214.96,161.14,106.55,963.66,104.69,heavy,0,0
2025-02-12,D,171,246.95,81.25,64.99,62.5,748.3,74.9,normal,1,0
2025-02-12,A,172,220.78,96.3,65.87,70.28,453.24,33.2,normal,0,0
2025-02-12,B,173,515.89,163.52,153.44,79.0,911.85,71.33,heavy,0,0
2025-02-12,C,174,280.75,136.3,100.59,64.34,581.98,53.31,normal,0,0
2025-02-12,D,175,287.81,117.29,75.97,70.35,551.41,36.96,normal,0,0
2025-02-12,A,176,205.43,101.12,75.92,55.75,438.22,30.58,normal,0,0
2025-02-12,B,177,339.99,131.08,105.41,107.33,683.82,76.47,heavy,0,0
2025-02-12,C,178,176.22,77.1,39.41,42.62,335.35,25.0,saver,0,0
2025-02-12,D,179,170.56,81.01,73.72,60.65,385.94,41.12,normal,0,0
2025-02-12,A,180,242.15,88.47,75.85,41.32,447.77,34.48,normal,0,0
2025-02-13,B,101,359.84,178.46,113.72,67.17,1032.94,50.98,heavy,0,1
2025-02-13,C,102,150.72,52.99,52.98,35.45,292.13,23.51,saver,0,0
2025-02-13,D,103,341.64,191.82,131.32,46.67,711.46,76.42,heavy,0,0
2025-02-13,A,104,411.79,117.54,132.56,57.61,719.5,85.65,heavy,0,0
2025-02-13,B,105,421.84,157.72,100.44,52.56,732.57,79.25,heavy,0,0
2025-02-13,C,106,397.44,136.91,99.13,62.52,695.99,65.94,normal,0,0
2025-02-13,D,107,318.59,134.15,112.6,72.83,831.36,43.92,normal,0,1
2025-02-13,A,108,194.77,65.13,50.98,51.09,361.96,34.6,saver,0,0
2025-02-13,B,109,249.27,73.01,44.52,34.61,401.4,27.15,normal,0,0
2025-02-13,C,110,277.49,133.12,97.04,45.54,553.19,51.38,normal,0,0
2025-02-13,D,111,209.85,109.2,95.99,74.2,658.37,51.41,normal,0,1
2025-02-13,A,112,188.59,83.6,69.12,23.5,364.81,30.23,normal,0,0
2025-02-13,B,113,296.61,108.72,125.73,59.22,590.27,69.13,normal,0,0
2025-02-13,C,114,577.59,224.26,109.84,119.21,1030.9,126.64,heavy,0,0
2025-02-13,D,115,183.88,86.67,64.73,36.29,371.56,37.38,normal,0,0
2025-02-13,A,116,214.02,77.89,78.68,48.05,418.64,29.06,normal,0,0
2025-02-13,B,117,251.78,119.04,111.25,48.6,530.67,57.06,normal,0,0
2025-02-13,C,118,299.77,119.41,68.64,74.74,562.57,39.84,normal,0,0
2025-02-13,D,119,296.39,173.5,73.96,63.64,607.48,66.47,heavy,0,0
2025-02-13,A,120,260.85,120.04,85.81,69.05,535.76,63.42,normal,0,0
2025-02-13,B,121,199.01,92.13,72.88,54.15,418.17,50.38,saver,0,0
2025-02-13,C,122,236.42,83.51,81.2,44.2,445.33,36.86,normal,0,0
2025-02-13,D,123,281.2,90.76,72.19,49.69,493.84,35.18,normal,0,0
2025-02-13,A,124,220.91,68.95,53.13,28.99,371.98,25.44,saver,0,0
2025-02-13,B,125,264.78,74.15,51.01,48.53,438.47,34.9,normal,0,0
2025-02-13,C,126,401.23,157.44,97.29,80.0,735.95,64.58,normal,0,0
2025-02-13,D,127,514.05,183.97,124.52,107.69,930.24,76.68,heavy,0,0
2025-02-13,A,128,275.28,111.61,97.11,51.34,535.34,45.49,normal,0,0
2025-02-13,B,129,447.91,145.86,120.52,92.99,807.28,55.03,heavy,0,0
2025-02-13,C,130,233.82,141.49,97.53,39.48,512.33,56.26,normal,0,0
2025-02-13,D,131,325.47,107.85,126.01,39.08,598.42,45.19,heavy,0,0
2025-02-13,A,132,506.32,243.45,110.07,82.24,1371.04,89.82,heavy,0,1
2025-02-13,B,133,219.57,80.54,91.9,60.44,452.45,41.58,normal,0,0
2025-02-13,C,134,565.33,234.38,191.69,71.31,1062.7,82.21,heavy,0,0
2025-02-13,D,135,401.52,205.72,183.65,51.77,842.66,89.91,heavy,0,0
2025-02-13,A,136,305.31,140.51,62.74,51.47,560.03,44.29,normal,0,0
2025-02-13,B,137,207.56,76.63,74.01,52.94,411.14,37.23,normal,0,0
2025-02-13,C,138,496.03,172.77,129.75,78.27,876.81,71.72,heavy,0,0
2025-02-13,D,139,261.81,113.71,58.93,38.49,472.93,49.22,normal,0,0
2025-02-13,A,140,444.79,185.17,131.66,46.29,807.92,96.13,heavy,0,0
2025-02-13,B,141,162.08,76.97,35.72,29.19,303.96,28.09,saver,0,0
2025-02-13,C,142,259.03,102.03,70.26,68.65,499.96,57.04,normal,0,0
2025-02-13,D,143,340.99,129.67,91.2,43.5,605.35,60.79,normal,0,0
2025-02-13,A,144,143.14,70.46,35.12,50.15,298.87,28.77,saver,0,0
2025-02-13,B,145,327.69,167.43,126.13,74.0,695.25,86.42,normal,0,0
2025-02-13,C,146,335.81,144.6,86.69,86.5,653.6,60.07,normal,0,0
2025-02-13,D,147,588.18,186.51,115.53,74.86,965.07,71.28,heavy,0,0
2025-02-13,A,148,448.9,124.08,106.17,47.37,726.53,84.51,heavy,0,0
2025-02-13,B,149,186.63,65.04,67.31,20.02,339.0,32.91,saver,0,0
2025-02-13,C,150,206.41,101.46,56.98,46.59,411.45,39.02,normal,0,0
2025-02-13,D,151,246.8,135.94,75.82,54.03,512.59,48.07,normal,0,0
2025-02-13,A,152,360.76,190.51,154.54,58.69,764.51,90.85,heavy,0,0
2025-02-13,B,153,475.38,177.18,136.73,117.79,1936.67,203.98,heavy,1,0
2025-02-13,C,154,508.83,184.83,112.52,85.23,891.4,71.23,heavy,0,0
2025-02-13,D,155,268.27,79.83,60.52,35.16,443.79,50.67,normal,0,0
2025-02-13,A,156,531.55,190.66,108.93,66.42,897.54,69.43,heavy,0,0
2025-02-13,B,157,321.16,137.74,111.67,39.62,1312.27,79.47,normal,1,0
2025-02-13,C,158,382.36,123.72,83.29,98.16,687.52,75.62,heavy,0,0
2025-02-13,D,159,322.82,149.08,86.33,89.9,648.12,62.46,heavy,0,0
2025-02-13,A,160,213.1,67.35,57.04,28.37,798.78,53.31,normal,1,0
2025-02-13,B,161,256.82,129.69,90.15,52.93,529.59,38.85,normal,0,0
2025-02-13,C,162,293.75,105.96,96.16,62.78,776.58,45.36,normal,0,1
2025-02-13,D,163,244.98,103.1,68.64,43.71,460.43,52.18,normal,0,0
2025-02-13,A,164,358.77,130.55,81.42,69.87,640.61,67.42,heavy,0,0
2025-02-13,B,165,279.81,125.42,94.88,34.16,534.27,38.37,normal,0,0
2025-02-13,C,166,235.19,94.88,79.11,54.56,463.74,33.73,saver,0,0
2025-02-13,D,167,195.5,73.97,48.44,45.57,363.48,35.43,saver,0,0
2025-02-13,A,168,491.91,200.13,103.75,53.2,848.98,69.94,heavy,0,0
2025-02-13,B,169,279.7,92.82,51.28,35.99,459.79,47.74,normal,0,0
2025-02-13,C,170,347.3,127.41,95.99,89.39,660.09,53.25,normal,0,0
2025-02-13,D,171,272.94,93.92,92.46,28.81,488.13,38.03,normal,0,0
2025-02-13,A,172,299.31,159.13,68.26,75.88,602.58,53.9,normal,0,0
2025-02-13,B,173,603.42,183.23,109.65,76.73,973.02,85.69,heavy,0,0
2025-02-13,C,174,204.72,66.9,77.64,36.45,385.72,37.48,normal,0,0
2025-02-13,D,175,187.07,80.76,36.92,35.26,340.01,25.1,saver,0,0
2025-02-13,A,176,447.02,237.33,179.95,66.64,930.94,72.62,heavy,0,0
2025-02-13,B,177,210.16,94.8,79.18,29.67,413.81,28.49,normal,0,0
2025-02-13,C,178,337.2,136.63,78.43,68.04,620.29,44.81,heavy,0,0
2025-02-13,D,179,344.38,126.08,70.53,95.84,636.83,61.44,normal,0,0
2025-02-13,A,180,238.05,100.46,75.68,24.58,438.78,32.9,saver,0,0
2025-02-14,B,101,376.8,145.81,77.16,48.58,648.34,64.84,normal,0,0
2025-02-14,C,102,489.12,204.94,115.1,56.92,866.08,58.32,heavy,0,0
2025-02-14,D,103,446.67,263.61,111.14,137.39,958.82,81.65,heavy,0,0
2025-02-14,A,104,281.38,99.2,107.9,40.26,528.74,37.73,normal,0,0
2025-02-14,B,105,198.78,79.58,83.94,27.85,390.15,27.75,normal,0,0
2025-02-14,C,106,547.59,184.42,165.94,55.44,953.38,113.47,heavy,0,0
2025-02-14,D,107,214.33,86.38,90.68,44.47,435.87,34.17,normal,0,0
2025-02-14,A,108,256.48,119.74,116.16,55.1,547.47,38.12,normal,0,0
2025-02-14,B,109,266.31,148.64,125.06,83.34,623.35,47.2,normal,0,0
2025-02-14,C,110,282.14,121.71,76.49,52.25,532.58,49.21,normal,0,0
2025-02-14,D,111,412.42,254.99,165.23,94.58,927.23,106.87,heavy,0,0
2025-02-14,A,112,188.59,69.38,39.23,16.85,314.06,24.04,saver,0,0
2025-02-14,B,113,306.81,121.8,73.88,27.86,530.35,65.94,normal,0,0
2025-02-14,C,114,298.82,101.19,62.54,70.07,532.62,51.57,normal,0,0
2025-02-14,D,115,129.43,42.53,30.88,25.6,352.1,16.24,saver,0,1
2025-02-14,A,116,230.94,100.41,102.05,34.18,634.48,49.4,normal,0,1
2025-02-14,B,117,418.58,128.63,117.74,47.28,712.22,80.46,heavy,0,0
2025-02-14,C,118,408.24,219.66,117.4,120.15,1143.8,86.53,heavy,0,1
2025-02-14,D,119,410.18,170.69,136.99,97.82,815.68,96.61,heavy,0,0
2025-02-14,A,120,230.09,100.07,75.4,63.87,469.42,41.85,normal,0,0
2025-02-14,B,121,384.4,151.65,89.55,62.74,688.35,47.89,heavy,0,0
2025-02-14,C,122,172.54,50.78,66.06,40.38,329.75,30.04,saver,0,0
2025-02-14,D,123,454.49,161.75,142.84,110.55,869.64,102.51,heavy,0,0
2025-02-14,A,124,211.37,103.01,79.67,36.03,430.08,40.04,normal,0,0
2025-02-14,B,125,234.12,107.86,57.39,30.48,429.86,34.91,normal,0,0
2025-02-14,C,126,181.47,88.54,57.99,40.21,368.2,25.02,saver,0,0
2025-02-14,D,127,338.63,122.5,88.89,78.15,628.17,55.86,normal,0,0
2025-02-14,A,128,365.77,162.43,108.8,69.22,706.23,70.12,normal,0,0
2025-02-14,B,129,339.36,126.11,71.27,74.53,611.27,70.31,normal,0,0
2025-02-14,C,130,354.35,103.43,75.55,78.96,612.29,61.06,normal,0,0
2025-02-14,D,131,178.35,69.16,58.53,41.31,347.35,24.86,saver,0,0
2025-02-14,A,132,313.7,131.22,115.55,50.91,611.38,42.98,heavy,0,0
2025-02-14,B,133,175.2,80.09,49.77,48.37,353.44,24.75,saver,0,0
2025-02-14,C,134,277.36,107.43,73.09,53.12,511.0,45.15,normal,0,0
2025-02-14,D,135,252.43,72.17,52.84,26.64,404.08,39.49,normal,0,0
2025-02-14,A,136,209.17,81.6,69.96,38.23,783.6,65.24,saver,1,0
2025-02-14,B,137,349.41,154.91,154.6,74.34,733.26,53.0,heavy,0,0
2025-02-14,C,138,539.04,199.41,179.95,99.84,1018.23,90.65,heavy,0,0
2025-02-14,D,139,326.22,114.6,108.2,65.97,614.99,51.77,normal,0,0
2025-02-14,A,140,214.12,77.63,56.39,52.51,558.31,49.89,normal,0,1
2025-02-14,B,141,333.59,114.6,121.03,72.01,641.23,52.18,normal,0,0
2025-02-14,C,142,181.83,98.58,73.0,31.9,385.31,28.26,normal,0,0
2025-02-14,D,143,277.09,149.27,110.07,93.6,630.03,54.14,normal,0,0
2025-02-14,A,144,268.11,72.25,63.68,35.46,439.49,38.66,normal,0,0
2025-02-14,B,145,215.53,68.79,44.77,30.15,488.61,40.51,normal,0,1
2025-02-14,C,146,446.46,267.98,109.29,156.7,980.43,82.83,heavy,0,0
2025-02-14,D,147,387.51,155.01,99.94,65.18,707.64,50.81,heavy,0,0
2025-02-14,A,148,399.53,150.21,78.13,74.94,702.8,65.34,normal,0,0
2025-02-14,B,149,123.11,38.08,29.29,23.63,214.12,16.89,saver,0,0
2025-02-14,C,150,266.57,91.89,82.85,44.27,485.59,37.64,normal,0,0
2025-02-14,D,151,475.17,191.19,136.3,92.56,895.22,103.71,heavy,0,0
2025-02-14,A,152,226.09,83.08,73.36,69.68,731.92,48.53,normal,0,1
2025-02-14,B,153,238.72,99.16,78.04,38.86,454.78,33.6,normal,0,0
2025-02-14,C,154,311.57,136.2,108.83,31.48,588.08,44.78,normal,0,0
2025-02-14,D,155,476.56,211.95,148.81,83.23,1670.03,105.49,heavy,1,0
2025-02-14,A,156,599.58,240.29,190.88,100.63,1131.38,75.65,heavy,0,0
2025-02-14,B,157,233.42,100.14,56.77,31.02,421.36,30.9,saver,0,0
2025-02-14,C,158,403.9,142.16,105.48,64.65,716.2,85.2,normal,0,0
2025-02-14,D,159,310.94,159.23,94.58,50.4,1210.18,118.73,heavy,1,0
2025-02-14,A,160,125.53,42.1,43.37,18.33,324.29,19.83,saver,0,1
2025-02-14,B,161,188.28,87.07,53.46,24.79,353.6,28.53,normal,0,0
2025-02-14,C,162,382.64,168.8,132.66,45.45,1444.54,108.26,heavy,1,0
2025-02-14,D,163,319.88,113.61,77.3,81.65,592.44,66.19,normal,0,0
2025-02-14,A,164,502.32,203.56,141.76,57.08,904.73,94.92,heavy,0,0
2025-02-14,B,165,301.41,129.37,85.75,67.63,584.16,57.73,normal,0,0
2025-02-14,C,166,224.21,82.3,41.39,44.06,391.96,44.23,saver,0,0
2025-02-14,D,167,200.65,89.34,58.96,59.73,408.67,41.59,normal,0,0
2025-02-14,A,168,226.37,101.78,83.24,22.77,434.17,49.75,normal,0,0
2025-02-14,B,169,232.78,77.9,51.94,45.36,407.97,28.83,saver,0,0
2025-02-14,C,170,347.55,166.14,121.95,107.43,743.06,82.88,heavy,0,0
2025-02-14,D,171,238.69,106.32,68.28,38.63,451.91,49.84,normal,0,0
2025-02-14,A,172,234.15,89.21,51.36,29.69,404.41,35.76,saver,0,0
2025-02-14,B,173,155.74,46.93,33.01,16.07,251.75,20.67,saver,0,0
2025-02-14,C,174,164.42,80.27,42.79,41.81,329.29,24.03,saver,0,0
2025-02-14,D,175,471.85,247.13,189.42,69.16,977.56,114.72,heavy,0,0
2025-02-14,A,176,344.43,138.84,80.06,73.65,636.99,53.79,normal,0,0
2025-02-14,B,177,381.12,115.41,118.21,74.36,689.1,48.79,normal,0,0
2025-02-14,C,178,477.96,173.05,178.05,81.82,910.87,79.67,heavy,0,0
2025-02-14,D,179,261.77,100.47,61.97,89.36,513.56,49.21,normal,0,0
2025-02-14,A,180,330.75,111.86,95.73,39.88,578.21,49.01,normal,0,0
2025-02-15,B,101,262.57,143.33,90.83,61.31,558.04,58.46,normal,0,0
2025-02-15,C,102,521.9,205.26,127.17,82.47,936.8,77.92,heavy,0,0
2025-02-15,D,103,502.36,130.06,100.74,113.49,1138.82,59.38,normal,0,1
2025-02-15,A,104,377.3,113.13,122.84,43.44,656.71,44.41,normal,0,0
2025-02-15,B,105,261.54,130.64,112.32,55.28,559.79,42.27,normal,0,0
2025-02-15,C,106,305.77,112.96,93.82,64.65,577.2,56.63,normal,0,0
2025-02-15,D,107,318.17,132.93,101.97,61.62,614.69,57.87,normal,0,0
2025-02-15,A,108,338.36,156.18,100.58,101.77,696.9,46.71,normal,0,0
2025-02-15,B,109,693.34,291.03,222.12,110.33,1316.82,91.43,heavy,0,0
2025-02-15,C,110,213.27,113.48,91.32,70.28,488.35,36.98,saver,0,0
2025-02-15,D,111,174.83,103.88,48.63,47.27,374.61,25.53,saver,0,0
2025-02-15,A,112,329.1,96.85,72.15,55.03,553.13,42.75,normal,0,0
2025-02-15,B,113,538.7,188.09,160.31,173.22,1650.3,90.33,heavy,0,1
2025-02-15,C,114,498.38,186.45,133.59,85.16,903.58,109.35,heavy,0,0
2025-02-15,D,115,448.04,179.0,91.05,55.95,1839.58,111.51,normal,1,0
2025-02-15,A,116,467.17,149.87,97.1,51.42,765.56,61.63,normal,0,0
2025-02-15,B,117,434.6,143.52,118.34,91.83,788.29,66.77,normal,0,0
2025-02-15,C,118,298.45,87.63,101.81,75.97,563.86,66.77,saver,0,0
2025-02-15,D,119,312.02,148.55,102.3,32.26,595.13,69.66,normal,0,0
2025-02-15,A,120,285.76,139.19,61.58,72.8,559.32,56.42,normal,0,0
2025-02-15,B,121,300.28,169.34,113.54,54.58,637.75,45.75,normal,0,0
2025-02-15,C,122,591.41,186.01,208.5,54.24,1040.17,94.0,heavy,0,0
2025-02-15,D,123,365.11,144.75,110.95,68.83,1219.42,57.64,normal,0,1
2025-02-15,A,124,225.82,136.19,68.18,64.78,494.97,48.96,saver,0,0
2025-02-15,B,125,231.14,128.93,81.03,41.14,482.24,33.15,normal,0,0
2025-02-15,C,126,451.24,193.7,123.41,93.11,1413.01,61.45,normal,0,1
2025-02-15,D,127,293.42,105.7,78.93,78.68,556.73,43.72,normal,0,0
2025-02-15,A,128,468.02,243.44,121.75,72.69,905.9,103.29,heavy,0,0
2025-02-15,B,129,494.51,164.67,132.74,57.22,849.14,86.11,normal,0,0
2025-02-15,C,130,397.52,120.69,97.08,48.34,663.62,74.05,normal,0,0
2025-02-15,D,131,350.07,129.93,102.89,70.18,653.07,57.33,normal,0,0
2025-02-15,A,132,302.4,83.86,65.88,32.2,484.34,42.36,normal,0,0
2025-02-15,B,133,385.37,160.48,107.41,102.69,755.95,69.56,normal,0,0
2025-02-15,C,134,502.46,196.32,143.71,58.82,1231.64,65.61,normal,0,1
2025-02-15,D,135,412.4,186.88,163.96,105.22,868.45,70.44,heavy,0,0
2025-02-15,A,136,443.49,212.57,115.62,72.55,844.22,58.05,normal,0,0
2025-02-15,B,137,358.31,140.35,103.22,64.55,666.43,67.6,normal,0,0
2025-02-15,C,138,350.26,142.46,145.9,65.41,704.03,61.46,normal,0,0
2025-02-15,D,139,319.6,92.19,75.98,59.08,546.85,60.28,normal,0,0
2025-02-15,A,140,574.96,261.09,112.31,152.2,1100.56,124.48,heavy,0,0
2025-02-15,B,141,529.29,201.79,142.55,141.41,1015.04,70.71,heavy,0,0
2025-02-15,C,142,341.6,114.03,75.08,70.59,601.3,56.58,normal,0,0
2025-02-15,D,143,489.88,148.66,91.93,66.82,797.29,72.08,normal,0,0
2025-02-15,A,144,284.33,126.09,104.93,60.23,885.01,51.49,normal,0,1
2025-02-15,B,145,290.41,137.1,127.96,38.05,870.92,44.74,normal,0,1
2025-02-15,C,146,358.41,126.58,99.34,111.56,695.9,51.1,normal,0,0
2025-02-15,D,147,334.12,100.87,113.0,36.87,584.87,44.4,normal,0,0
2025-02-15,A,148,365.81,159.8,117.05,53.71,696.36,76.76,normal,0,0
2025-02-15,B,149,325.29,167.93,92.29,75.78,661.29,49.9,normal,0,0
2025-02-15,C,150,331.05,151.73,70.23,66.17,619.18,43.35,normal,0,0
2025-02-15,D,151,187.22,66.26,57.66,39.01,350.14,26.38,saver,0,0
2025-02-15,A,152,217.92,115.64,85.31,64.74,483.61,32.4,normal,0,0
2025-02-15,B,153,272.06,132.28,63.65,74.52,542.52,65.97,normal,0,0
2025-02-15,C,154,424.02,147.2,110.24,102.01,783.48,57.58,normal,0,0
2025-02-15,D,155,404.22,147.78,134.56,59.7,746.26,58.05,normal,0,0
2025-02-15,A,156,374.81,172.45,117.48,69.38,734.11,73.47,normal,0,0
2025-02-15,B,157,341.94,113.02,91.32,73.79,620.08,42.06,normal,0,0
2025-02-15,C,158,321.2,146.41,92.72,34.18,594.5,41.69,normal,0,0
2025-02-15,D,159,180.92,78.81,42.58,33.37,335.68,26.47,saver,0,0
2025-02-15,A,160,352.94,169.35,101.41,87.0,710.71,61.64,normal,0,0
2025-02-15,B,161,371.66,165.31,135.88,82.0,754.86,65.09,normal,0,0
2025-02-15,C,162,484.72,129.21,148.22,71.47,833.62,92.53,normal,0,0
2025-02-15,D,163,342.63,153.89,117.87,77.82,692.21,46.56,normal,0,0
2025-02-15,A,164,388.79,149.29,104.14,85.82,728.04,66.73,normal,0,0
2025-02-15,B,165,318.62,108.62,123.16,60.36,610.75,40.81,normal,0,0
2025-02-15,C,166,290.95,116.68,112.46,62.64,582.73,43.68,normal,0,0
2025-02-15,D,167,351.32,159.17,125.41,84.25,720.15,59.16,normal,0,0
2025-02-15,A,168,492.53,217.19,133.46,69.84,1988.71,145.1,heavy,1,0
2025-02-15,B,169,196.55,69.87,57.74,32.79,356.95,43.5,saver,0,0
2025-02-15,C,170,360.67,126.27,135.56,86.33,708.83,66.97,normal,0,0
2025-02-15,D,171,693.65,307.56,134.34,118.08,1253.63,103.14,heavy,0,0
2025-02-15,A,172,407.67,116.53,97.37,36.63,658.19,54.12,normal,0,0
2025-02-15,B,173,721.7,290.09,140.45,71.49,1223.74,95.1,heavy,0,0
2025-02-15,C,174,608.82,267.18,178.15,142.36,1196.52,94.29,heavy,0,0
2025-02-15,D,175,446.88,140.77,142.34,64.71,794.69,58.61,normal,0,0
2025-02-15,A,176,669.23,286.02,161.12,180.7,1297.07,111.56,heavy,0,0
2025-02-15,B,177,233.63,95.91,97.5,44.13,471.16,32.68,normal,0,0
2025-02-15,C,178,293.97,157.66,84.52,78.89,615.04,57.13,normal,0,0
2025-02-15,D,179,161.92,54.71,45.77,40.33,302.74,31.79,saver,0,0
2025-02-15,A,180,582.12,186.15,140.07,146.51,1054.85,92.83,heavy,0,0
2025-02-16,B,101,583.12,250.33,114.1,72.93,1460.21,118.26,heavy,0,1
2025-02-16,C,102,450.25,168.22,163.74,50.35,832.55,61.26,normal,0,0
2025-02-16,D,103,444.74,211.0,108.03,71.08,834.84,55.77,heavy,0,0
2025-02-16,A,104,457.73,225.38,177.65,71.89,932.66,71.64,heavy,0,0
2025-02-16,B,105,305.66,147.58,71.11,39.94,564.3,40.27,normal,0,0
2025-02-16,C,106,347.86,155.55,81.93,106.8,692.13,75.4,normal,0,0
2025-02-16,D,107,202.07,83.13,48.31,47.17,380.67,35.64,normal,0,0
2025-02-16,A,108,745.56,277.88,181.06,94.57,1758.18,159.74,heavy,0,1
2025-02-16,B,109,633.67,196.06,123.29,139.12,1092.13,80.88,heavy,0,0
2025-02-16,C,110,359.63,180.82,80.32,71.06,691.84,52.95,normal,0,0
2025-02-16,D,111,447.55,128.67,107.71,50.36,1106.03,63.98,normal,0,1
2025-02-16,A,112,513.99,145.15,156.41,95.6,911.13,104.42,normal,0,0
2025-02-16,B,113,642.26,356.84,262.49,191.43,1453.01,135.44,heavy,0,0
2025-02-16,C,114,404.81,204.59,164.32,84.01,857.73,105.95,heavy,0,0
2025-02-16,D,115,402.17,152.96,150.11,61.45,766.69,81.2,normal,0,0
2025-02-16,A,116,583.31,233.26,238.13,138.84,2002.53,118.55,heavy,0,1
2025-02-16,B,117,428.75,163.5,128.37,63.58,784.2,90.12,normal,0,0
2025-02-16,C,118,417.93,199.78,136.71,99.18,853.6,101.19,normal,0,0
2025-02-16,D,119,323.75,138.55,110.97,73.74,1123.33,74.24,normal,0,1
2025-02-16,A,120,357.58,171.79,98.0,78.24,705.62,78.92,normal,0,0
2025-02-16,B,121,331.93,151.87,129.72,55.78,669.31,78.44,normal,0,0
2025-02-16,C,122,422.02,142.01,143.85,47.34,755.22,58.26,normal,0,0
2025-02-16,D,123,294.83,113.14,121.8,38.44,568.2,39.93,normal,0,0
2025-02-16,A,124,705.12,210.97,204.84,149.46,1270.39,128.09,heavy,0,0
2025-02-16,B,125,327.29,139.83,69.63,87.97,624.73,43.12,normal,0,0
2025-02-16,C,126,301.05,161.09,102.04,93.14,657.32,59.41,normal,0,0
2025-02-16,D,127,527.62,313.43,235.41,176.65,1253.1,87.0,heavy,0,0
2025-02-16,A,128,291.73,109.21,122.2,35.08,558.21,44.65,normal,0,0
2025-02-16,B,129,131.76,55.9,41.3,27.62,256.59,24.18,saver,0,0
2025-02-16,C,130,300.24,130.17,107.47,44.82,582.7,39.88,normal,0,0
2025-02-16,D,131,359.78,152.97,153.79,56.66,723.19,53.75,heavy,0,0
2025-02-16,A,132,304.42,115.22,101.78,41.98,563.4,44.82,normal,0,0
2025-02-16,B,133,654.91,254.79,157.79,161.03,1228.52,106.23,heavy,0,0
2025-02-16,C,134,312.23,182.42,139.89,66.42,700.96,75.39,normal,0,0
2025-02-16,D,135,325.1,146.51,85.93,76.63,634.16,52.22,normal,0,0
2025-02-16,A,136,335.27,185.21,143.46,79.12,743.06,71.42,normal,0,0
2025-02-16,B,137,269.15,95.0,72.44,64.43,501.02,59.78,saver,0,0
2025-02-16,C,138,210.9,112.16,74.38,52.92,450.36,34.1,saver,0,0
2025-02-16,D,139,541.78,213.69,184.46,54.82,994.74,82.16,heavy,0,0
2025-02-16,A,140,186.72,85.12,73.47,22.91,368.22,25.09,saver,0,0
2025-02-16,B,141,418.87,128.56,118.04,55.22,720.68,75.26,normal,0,0
2025-02-16,C,142,183.69,67.53,46.38,60.71,544.76,53.54,normal,1,0
2025-02-16,D,143,588.47,259.96,120.92,104.59,1833.95,111.81,heavy,0,1
2025-02-16,A,144,242.83,88.35,84.0,62.54,477.73,46.54,normal,0,0
2025-02-16,B,145,204.92,80.82,45.02,52.75,383.5,37.22,saver,0,0
2025-02-16,C,146,291.92,155.33,84.52,77.42,609.2,58.41,normal,0,0
2025-02-16,D,147,554.89,169.25,103.36,48.29,875.79,94.25,heavy,0,0
2025-02-16,A,148,416.15,132.24,110.75,46.67,705.82,58.54,normal,0,0
2025-02-16,B,149,255.5,126.7,68.65,32.45,483.3,37.88,normal,0,0
2025-02-16,C,150,224.5,90.94,98.03,58.16,471.62,41.2,saver,0,0
2025-02-16,D,151,256.26,94.61,55.21,45.82,451.9,35.3,saver,0,0
2025-02-16,A,152,333.62,133.66,145.84,91.14,704.26,61.28,normal,0,0
2025-02-16,B,153,454.91,196.67,152.57,86.68,890.83,105.64,normal,0,0
2025-02-16,C,154,324.01,114.61,90.78,34.21,563.61,45.68,normal,0,0
2025-02-16,D,155,557.85,205.05,187.92,142.23,1732.15,102.1,heavy,0,1
2025-02-16,A,156,325.98,127.84,81.11,79.55,614.48,58.74,normal,0,0
2025-02-16,B,157,532.1,218.2,122.78,61.99,935.07,93.07,normal,0,0
2025-02-16,C,158,669.72,244.16,256.51,73.21,2724.68,193.07,heavy,1,0
2025-02-16,D,159,336.65,90.31,75.78,42.12,544.86,60.34,normal,0,0
2025-02-16,A,160,488.16,197.54,130.23,73.76,1415.09,89.15,normal,0,1
2025-02-16,B,161,181.81,78.26,54.97,27.17,342.21,27.7,saver,0,0
2025-02-16,C,162,156.59,68.23,33.53,18.54,276.89,26.21,saver,0,0
2025-02-16,D,163,386.21,110.74,90.49,46.55,633.99,54.75,normal,0,0
2025-02-16,A,164,566.55,194.49,203.7,77.05,1041.79,103.59,heavy,0,0
2025-02-16,B,165,259.47,98.47,67.4,39.34,464.68,42.5,saver,0,0
2025-02-16,C,166,168.39,71.45,61.72,50.48,352.04,30.73,saver,0,0
2025-02-16,D,167,388.67,106.03,95.17,51.96,1135.24,43.52,normal,0,1
2025-02-16,A,168,784.06,311.63,202.55,170.12,1468.36,100.52,heavy,0,0
2025-02-16,B,169,274.78,105.99,89.1,58.38,914.5,52.23,normal,0,1
2025-02-16,C,170,663.41,193.07,171.35,95.68,1123.52,124.15,heavy,0,0
2025-02-16,D,171,781.82,282.69,154.78,162.17,1381.46,145.8,heavy,0,0
2025-02-16,A,172,652.54,277.11,206.25,150.99,1286.88,122.33,heavy,0,0
2025-02-16,B,173,174.44,70.35,56.73,34.73,336.25,24.72,saver,0,0
2025-02-16,C,174,446.1,178.26,166.58,88.45,879.39,77.8,normal,0,0
2025-02-16,D,175,377.15,153.36,90.08,42.5,663.09,50.19,normal,0,0
2025-02-16,A,176,279.74,148.72,92.63,47.16,568.25,39.48,normal,0,0
2025-02-16,B,177,359.76,175.39,112.92,66.4,714.47,88.78,normal,0,0
2025-02-16,C,178,350.29,153.64,75.94,81.75,661.63,46.13,normal,0,0
2025-02-16,D,179,321.62,94.9,107.83,61.29,585.65,46.48,normal,0,0
2025-02-16,A,180,287.72,160.98,108.75,93.43,650.88,68.58,normal,0,0
2025-02-17,B,101,346.43,97.86,77.02,57.48,834.72,54.2,normal,0,1
2025-02-17,C,102,517.25,164.47,151.07,77.8,910.58,92.44,heavy,0,0
2025-02-17,D,103,330.37,89.56,70.37,65.39,555.69,57.52,normal,0,0
2025-02-17,A,104,312.59,137.98,131.88,43.23,625.69,68.12,normal,0,0
2025-02-17,B,105,301.11,123.05,71.98,41.07,537.21,43.16,heavy,0,0
2025-02-17,C,106,597.64,222.91,138.6,132.64,1091.78,95.54,heavy,0,0
2025-02-17,D,107,216.36,85.78,64.21,53.63,419.99,38.21,normal,0,0
2025-02-17,A,108,207.13,78.12,72.83,41.32,399.41,44.94,saver,0,0
2025-02-17,B,109,123.11,59.64,46.7,17.4,246.85,27.44,saver,0,0
2025-02-17,C,110,541.35,168.1,167.63,67.28,944.36,79.91,heavy,0,0
2025-02-17,D,111,224.81,101.41,49.18,52.56,427.96,51.5,normal,0,0
2025-02-17,A,112,200.82,62.71,51.21,28.72,343.45,35.91,saver,0,0
2025-02-17,B,113,271.32,127.87,59.33,48.17,506.69,45.56,normal,0,0
2025-02-17,C,114,258.64,86.14,65.85,52.63,463.25,36.22,normal,0,0
2025-02-17,D,115,271.41,106.21,75.97,41.94,495.52,41.03,normal,0,0
2025-02-17,A,116,308.79,160.48,108.23,75.16,1108.11,86.14,normal,1,0
2025-02-17,B,117,211.34,86.89,63.85,42.31,404.4,28.43,normal,0,0
2025-02-17,C,118,321.47,107.83,70.48,85.11,767.49,45.36,normal,0,1
2025-02-17,D,119,294.11,127.53,75.08,65.04,973.29,42.8,normal,0,1
2025-02-17,A,120,272.28,121.73,89.25,61.35,544.6,43.96,normal,0,0
2025-02-17,B,121,307.81,119.27,61.13,45.47,533.68,47.18,normal,0,0
2025-02-17,C,122,190.31,72.82,73.91,28.22,657.33,32.45,normal,0,1
2025-02-17,D,123,144.97,50.46,45.51,23.33,429.22,31.05,saver,0,1
2025-02-17,A,124,307.03,116.46,123.96,45.74,593.19,62.09,normal,0,0
2025-02-17,B,125,359.18,101.92,92.37,70.38,623.83,54.79,normal,0,0
2025-02-17,C,126,355.84,152.82,115.62,81.34,705.62,47.76,heavy,0,0
2025-02-17,D,127,324.16,113.03,109.89,86.26,633.34,58.0,normal,0,0
2025-02-17,A,128,303.91,138.67,79.8,43.15,565.53,63.6,normal,0,0
2025-02-17,B,129,511.05,191.64,203.65,56.72,1649.21,95.47,heavy,0,1
2025-02-17,C,130,267.1,133.08,73.33,73.73,547.24,59.58,normal,0,0
2025-02-17,D,131,463.01,166.09,160.79,54.59,844.48,85.97,heavy,0,0
2025-02-17,A,132,280.26,114.64,69.78,30.57,495.25,53.56,normal,0,0
2025-02-17,B,133,203.58,81.47,51.99,32.09,369.13,27.83,normal,0,0
2025-02-17,C,134,339.89,118.78,125.91,40.51,625.09,41.86,normal,0,0
2025-02-17,D,135,228.52,129.48,61.94,59.26,479.21,58.2,normal,0,0
2025-02-17,A,136,137.84,64.0,31.01,36.64,269.49,22.01,saver,0,0
2025-02-17,B,137,393.93,147.43,98.49,52.89,692.74,52.89,heavy,0,0
2025-02-17,C,138,200.28,101.48,63.39,64.2,429.35,32.63,normal,0,0
2025-02-17,D,139,212.98,92.37,69.16,20.68,395.19,38.88,normal,0,0
2025-02-17,A,140,237.5,90.43,72.98,34.35,435.26,43.74,normal,0,0
2025-02-17,B,141,258.69,95.29,74.98,73.78,502.73,59.07,normal,0,0
2025-02-17,C,142,293.83,96.37,110.34,32.24,532.79,37.77,normal,0,0
2025-02-17,D,143,205.17,83.83,71.36,32.43,392.79,33.59,normal,0,0
2025-02-17,A,144,182.81,51.64,39.2,47.03,320.68,36.16,saver,0,0
2025-02-17,B,145,239.19,101.35,88.46,34.93,606.79,41.77,normal,0,1
2025-02-17,C,146,304.56,146.18,121.18,30.87,810.74,45.76,normal,0,1
2025-02-17,D,147,426.04,206.55,156.85,97.11,886.56,98.36,heavy,0,0
2025-02-17,A,148,417.78,134.45,115.7,86.73,754.66,81.93,heavy,0,0
2025-02-17,B,149,501.43,219.67,181.6,69.31,972.01,80.24,heavy,0,0
2025-02-17,C,150,490.36,223.95,134.44,75.32,1505.28,105.26,heavy,0,1
2025-02-17,D,151,437.8,198.6,143.19,117.37,2060.14,133.75,heavy,1,0
2025-02-17,A,152,174.49,64.35,41.22,39.9,687.13,75.06,saver,1,0
2025-02-17,B,153,236.52,88.29,49.06,54.47,428.35,33.98,saver,0,0
2025-02-17,C,154,285.02,116.84,106.98,29.3,538.14,63.55,normal,0,0
2025-02-17,D,155,365.02,175.65,141.05,100.3,782.02,59.61,heavy,0,0
2025-02-17,A,156,224.4,134.15,94.25,60.22,513.02,42.35,normal,0,0
2025-02-17,B,157,327.32,133.26,81.45,65.53,979.55,60.25,normal,0,1
2025-02-17,C,158,378.76,151.31,107.54,44.9,682.51,80.22,normal,0,0
2025-02-17,D,159,245.65,109.03,52.41,76.1,483.2,47.98,normal,0,0
2025-02-17,A,160,351.03,152.57,120.4,68.46,692.47,81.18,normal,0,0
2025-02-17,B,161,290.42,94.24,57.81,46.84,489.31,49.61,normal,0,0
2025-02-17,C,162,505.78,232.68,162.34,113.96,1014.76,74.37,heavy,0,0
2025-02-17,D,163,186.13,101.67,72.05,54.7,414.55,46.74,saver,0,0
2025-02-17,A,164,211.45,80.65,61.78,27.82,501.31,30.67,saver,0,1
2025-02-17,B,165,304.68,94.54,79.19,27.87,506.28,59.2,normal,0,0
2025-02-17,C,166,451.1,192.48,123.84,111.12,878.55,79.44,heavy,0,0
2025-02-17,D,167,231.36,100.17,72.63,48.84,453.0,46.48,normal,0,0
2025-02-17,A,168,215.94,103.57,80.25,52.8,729.19,40.1,normal,0,1
2025-02-17,B,169,427.07,127.23,87.06,69.42,710.77,63.09,heavy,0,0
2025-02-17,C,170,433.79,178.0,142.99,39.22,793.99,61.16,heavy,0,0
2025-02-17,D,171,403.02,200.95,137.38,81.92,823.27,60.7,heavy,0,0
2025-02-17,A,172,375.15,137.64,82.32,42.93,638.04,58.32,normal,0,0
2025-02-17,B,173,245.89,101.22,57.85,69.39,474.35,33.35,normal,0,0
2025-02-17,C,174,381.74,143.92,90.65,48.45,999.39,78.23,normal,0,1
2025-02-17,D,175,144.07,73.08,32.41,32.49,282.04,19.54,saver,0,0
2025-02-17,A,176,158.32,76.63,38.5,48.34,321.79,29.44,saver,0,0
2025-02-17,B,177,199.59,76.61,59.17,29.58,364.95,40.16,saver,0,0
2025-02-17,C,178,286.05,83.1,93.43,60.77,523.35,51.73,normal,0,0
2025-02-17,D,179,146.45,50.97,29.6,17.97,244.99,17.91,saver,0,0
2025-02-17,A,180,167.52,85.91,38.53,44.73,559.97,66.02,saver,1,0
2025-02-18,B,101,481.74,183.81,89.5,82.04,837.08,71.96,heavy,0,0
2025-02-18,C,102,192.42,84.7,93.4,60.63,431.15,46.23,normal,0,0
2025-02-18,D,103,451.21,175.47,119.16,59.78,805.62,63.86,heavy,0,0
2025-02-18,A,104,283.95,133.64,78.68,74.96,571.23,64.04,normal,0,0
2025-02-18,B,105,334.47,145.16,114.13,71.17,987.33,59.71,normal,0,1
2025-02-18,C,106,476.12,181.81,156.94,132.39,1596.76,86.72,heavy,0,1
2025-02-18,D,107,587.02,202.68,148.95,155.46,1094.1,98.33,heavy,0,0
2025-02-18,A,108,211.32,86.5,51.8,53.68,403.3,35.14,normal,0,0
2025-02-18,B,109,427.14,200.22,107.38,104.42,839.17,77.31,heavy,0,0
2025-02-18,C,110,265.32,104.92,47.19,25.95,443.38,37.96,normal,0,0
2025-02-18,D,111,206.53,90.25,63.72,28.47,388.96,42.12,saver,0,0
2025-02-18,A,112,538.67,190.46,168.05,86.24,983.41,112.97,heavy,0,0
2025-02-18,B,113,362.27,132.36,78.32,69.5,642.45,44.21,normal,0,0
2025-02-18,C,114,442.28,179.95,124.99,84.39,831.61,61.29,heavy,0,0
2025-02-18,D,115,276.29,97.34,117.14,83.46,747.0,56.52,normal,0,1
2025-02-18,A,116,494.06,208.09,147.88,138.47,988.49,67.64,heavy,0,0
2025-02-18,B,117,144.2,50.42,46.55,22.23,263.39,26.91,saver,0,0
2025-02-18,C,118,264.64,120.19,67.28,36.48,703.92,60.93,normal,0,1
2025-02-18,D,119,286.63,139.88,96.29,67.99,590.79,64.65,normal,0,0
2025-02-18,A,120,297.36,91.54,102.86,35.64,527.4,38.84,normal,0,0
2025-02-18,B,121,207.44,81.33,78.5,45.27,412.54,41.83,saver,0,0
2025-02-18,C,122,134.37,53.97,34.68,14.96,237.97,25.82,saver,0,0
2025-02-18,D,123,205.84,83.83,78.37,35.67,403.71,48.39,normal,0,0
2025-02-18,A,124,405.0,139.28,119.19,67.19,730.66,71.91,normal,0,0
2025-02-18,B,125,144.46,66.28,40.17,17.37,268.28,24.8,saver,0,0
2025-02-18,C,126,163.04,64.02,32.13,20.26,734.1,46.12,saver,1,1
2025-02-18,D,127,324.09,153.79,65.18,57.62,600.68,58.97,normal,0,0
2025-02-18,A,128,420.77,151.73,114.84,108.71,796.05,84.0,heavy,0,0
2025-02-18,B,129,556.17,200.05,156.56,140.44,1053.23,88.4,heavy,0,0
2025-02-18,C,130,177.92,76.22,76.98,34.91,366.03,39.36,normal,0,0
2025-02-18,D,131,195.67,69.12,60.02,52.14,376.94,44.16,normal,0,0
2025-02-18,A,132,350.75,134.69,76.72,32.06,847.87,45.78,normal,0,1
2025-02-18,B,133,324.13,119.16,103.4,56.95,603.64,59.32,normal,0,0
2025-02-18,C,134,270.07,156.23,67.62,63.56,557.48,38.61,normal,0,0
2025-02-18,D,135,405.84,217.12,97.73,120.97,841.67,96.48,heavy,0,0
2025-02-18,A,136,175.29,88.54,76.64,23.48,363.95,41.63,saver,0,0
2025-02-18,B,137,397.3,174.52,111.37,72.78,1222.26,65.54,heavy,0,1
2025-02-18,C,138,255.03,91.22,65.03,55.09,466.37,54.53,normal,0,0
2025-02-18,D,139,263.09,113.02,69.45,60.45,506.01,39.81,normal,0,0
2025-02-18,A,140,176.84,73.28,63.42,25.05,338.59,28.23,normal,0,0
2025-02-18,B,141,287.31,124.64,89.94,59.43,561.32,53.13,normal,0,0
2025-02-18,C,142,265.99,120.26,74.37,84.45,545.08,53.4,normal,0,0
2025-02-18,D,143,225.8,73.97,74.73,27.51,552.83,29.23,normal,0,1
2025-02-18,A,144,127.48,56.85,25.94,29.99,415.62,21.75,saver,0,1
2025-02-18,B,145,245.53,81.54,93.29,28.8,449.17,54.61,normal,0,0
2025-02-18,C,146,367.88,95.07,93.3,36.91,593.15,65.59,normal,0,0
2025-02-18,D,147,374.83,179.67,88.95,73.14,1679.54,120.97,heavy,1,0
2025-02-18,A,148,197.7,95.68,82.02,38.79,414.19,37.56,normal,0,0
2025-02-18,B,149,259.99,113.98,97.05,36.89,507.92,54.26,normal,0,0
2025-02-18,C,150,195.17,68.85,44.03,48.27,356.32,30.03,normal,0,0
2025-02-18,D,151,525.63,189.9,181.52,108.75,1005.8,117.63,heavy,0,0
2025-02-18,A,152,296.59,84.91,63.4,37.22,814.38,58.16,normal,0,1
2025-02-18,B,153,139.72,67.65,45.34,23.86,276.57,30.65,saver,0,0
2025-02-18,C,154,569.54,162.14,144.26,139.24,1015.19,95.1,heavy,0,0
2025-02-18,D,155,232.24,103.36,55.45,28.68,419.72,28.74,normal,0,0
2025-02-18,A,156,333.71,112.0,117.44,62.5,625.65,48.49,normal,0,0
2025-02-18,B,157,290.86,99.67,65.33,35.98,491.85,59.7,normal,0,0
2025-02-18,C,158,403.85,145.14,84.43,59.3,692.73,57.05,heavy,0,0
2025-02-18,D,159,219.39,90.93,76.85,40.32,427.49,31.84,normal,0,0
2025-02-18,A,160,219.32,61.11,47.68,31.28,359.39,35.51,saver,0,0
2025-02-18,B,161,334.3,106.0,100.02,96.63,902.85,53.27,normal,0,1
2025-02-18,C,162,416.52,190.87,166.81,107.57,881.78,63.06,heavy,0,0
2025-02-18,D,163,335.46,120.22,69.3,63.52,588.5,44.5,normal,0,0
2025-02-18,A,164,462.94,234.32,187.41,51.26,935.92,72.28,heavy,0,0
2025-02-18,B,165,479.51,139.07,131.12,125.66,875.36,83.12,heavy,0,0
2025-02-18,C,166,266.01,128.32,98.87,56.67,549.86,51.49,normal,0,0
2025-02-18,D,167,263.58,102.93,76.04,73.6,516.15,54.15,normal,0,0
2025-02-18,A,168,355.75,185.63,127.42,102.38,771.18,85.56,heavy,0,0
2025-02-18,B,169,123.88,55.6,41.78,22.95,244.22,25.68,saver,0,0
2025-02-18,C,170,186.19,85.68,47.13,24.94,557.89,25.9,saver,0,1
2025-02-18,D,171,231.05,80.25,69.99,50.93,432.22,32.39,normal,0,0
2025-02-18,A,172,263.69,133.0,59.58,32.09,840.06,38.22,normal,0,1
2025-02-18,B,173,331.03,86.1,87.21,47.88,552.22,50.24,normal,0,0
2025-02-18,C,174,364.55,125.21,75.29,93.69,658.76,66.78,normal,0,0
2025-02-18,D,175,266.72,161.37,74.72,86.62,589.44,62.82,normal,0,0
2025-02-18,A,176,132.93,66.59,34.5,17.98,252.0,30.28,saver,0,0
2025-02-18,B,177,192.16,100.33,69.62,32.3,394.42,32.23,saver,0,0
2025-02-18,C,178,188.46,61.09,46.77,30.25,759.56,41.44,saver,1,0
2025-02-18,D,179,137.33,58.15,47.09,28.97,271.54,19.49,saver,0,0
2025-02-18,A,180,197.43,84.8,58.35,39.85,380.44,37.43,saver,0,0
2025-02-19,B,101,341.78,107.47,94.69,58.53,602.46,66.05,normal,0,0
2025-02-19,C,102,218.77,78.06,52.41,25.65,374.9,45.79,saver,0,0
2025-02-19,D,103,211.17,81.04,68.45,42.97,975.97,75.95,saver,1,0
2025-02-19,A,104,238.55,88.05,86.13,73.06,873.22,38.75,normal,0,1
2025-02-19,B,105,558.19,198.1,150.73,89.24,996.26,69.08,heavy,0,0
2025-02-19,C,106,146.56,53.88,33.26,27.08,260.78,27.3,saver,0,0
2025-02-19,D,107,236.93,95.95,50.63,28.59,412.1,31.64,saver,0,0
2025-02-19,A,108,534.61,217.02,163.68,111.1,1704.89,210.66,heavy,1,0
2025-02-19,B,109,280.23,92.72,53.21,55.51,481.68,36.04,normal,0,0
2025-02-19,C,110,189.24,74.44,65.91,64.46,394.05,38.23,normal,0,0
2025-02-19,D,111,306.49,88.12,88.65,76.6,559.86,63.36,normal,0,0
2025-02-19,A,112,228.02,91.19,102.93,75.94,498.09,38.12,normal,0,0
2025-02-19,B,113,411.8,193.29,161.84,52.11,819.03,59.51,heavy,0,0
2025-02-19,C,114,218.87,71.62,75.76,43.88,780.18,56.46,normal,1,0
2025-02-19,D,115,218.45,103.1,65.89,43.58,431.02,52.81,normal,0,0
2025-02-19,A,116,278.79,81.83,101.5,32.88,494.99,59.4,normal,0,0
2025-02-19,B,117,252.3,117.58,61.32,33.52,464.73,36.73,normal,0,0
2025-02-19,C,118,307.04,83.03,57.64,65.97,513.68,54.98,normal,0,0
2025-02-19,D,119,252.92,92.56,60.5,29.77,435.75,34.66,normal,0,0
2025-02-19,A,120,393.02,159.16,143.24,69.38,764.81,66.38,heavy,0,0
2025-02-19,B,121,273.7,123.18,93.36,54.38,544.62,56.31,normal,0,0
2025-02-19,C,122,242.14,98.27,57.52,78.98,476.91,41.8,normal,0,0
2025-02-19,D,123,317.02,133.94,95.25,59.24,605.45,67.85,normal,0,0
2025-02-19,A,124,322.36,112.44,69.45,88.71,592.96,73.22,normal,0,0
2025-02-19,B,125,358.88,143.51,74.6,85.8,662.8,63.02,normal,0,0
2025-02-19,C,126,177.53,68.61,43.36,39.33,328.82,35.55,normal,0,0
2025-02-19,D,127,341.22,123.12,97.11,60.47,621.92,57.92,normal,0,0
2025-02-19,A,128,263.06,121.13,89.26,57.96,531.41,47.34,normal,0,0
2025-02-19,B,129,266.69,104.34,82.85,50.38,504.27,59.59,normal,0,0
2025-02-19,C,130,209.19,72.92,65.57,23.79,371.47,25.94,normal,0,0
2025-02-19,D,131,414.07,159.74,145.33,45.73,764.86,61.73,heavy,0,0
2025-02-19,A,132,292.46,96.98,78.05,45.11,512.6,59.3,normal,0,0
2025-02-19,B,133,586.79,227.4,117.19,105.94,1037.32,122.54,heavy,0,0
2025-02-19,C,134,292.58,103.12,70.64,78.05,544.39,61.24,normal,0,0
2025-02-19,D,135,336.39,108.14,68.87,35.42,828.22,39.23,normal,0,1
2025-02-19,A,136,206.89,76.25,88.65,44.85,416.64,35.83,normal,0,0
2025-02-19,B,137,278.54,103.59,74.19,38.27,494.59,45.08,normal,0,0
2025-02-19,C,138,336.19,120.18,132.29,106.39,695.06,52.34,heavy,0,0
2025-02-19,D,139,536.99,268.14,212.86,54.78,1072.77,91.49,heavy,0,0
2025-02-19,A,140,180.46,66.74,55.26,41.19,343.65,39.58,normal,0,0
2025-02-19,B,141,161.29,67.48,50.01,25.05,303.84,32.5,saver,0,0
2025-02-19,C,142,206.16,86.78,79.62,23.44,395.99,29.67,normal,0,0
2025-02-19,D,143,608.32,173.82,203.93,69.58,1055.66,95.01,heavy,0,0
2025-02-19,A,144,340.44,132.6,85.65,74.87,633.56,66.99,normal,0,0
2025-02-19,B,145,338.29,133.43,109.9,35.44,617.06,51.16,normal,0,0
2025-02-19,C,146,248.23,75.42,61.24,33.71,418.6,35.56,normal,0,0
2025-02-19,D,147,556.85,201.44,172.84,91.76,1022.89,117.28,heavy,0,0
2025-02-19,A,148,510.82,196.53,136.25,115.23,958.83,93.83,heavy,0,0
2025-02-19,B,149,349.63,109.69,109.83,50.67,619.82,45.08,normal,0,0
2025-02-19,C,150,305.7,93.37,89.97,85.47,574.51,43.39,normal,0,0
2025-02-19,D,151,236.27,75.05,57.82,35.45,404.59,34.96,normal,0,0
2025-02-19,A,152,463.22,153.7,188.09,131.8,936.81,110.74,heavy,0,0
2025-02-19,B,153,266.36,76.26,94.9,51.12,488.64,42.42,normal,0,0
2025-02-19,C,154,261.78,81.55,101.56,46.91,491.81,48.15,normal,0,0
2025-02-19,D,155,123.73,47.19,38.65,30.48,240.06,21.99,saver,0,0
2025-02-19,A,156,325.81,141.64,130.3,54.42,652.17,55.25,heavy,0,0
2025-02-19,B,157,226.0,127.59,68.49,40.14,462.22,53.77,normal,0,0
2025-02-19,C,158,279.61,100.67,63.62,56.21,500.11,48.3,normal,0,0
2025-02-19,D,159,201.36,88.12,74.41,54.51,418.4,27.99,normal,0,0
2025-02-19,A,160,345.31,153.13,77.93,76.99,653.35,49.76,normal,0,0
2025-02-19,B,161,391.56,188.39,103.33,59.08,1015.07,52.9,heavy,0,1
2025-02-19,C,162,322.0,98.12,75.66,35.93,531.71,39.6,normal,0,0
2025-02-19,D,163,246.07,92.3,107.16,32.08,641.28,54.93,normal,0,1
2025-02-19,A,164,485.56,183.16,171.26,122.79,962.77,71.53,heavy,0,0
2025-02-19,B,165,448.67,194.82,116.27,46.8,806.56,55.37,heavy,0,0
2025-02-19,C,166,218.23,66.46,43.91,29.36,357.96,35.1,saver,0,0
2025-02-19,D,167,178.81,68.39,48.34,53.48,349.01,30.61,normal,0,0
2025-02-19,A,168,337.41,122.11,68.4,69.9,597.82,69.71,normal,0,0
2025-02-19,B,169,229.96,76.71,84.34,27.72,418.73,44.2,normal,0,0
2025-02-19,C,170,338.99,119.93,70.35,61.14,590.41,52.71,normal,0,0
2025-02-19,D,171,327.55,125.62,108.76,61.22,860.45,42.97,normal,0,1
2025-02-19,A,172,436.83,204.45,178.15,129.27,948.7,83.72,heavy,0,0
2025-02-19,B,173,220.4,67.11,54.22,23.32,365.06,25.03,saver,0,0
2025-02-19,C,174,273.17,154.91,68.57,57.68,554.33,63.71,normal,0,0
2025-02-19,D,175,245.09,77.21,55.01,49.0,426.31,34.15,normal,0,0
2025-02-19,A,176,567.49,246.51,101.84,74.32,1728.75,89.39,heavy,0,1
2025-02-19,B,177,377.11,130.97,100.78,74.11,682.96,71.51,heavy,0,0
2025-02-19,C,178,197.42,83.88,58.48,27.57,367.35,25.82,saver,0,0
2025-02-19,D,179,418.76,160.89,179.92,136.32,895.88,67.92,heavy,0,0
2025-02-19,A,180,266.56,133.95,78.31,46.5,822.75,48.9,normal,0,1
2025-02-20,B,101,398.91,147.63,98.16,69.2,713.91,77.12,heavy,0,0
2025-02-20,C,102,294.65,115.21,78.37,71.41,559.64,49.08,normal,0,0
2025-02-20,D,103,594.84,190.12,170.67,66.91,1022.54,101.33,heavy,0,0
2025-02-20,A,104,301.51,135.68,88.74,33.52,559.45,64.9,normal,0,0
2025-02-20,B,105,361.89,108.34,107.83,47.98,626.04,47.99,normal,0,0
2025-02-20,C,106,292.24,128.77,82.31,73.18,576.49,49.79,normal,0,0
2025-02-20,D,107,133.45,39.58,36.02,37.08,389.95,43.83,saver,1,0
2025-02-20,A,108,328.85,89.68,65.15,61.16,755.36,65.64,normal,0,1
2025-02-20,B,109,265.55,113.6,126.15,37.5,542.8,57.19,normal,0,0
2025-02-20,C,110,298.48,159.88,121.16,75.61,655.14,61.49,heavy,0,0
2025-02-20,D,111,218.3,75.98,53.97,31.51,379.75,25.56,normal,0,0
2025-02-20,A,112,317.71,136.02,75.97,52.84,923.84,105.59,normal,1,0
2025-02-20,B,113,209.09,88.8,56.08,36.47,390.44,33.03,saver,0,0
2025-02-20,C,114,146.94,62.56,31.64,21.55,262.69,25.74,saver,0,0
2025-02-20,D,115,307.52,133.22,97.73,73.42,611.89,50.28,normal,0,0
2025-02-20,A,116,167.36,100.29,47.45,22.06,502.5,31.0,saver,0,1
2025-02-20,B,117,382.88,158.4,154.55,87.62,783.45,58.88,heavy,0,0
2025-02-20,C,118,221.87,92.35,44.54,24.18,382.94,41.36,normal,0,0
2025-02-20,D,119,287.55,125.69,73.33,50.99,537.56,62.88,normal,0,0
2025-02-20,A,120,136.68,55.21,32.4,33.66,257.95,17.88,saver,0,0
2025-02-20,B,121,213.38,80.27,60.67,24.37,498.57,32.65,saver,0,1
2025-02-20,C,122,215.85,62.84,41.13,49.26,369.08,41.82,saver,0,0
2025-02-20,D,123,522.26,199.67,112.28,104.95,939.16,96.8,heavy,0,0
2025-02-20,A,124,297.49,125.35,68.43,32.54,523.81,37.22,normal,0,0
2025-02-20,B,125,306.87,117.25,97.1,53.72,574.94,57.72,normal,0,0
2025-02-20,C,126,286.34,102.7,76.23,70.51,535.77,44.41,normal,0,0
2025-02-20,D,127,503.9,227.54,103.9,80.97,916.31,73.8,heavy,0,0
2025-02-20,A,128,377.26,107.56,106.02,51.33,642.16,47.18,normal,0,0
2025-02-20,B,129,289.72,101.55,61.13,42.61,495.02,47.04,normal,0,0
2025-02-20,C,130,413.6,125.74,155.88,55.05,750.26,67.22,heavy,0,0
2025-02-20,D,131,284.22,133.04,116.11,64.62,597.99,47.78,normal,0,0
2025-02-20,A,132,455.97,230.64,165.65,121.86,1709.15,76.26,heavy,0,1
2025-02-20,B,133,246.36,110.51,88.35,40.97,486.2,33.54,normal,0,0
2025-02-20,C,134,279.6,105.36,71.85,32.73,489.55,33.59,normal,0,0
2025-02-20,D,135,277.18,92.74,73.76,78.78,522.47,35.89,normal,0,0
2025-02-20,A,136,289.7,93.55,54.86,48.75,486.86,44.36,normal,0,0
2025-02-20,B,137,215.77,79.57,75.18,42.62,551.04,29.62,saver,0,1
2025-02-20,C,138,339.21,133.47,125.13,55.74,653.55,58.15,normal,0,0
2025-02-20,D,139,632.65,239.96,202.54,92.2,1167.36,102.5,heavy,0,0
2025-02-20,A,140,636.64,165.4,171.3,118.96,2027.12,138.92,heavy,1,0
2025-02-20,B,141,244.66,88.55,56.62,27.14,416.98,37.7,saver,0,0
2025-02-20,C,142,283.81,116.65,59.5,62.79,522.74,46.76,normal,0,0
2025-02-20,D,143,230.7,84.5,89.31,47.25,451.76,55.69,normal,0,0
2025-02-20,A,144,489.3,241.34,158.23,73.3,962.17,72.72,heavy,0,0
2025-02-20,B,145,507.36,163.01,169.67,111.14,951.19,68.74,heavy,0,0
2025-02-20,C,146,223.57,108.3,101.71,58.97,492.54,42.09,normal,0,0
2025-02-20,D,147,203.23,65.01,36.78,54.94,575.9,37.99,saver,0,1
2025-02-20,A,148,557.98,172.2,118.27,144.54,1736.01,105.05,heavy,0,1
2025-02-20,B,149,232.79,131.57,74.19,48.2,633.11,35.01,normal,0,1
2025-02-20,C,150,185.14,83.67,38.22,21.6,328.63,35.6,saver,0,0
2025-02-20,D,151,323.63,135.81,90.36,66.69,616.49,76.72,heavy,0,0
2025-02-20,A,152,380.85,132.15,143.52,65.74,722.26,75.88,heavy,0,0
2025-02-20,B,153,374.93,101.5,79.95,43.58,599.96,45.57,normal,0,0
2025-02-20,C,154,223.15,107.25,51.83,55.05,437.27,29.75,normal,0,0
2025-02-20,D,155,275.27,115.51,57.08,40.67,488.53,37.4,normal,0,0
2025-02-20,A,156,285.26,117.47,114.68,41.28,866.07,40.94,normal,0,1
2025-02-20,B,157,210.49,101.94,68.56,65.68,446.67,49.74,normal,0,0
2025-02-20,C,158,199.59,84.84,61.97,25.68,372.08,39.67,normal,0,0
2025-02-20,D,159,202.08,79.83,50.66,53.33,385.9,40.51,normal,0,0
2025-02-20,A,160,508.03,215.93,123.93,77.67,925.56,63.35,heavy,0,0
2025-02-20,B,161,319.32,107.21,99.49,79.49,605.51,53.78,normal,0,0
2025-02-20,C,162,268.35,117.36,85.42,41.21,512.34,40.45,normal,0,0
2025-02-20,D,163,234.41,99.26,73.57,54.94,462.17,36.33,normal,0,0
2025-02-20,A,164,455.78,152.75,103.86,81.83,794.23,58.77,heavy,0,0
2025-02-20,B,165,305.19,126.2,114.28,64.59,610.26,53.9,normal,0,0
2025-02-20,C,166,194.33,87.36,55.65,41.18,378.51,26.42,normal,0,0
2025-02-20,D,167,211.98,75.13,75.04,46.56,408.7,32.07,normal,0,0
2025-02-20,A,168,237.53,115.33,57.51,57.41,467.78,55.38,normal,0,0
2025-02-20,B,169,259.91,77.02,87.13,31.53,616.05,42.62,normal,0,1
2025-02-20,C,170,204.05,66.52,41.36,59.85,618.68,36.82,normal,0,1
2025-02-20,D,171,236.85,98.91,46.64,39.89,422.28,41.95,normal,0,0
2025-02-20,A,172,312.21,154.93,115.34,61.53,644.0,43.2,heavy,0,0
2025-02-20,B,173,253.44,103.66,76.14,44.31,477.55,48.18,normal,0,0
2025-02-20,C,174,434.47,158.36,130.62,134.08,857.54,71.39,heavy,0,0
2025-02-20,D,175,249.07,101.92,45.36,46.96,443.3,32.85,saver,0,0
2025-02-20,A,176,451.93,197.58,121.11,99.83,870.46,68.09,heavy,0,0
2025-02-20,B,177,271.65,92.72,91.65,37.87,493.89,42.27,normal,0,0
2025-02-20,C,178,213.94,100.83,84.44,56.65,455.85,46.28,normal,0,0
2025-02-20,D,179,303.91,110.55,99.06,77.21,590.74,55.3,normal,0,0
2025-02-20,A,180,212.21,105.83,89.01,33.62,440.68,48.29,normal,0,0
2025-02-21,B,101,346.12,119.24,87.01,39.97,592.33,47.57,normal,0,0
2025-02-21,C,102,355.82,126.96,73.19,35.39,591.36,59.73,normal,0,0
2025-02-21,D,103,352.77,112.62,76.78,94.67,636.84,51.33,heavy,0,0
2025-02-21,A,104,262.74,97.8,104.16,72.35,846.17,40.57,normal,0,1
2025-02-21,B,105,522.91,182.13,138.04,127.47,1619.17,66.91,heavy,0,1
2025-02-21,C,106,243.0,113.45,87.74,24.55,468.73,41.29,normal,0,0
2025-02-21,D,107,425.89,130.33,136.16,110.01,1223.62,157.65,heavy,1,0
2025-02-21,A,108,329.99,165.79,105.78,97.36,1178.98,136.95,heavy,1,0
2025-02-21,B,109,168.61,76.07,46.47,20.1,311.25,27.34,saver,0,0
2025-02-21,C,110,264.12,98.89,84.34,40.01,487.37,40.38,normal,0,0
2025-02-21,D,111,345.05,160.93,133.94,40.7,1075.12,66.74,normal,0,1
2025-02-21,A,112,119.61,48.87,50.76,28.25,247.5,23.33,saver,0,0
2025-02-21,B,113,120.67,56.82,46.04,19.36,242.88,26.15,saver,0,0
2025-02-21,C,114,199.24,73.39,46.16,54.76,373.55,27.2,normal,0,0
2025-02-21,D,115,201.81,60.97,51.18,36.76,519.22,34.39,normal,0,1
2025-02-21,A,116,288.13,107.14,51.47,45.43,492.16,51.63,normal,0,0
2025-02-21,B,117,208.4,86.95,73.01,56.93,425.3,34.75,normal,0,0
2025-02-21,C,118,179.16,87.83,63.24,24.23,354.45,23.77,saver,0,0
2025-02-21,D,119,187.95,88.13,49.56,57.57,383.21,27.41,normal,0,0
2025-02-21,A,120,233.79,73.37,72.98,22.11,402.24,45.28,normal,0,0
2025-02-21,B,121,222.69,69.69,68.47,48.96,409.81,32.88,normal,0,0
2025-02-21,C,122,349.68,161.66,112.09,119.45,742.89,79.87,heavy,0,0
2025-02-21,D,123,267.33,142.73,76.21,80.15,566.4,50.96,normal,0,0
2025-02-21,A,124,350.88,152.68,82.98,85.55,672.08,64.26,normal,0,0
2025-02-21,B,125,382.2,170.76,93.1,60.56,706.62,82.31,normal,0,0
2025-02-21,C,126,302.73,128.78,82.7,50.96,565.17,39.99,normal,0,0
2025-02-21,D,127,461.69,153.33,197.93,109.79,922.74,107.55,heavy,0,0
2025-02-21,A,128,311.41,96.71,87.37,85.93,581.42,41.96,normal,0,0
2025-02-21,B,129,211.37,62.87,42.81,44.82,361.87,30.72,normal,0,0
2025-02-21,C,130,200.59,71.93,46.59,37.1,500.1,24.64,saver,0,1
2025-02-21,D,131,289.34,134.89,88.86,76.02,869.29,43.38,normal,0,1
2025-02-21,A,132,147.4,83.79,64.96,31.47,327.63,40.74,saver,0,0
2025-02-21,B,133,293.58,122.18,68.66,36.73,521.15,39.93,normal,0,0
2025-02-21,C,134,216.55,112.5,100.88,39.02,468.96,45.4,normal,0,0
2025-02-21,D,135,364.13,130.02,141.42,52.18,687.75,81.86,heavy,0,0
2025-02-21,A,136,324.86,154.28,139.8,87.65,1033.36,80.91,heavy,0,1
2025-02-21,B,137,468.14,226.39,112.45,90.1,1420.89,93.63,heavy,0,1
2025-02-21,C,138,354.57,140.13,95.71,63.44,653.85,60.3,normal,0,0
2025-02-21,D,139,210.15,96.37,100.5,38.81,445.83,37.8,normal,0,0
2025-02-21,A,140,575.82,232.24,113.52,120.05,1041.62,84.92,heavy,0,0
2025-02-21,B,141,266.05,93.2,114.01,78.45,551.71,59.34,normal,0,0
2025-02-21,C,142,288.38,106.45,106.08,29.55,530.46,46.45,normal,0,0
2025-02-21,D,143,205.98,78.85,49.11,42.15,376.09,33.53,normal,0,0
2025-02-21,A,144,356.35,146.16,97.49,60.03,660.03,45.95,normal,0,0
2025-02-21,B,145,273.82,155.5,127.24,37.3,593.86,54.41,normal,0,0
2025-02-21,C,146,271.79,115.65,70.35,43.16,500.94,39.57,normal,0,0
2025-02-21,D,147,341.54,123.28,80.63,70.96,1416.73,124.48,heavy,1,0
2025-02-21,A,148,351.3,110.23,103.41,62.15,627.09,65.62,normal,0,0
2025-02-21,B,149,211.3,77.69,89.0,43.11,421.1,52.45,normal,0,0
2025-02-21,C,150,442.56,149.37,93.74,72.08,757.74,55.55,heavy,0,0
2025-02-21,D,151,231.85,86.75,51.1,46.99,416.68,28.07,normal,0,0
2025-02-21,A,152,514.86,146.18,170.35,94.59,925.98,63.34,heavy,0,0
2025-02-21,B,153,169.61,72.18,46.77,31.07,319.64,22.27,saver,0,0
2025-02-21,C,154,428.76,202.41,103.27,52.85,787.29,93.15,heavy,0,0
2025-02-21,D,155,270.53,144.07,114.68,66.46,595.74,59.18,normal,0,0
2025-02-21,A,156,327.12,171.42,122.11,101.88,722.52,74.88,heavy,0,0
2025-02-21,B,157,190.57,93.63,53.37,47.36,384.92,39.29,normal,0,0
2025-02-21,C,158,267.5,77.59,98.31,50.97,494.36,50.42,normal,0,0
2025-02-21,D,159,188.01,71.06,33.76,43.06,335.89,23.65,saver,0,0
2025-02-21,A,160,176.41,68.57,67.66,25.38,545.29,28.19,normal,0,1
2025-02-21,B,161,160.4,64.43,57.6,25.78,308.21,28.03,saver,0,0
2025-02-21,C,162,161.96,75.38,75.01,26.6,533.99,30.36,saver,0,1
2025-02-21,D,163,324.32,127.29,115.96,40.37,793.56,51.51,normal,0,1
2025-02-21,A,164,165.84,52.63,30.53,35.56,598.83,60.19,saver,1,0
2025-02-21,B,165,303.13,112.18,72.02,58.21,545.54,43.58,normal,0,0
2025-02-21,C,166,208.5,109.45,51.71,40.28,409.94,31.86,normal,0,0
2025-02-21,D,167,359.51,148.98,133.49,99.25,741.23,69.97,heavy,0,0
2025-02-21,A,168,507.4,210.67,164.2,135.74,1018.0,71.74,heavy,0,0
2025-02-21,B,169,141.29,46.12,35.98,22.89,408.91,21.71,saver,0,1
2025-02-21,C,170,377.12,100.7,109.2,52.67,639.69,50.28,normal,0,0
2025-02-21,D,171,348.46,109.41,105.63,43.93,607.44,52.21,normal,0,0
2025-02-21,A,172,285.07,114.14,135.34,40.64,575.2,67.28,normal,0,0
2025-02-21,B,173,236.35,137.62,106.28,77.01,557.25,59.35,normal,0,0
2025-02-21,C,174,365.8,156.91,82.32,50.79,655.83,66.28,normal,0,0
2025-02-21,D,175,471.88,219.75,148.96,132.18,972.77,83.86,heavy,0,0
2025-02-21,A,176,145.18,71.36,52.78,21.43,467.4,20.04,saver,0,1
2025-02-21,B,177,564.92,207.61,127.94,141.72,1863.22,100.29,heavy,0,1
2025-02-21,C,178,210.13,95.41,69.1,30.34,404.98,27.19,saver,0,0
2025-02-21,D,179,542.23,190.28,114.31,72.74,919.56,61.86,heavy,0,0
2025-02-21,A,180,326.15,147.38,101.55,57.0,632.09,55.13,normal,0,0
2025-02-22,B,101,400.94,134.83,81.49,66.2,683.47,51.0,normal,0,0
2025-02-22,C,102,591.56,208.83,229.17,66.32,1095.89,89.97,heavy,0,0
2025-02-22,D,103,577.34,285.12,170.3,116.51,1149.26,105.59,heavy,0,0
2025-02-22,A,104,312.21,128.26,95.27,35.49,571.23,45.09,normal,0,0
2025-02-22,B,105,337.77,189.56,88.45,111.39,727.16,51.29,normal,0,0
2025-02-22,C,106,208.99,103.01,86.04,26.78,424.81,34.4,normal,0,0
2025-02-22,D,107,281.61,153.94,76.88,36.44,548.87,36.98,normal,0,0
2025-02-22,A,108,417.58,151.84,133.46,98.35,801.23,59.43,normal,0,0
2025-02-22,B,109,368.42,189.94,126.98,78.55,1209.36,81.82,normal,0,1
2025-02-22,C,110,388.0,141.03,132.93,68.35,730.31,60.83,normal,0,0
2025-02-22,D,111,488.1,221.53,137.51,74.34,921.49,63.77,heavy,0,0
2025-02-22,A,112,423.59,154.29,116.9,99.91,794.68,87.27,normal,0,0
2025-02-22,B,113,632.07,178.86,163.41,107.79,1082.14,122.74,heavy,0,0
2025-02-22,C,114,367.96,178.68,156.32,107.37,810.32,61.91,normal,0,0
2025-02-22,D,115,554.79,212.88,152.87,155.3,1075.84,73.72,heavy,0,0
2025-02-22,A,116,619.58,211.72,157.01,162.43,1150.73,95.45,heavy,0,0
2025-02-22,B,117,250.79,74.26,93.31,59.5,477.87,32.13,normal,0,0
2025-02-22,C,118,431.16,194.51,111.44,114.73,1429.88,103.5,normal,1,0
2025-02-22,D,119,321.26,103.8,63.03,75.85,871.06,42.28,normal,0,1
2025-02-22,A,120,338.8,165.24,82.35,76.61,663.0,71.68,normal,0,0
2025-02-22,B,121,370.79,190.17,114.75,80.79,1278.83,57.17,normal,0,1
2025-02-22,C,122,239.66,135.92,67.67,36.21,479.46,38.72,normal,0,0
2025-02-22,D,123,318.85,157.29,70.38,94.08,640.6,69.94,normal,0,0
2025-02-22,A,124,179.52,78.01,67.73,42.9,368.16,26.39,saver,0,0
2025-02-22,B,125,321.48,134.44,78.09,58.34,592.35,68.22,normal,0,0
2025-02-22,C,126,295.56,138.71,77.36,57.23,568.85,64.0,normal,0,0
2025-02-22,D,127,379.05,177.31,116.77,55.3,728.44,55.39,normal,0,0
2025-02-22,A,128,480.72,134.48,157.65,86.36,859.22,57.45,normal,0,0
2025-02-22,B,129,562.86,237.61,178.36,141.5,1120.33,117.19,heavy,0,0
2025-02-22,C,130,260.8,112.36,60.22,53.51,486.9,35.35,saver,0,0
2025-02-22,D,131,204.81,107.94,67.96,67.76,448.46,33.31,normal,0,0
2025-02-22,A,132,649.85,187.82,182.96,104.04,1124.67,94.62,heavy,0,0
2025-02-22,B,133,405.85,139.72,90.12,88.44,724.14,53.1,normal,0,0
2025-02-22,C,134,266.75,90.49,73.3,59.53,490.07,59.05,normal,0,0
2025-02-22,D,135,403.7,153.43,126.49,114.15,797.77,55.33,normal,0,0
2025-02-22,A,136,334.55,157.23,103.31,42.32,637.42,57.61,normal,0,0
2025-02-22,B,137,575.43,265.48,116.48,98.39,1055.79,72.39,heavy,0,0
2025-02-22,C,138,290.02,134.35,91.78,66.07,864.02,62.13,normal,0,1
2025-02-22,D,139,398.1,168.7,137.45,132.51,836.76,71.23,normal,0,0
2025-02-22,A,140,191.82,68.83,74.36,35.61,665.63,29.45,saver,0,1
2025-02-22,B,141,617.35,236.84,157.61,144.06,1155.86,88.79,heavy,0,0
2025-02-22,C,142,248.85,125.37,90.77,75.33,540.31,53.47,normal,0,0
2025-02-22,D,143,264.86,77.03,72.74,48.86,463.48,37.65,normal,0,0
2025-02-22,A,144,413.5,164.4,93.45,95.91,1297.8,55.07,normal,0,1
2025-02-22,B,145,301.11,168.43,70.45,59.23,599.22,72.47,normal,0,0
2025-02-22,C,146,488.15,254.9,179.26,146.89,1069.2,107.65,heavy,0,0
2025-02-22,D,147,317.36,132.23,81.91,42.85,574.35,51.7,normal,0,0
2025-02-22,A,148,566.4,242.86,210.44,112.58,1132.28,110.33,heavy,0,0
2025-02-22,B,149,242.18,90.21,60.19,45.0,437.59,52.48,normal,0,0
2025-02-22,C,150,340.93,103.03,123.6,52.69,956.06,63.1,normal,0,1
2025-02-22,D,151,381.57,153.03,128.16,35.26,1091.69,50.0,normal,0,1
2025-02-22,A,152,588.65,184.67,214.76,70.13,1058.21,72.8,heavy,0,0
2025-02-22,B,153,278.2,137.06,103.12,44.46,562.84,52.58,normal,0,0
2025-02-22,C,154,355.08,156.43,98.32,34.6,644.42,43.15,normal,0,0
2025-02-22,D,155,294.38,116.99,84.74,37.19,533.29,51.53,normal,0,0
2025-02-22,A,156,402.96,140.23,122.54,82.17,747.9,73.73,normal,0,0
2025-02-22,B,157,321.3,150.35,107.36,45.15,1088.08,62.79,normal,0,1
2025-02-22,C,158,331.0,120.0,74.77,46.93,572.7,43.54,normal,0,0
2025-02-22,D,159,427.52,154.35,154.16,88.19,824.22,73.72,normal,0,0
2025-02-22,A,160,359.7,151.19,161.25,69.9,742.05,72.04,normal,0,0
2025-02-22,B,161,237.35,84.57,46.2,20.42,388.54,27.84,saver,0,0
2025-02-22,C,162,520.96,219.96,160.34,101.14,1002.39,98.59,heavy,0,0
2025-02-22,D,163,311.01,162.32,65.79,52.98,592.11,40.8,normal,0,0
2025-02-22,A,164,485.82,218.38,197.24,102.54,1003.99,68.86,heavy,0,0
2025-02-22,B,165,472.65,222.76,130.17,160.73,986.3,68.21,heavy,0,0
2025-02-22,C,166,311.08,100.59,100.17,69.44,581.28,63.65,normal,0,0
2025-02-22,D,167,162.15,56.42,47.75,28.32,294.64,27.0,saver,0,0
2025-02-22,A,168,582.38,193.2,140.43,112.12,1028.14,120.0,heavy,0,0
2025-02-22,B,169,323.15,133.5,133.82,41.11,631.58,50.37,normal,0,0
2025-02-22,C,170,251.93,111.42,50.03,69.36,482.75,33.99,saver,0,0
2025-02-22,D,171,544.0,174.12,145.8,71.7,935.63,73.58,heavy,0,0
2025-02-22,A,172,339.16,136.6,68.12,61.56,605.44,51.7,normal,0,0
2025-02-22,B,173,207.94,119.44,67.3,73.84,809.02,33.09,normal,0,1
2025-02-22,C,174,266.0,121.94,54.45,63.11,505.51,53.64,saver,0,0
2025-02-22,D,175,288.89,168.98,128.05,67.23,653.14,44.35,normal,0,0
2025-02-22,A,176,523.79,190.31,115.57,71.29,900.95,66.9,heavy,0,0
2025-02-22,B,177,234.02,99.19,59.67,84.41,1596.91,51.24,normal,1,1
2025-02-22,C,178,263.5,81.9,51.9,52.12,449.42,37.97,normal,0,0
2025-02-22,D,179,400.65,130.31,96.92,40.07,667.94,82.31,normal,0,0
2025-02-22,A,180,240.04,116.3,62.37,27.57,698.04,59.69,normal,1,0
2025-02-23,B,101,207.17,100.87,61.87,43.08,412.99,37.95,normal,0,0
2025-02-23,C,102,233.75,129.36,75.19,26.33,464.63,33.51,saver,0,0
2025-02-23,D,103,349.08,108.36,95.91,54.13,607.48,51.03,normal,0,0
2025-02-23,A,104,709.51,293.9,217.85,87.31,1308.57,117.98,heavy,0,0
2025-02-23,B,105,292.44,96.55,99.67,88.15,788.2,48.38,normal,0,1
2025-02-23,C,106,169.64,53.48,49.21,22.84,295.18,24.59,saver,0,0
2025-02-23,D,107,195.96,95.48,69.09,29.08,389.61,31.97,saver,0,0
2025-02-23,A,108,383.7,156.29,105.52,34.76,1032.35,51.31,normal,0,1
2025-02-23,B,109,619.29,266.85,139.23,148.38,1173.75,104.51,heavy,0,0
2025-02-23,C,110,260.72,122.98,84.46,91.7,559.85,44.02,normal,0,0
2025-02-23,D,111,370.37,183.9,98.07,108.83,761.17,52.68,heavy,0,0
2025-02-23,A,112,679.47,264.54,226.18,69.51,1239.71,145.8,heavy,0,0
2025-02-23,B,113,392.85,153.48,110.33,52.47,709.14,54.93,normal,0,0
2025-02-23,C,114,228.81,115.92,63.86,38.68,1079.66,71.87,normal,1,0
2025-02-23,D,115,272.15,105.93,80.71,39.21,498.0,33.54,normal,0,0
2025-02-23,A,116,451.2,230.9,151.27,110.09,943.47,64.08,normal,0,0
2025-02-23,B,117,447.52,176.99,107.52,85.34,817.37,65.1,normal,0,0
2025-02-23,C,118,318.91,88.82,96.11,74.17,578.01,55.88,normal,0,0
2025-02-23,D,119,260.82,97.48,109.74,52.78,520.82,36.11,normal,0,0
2025-02-23,A,120,245.29,92.2,66.43,73.85,477.78,46.15,normal,0,0
2025-02-23,B,121,289.04,88.61,58.07,78.49,514.22,37.83,normal,0,0
2025-02-23,C,122,425.35,153.01,106.58,69.34,1294.6,55.35,normal,0,1
2025-02-23,D,123,274.07,114.08,68.07,35.45,491.68,33.12,normal,0,0
2025-02-23,A,124,233.52,94.89,68.64,47.89,685.04,36.39,saver,0,1
2025-02-23,B,125,234.21,104.46,50.67,67.89,457.24,37.26,normal,0,0
2025-02-23,C,126,221.96,85.69,80.56,33.43,421.64,39.11,normal,0,0
2025-02-23,D,127,372.72,166.17,166.16,64.94,770.0,82.46,heavy,0,0
2025-02-23,A,128,259.72,111.91,78.32,61.48,511.43,45.9,saver,0,0
2025-02-23,B,129,175.08,84.38,55.2,44.3,358.97,44.69,saver,0,0
2025-02-23,C,130,379.72,136.26,83.38,36.49,1074.52,51.47,normal,0,1
2025-02-23,D,131,460.58,218.87,151.88,112.45,943.78,105.64,heavy,0,0
2025-02-23,A,132,355.44,132.58,142.42,94.9,725.33,78.67,normal,0,0
2025-02-23,B,133,324.57,134.48,116.62,114.6,690.27,50.7,normal,0,0
2025-02-23,C,134,542.35,141.29,151.77,102.8,938.21,77.87,heavy,0,0
2025-02-23,D,135,421.93,203.44,149.36,128.25,902.98,74.53,heavy,0,0
2025-02-23,A,136,562.35,223.1,162.47,136.05,1652.82,163.51,normal,1,0
2025-02-23,B,137,442.82,169.47,140.05,73.31,825.64,63.42,normal,0,0
2025-02-23,C,138,118.61,43.58,52.94,23.09,238.22,22.54,saver,0,0
2025-02-23,D,139,303.98,114.68,62.6,69.09,550.36,47.86,normal,0,0
2025-02-23,A,140,291.26,98.72,93.85,73.42,557.24,68.42,normal,0,0
2025-02-23,B,141,374.73,121.34,106.83,71.84,674.74,62.75,normal,0,0
2025-02-23,C,142,457.18,143.31,96.94,59.9,1794.75,158.38,heavy,1,0
2025-02-23,D,143,327.58,143.76,119.93,108.45,699.71,54.76,normal,0,0
2025-02-23,A,144,414.11,164.12,94.59,45.62,718.44,51.44,normal,0,0
2025-02-23,B,145,442.07,193.66,126.86,60.08,822.67,62.19,normal,0,0
2025-02-23,C,146,610.36,269.8,250.96,133.37,1264.49,111.18,heavy,0,0
2025-02-23,D,147,392.86,165.17,168.87,65.02,791.92,75.0,heavy,0,0
2025-02-23,A,148,479.36,259.44,192.02,57.85,988.67,67.72,heavy,0,0
2025-02-23,B,149,318.65,163.4,131.3,72.63,685.99,80.69,normal,0,0
2025-02-23,C,150,412.5,160.1,86.91,105.24,764.75,70.2,normal,0,0
2025-02-23,D,151,376.18,106.86,115.91,43.89,642.83,67.07,normal,0,0
2025-02-23,A,152,464.75,157.81,159.57,57.77,839.9,61.46,heavy,0,0
2025-02-23,B,153,347.42,136.76,93.05,74.63,651.86,49.75,normal,0,0
2025-02-23,C,154,332.5,132.19,75.57,31.73,571.99,68.4,normal,0,0
2025-02-23,D,155,153.17,69.89,68.45,29.06,320.56,26.09,saver,0,0
2025-02-23,A,156,292.93,104.34,101.39,68.47,567.13,57.74,normal,0,0
2025-02-23,B,157,203.45,74.3,62.68,50.19,879.36,49.96,saver,1,0
2025-02-23,C,158,491.96,157.52,89.86,79.83,819.18,55.41,normal,0,0
2025-02-23,D,159,229.33,86.74,68.27,42.63,426.97,30.53,saver,0,0
2025-02-23,A,160,466.25,160.21,95.95,77.3,799.71,95.39,heavy,0,0
2025-02-23,B,161,351.33,124.33,113.79,44.05,633.5,50.92,normal,0,0
2025-02-23,C,162,495.67,209.59,198.5,73.41,977.16,93.67,heavy,0,0
2025-02-23,D,163,606.22,265.43,151.85,74.8,1098.3,82.51,heavy,0,0
2025-02-23,A,164,221.84,95.21,79.87,49.36,638.41,34.8,saver,0,1
2025-02-23,B,165,404.4,138.71,107.8,81.71,732.61,50.91,normal,0,0
2025-02-23,C,166,445.73,163.88,92.03,45.27,746.91,51.86,normal,0,0
2025-02-23,D,167,392.89,131.29,171.23,69.69,765.1,54.12,normal,0,0
2025-02-23,A,168,347.43,91.88,75.03,82.01,596.35,52.49,normal,0,0
2025-02-23,B,169,319.31,112.58,117.69,84.64,634.22,55.21,normal,0,0
2025-02-23,C,170,598.37,245.88,230.69,146.04,1220.98,110.08,heavy,0,0
2025-02-23,D,171,274.48,95.45,79.39,40.85,490.16,54.75,normal,0,0
2025-02-23,A,172,331.0,162.96,127.02,85.2,706.18,74.1,normal,0,0
2025-02-23,B,173,304.66,106.41,70.22,40.51,521.81,36.93,normal,0,0
2025-02-23,C,174,642.87,183.91,166.67,73.99,1067.44,79.41,heavy,0,0
2025-02-23,D,175,369.26,145.12,101.41,79.02,694.81,85.06,normal,0,0
2025-02-23,A,176,445.2,263.56,175.46,94.26,978.47,72.4,heavy,0,0
2025-02-23,B,177,283.12,145.14,83.81,63.77,1017.35,54.98,normal,0,1
2025-02-23,C,178,336.5,146.83,83.82,98.85,666.0,63.77,normal,0,0
2025-02-23,D,179,313.04,159.88,116.92,73.62,663.46,56.37,normal,0,0
2025-02-23,A,180,323.22,109.3,126.61,36.99,596.13,68.81,normal,0,0
2025-02-24,B,101,142.72,74.95,42.58,22.04,282.28,25.08,saver,0,0
2025-02-24,C,102,235.66,104.24,103.61,83.53,527.04,63.66,normal,0,0
2025-02-24,D,103,387.64,219.04,103.36,77.46,1308.34,95.34,heavy,1,0
2025-02-24,A,104,224.44,78.13,62.89,56.53,421.99,50.52,normal,0,0
2025-02-24,B,105,207.6,81.09,59.13,35.96,383.79,34.3,normal,0,0
2025-02-24,C,106,229.96,64.02,78.37,36.67,409.01,48.04,saver,0,0
2025-02-24,D,107,317.4,96.13,96.22,75.93,1044.67,66.07,normal,0,1
2025-02-24,A,108,305.73,128.29,71.08,41.36,546.45,65.56,normal,0,0
2025-02-24,B,109,470.6,191.8,165.08,111.9,1343.8,98.26,heavy,0,1
2025-02-24,C,110,521.04,179.02,111.4,74.28,885.75,65.81,heavy,0,0
2025-02-24,D,111,236.29,108.1,72.39,45.23,462.02,34.35,normal,0,0
2025-02-24,A,112,474.91,178.0,148.82,60.04,861.76,65.94,heavy,0,0
2025-02-24,B,113,377.72,142.11,120.93,90.6,1341.05,145.52,normal,1,0
2025-02-24,C,114,469.97,216.56,118.5,86.44,891.47,67.48,heavy,0,0
2025-02-24,D,115,260.09,73.19,79.98,41.22,454.48,54.81,normal,0,0
2025-02-24,A,116,304.56,106.49,115.02,88.27,807.05,43.38,normal,0,1
2025-02-24,B,117,156.31,63.73,61.81,24.9,400.22,22.79,saver,0,1
2025-02-24,C,118,188.62,72.94,55.09,25.34,341.99,35.44,saver,0,0
2025-02-24,D,119,354.19,102.98,78.63,83.92,1483.09,75.79,normal,1,0
2025-02-24,A,120,339.59,167.83,134.89,102.66,744.98,65.53,normal,0,0
2025-02-24,B,121,567.97,202.91,120.38,50.31,1375.12,98.49,heavy,0,1
2025-02-24,C,122,161.55,66.16,35.38,24.26,287.34,30.59,saver,0,0
2025-02-24,D,123,329.96,109.05,77.18,34.75,550.94,64.5,normal,0,0
2025-02-24,A,124,331.21,97.1,83.53,43.66,555.51,56.74,normal,0,0
2025-02-24,B,125,211.62,84.03,90.98,61.33,447.96,38.64,normal,0,0
2025-02-24,C,126,294.35,120.57,106.38,68.27,589.57,65.39,normal,0,0
2025-02-24,D,127,230.06,67.5,58.01,31.66,387.23,25.9,normal,0,0
2025-02-24,A,128,141.53,67.69,47.69,42.75,299.65,31.0,saver,0,0
2025-02-24,B,129,187.03,70.01,45.11,41.11,343.26,34.63,normal,0,0
2025-02-24,C,130,379.07,126.1,126.85,42.13,674.14,63.49,heavy,0,0
2025-02-24,D,131,213.71,67.66,55.46,52.47,389.3,26.95,saver,0,0
2025-02-24,A,132,334.85,137.32,82.91,47.87,602.95,48.2,normal,0,0
2025-02-24,B,133,430.61,147.22,114.47,48.93,741.23,86.06,heavy,0,0
2025-02-24,C,134,162.64,70.79,56.16,24.26,313.85,26.62,saver,0,0
2025-02-24,D,135,311.41,132.57,89.42,86.88,620.28,43.14,heavy,0,0
2025-02-24,A,136,518.94,262.09,113.13,66.85,961.01,88.28,heavy,0,0
2025-02-24,B,137,279.81,133.42,63.76,30.86,507.86,62.1,normal,0,0
2025-02-24,C,138,187.67,92.5,51.05,25.61,356.83,37.43,normal,0,0
2025-02-24,D,139,508.04,195.98,179.88,138.2,2194.91,113.43,heavy,1,0
2025-02-24,A,140,446.28,183.56,125.53,120.66,876.04,79.73,heavy,0,0
2025-02-24,B,141,103.21,61.33,33.84,25.68,224.06,18.83,saver,0,0
2025-02-24,C,142,363.82,128.86,68.15,67.16,627.99,65.24,normal,0,0
2025-02-24,D,143,234.77,89.19,51.73,28.95,404.65,27.03,saver,0,0
2025-02-24,A,144,256.54,124.36,58.4,50.93,490.24,44.34,normal,0,0
2025-02-24,B,145,223.73,128.23,70.67,52.15,474.77,36.0,normal,0,0
2025-02-24,C,146,354.22,176.94,141.34,67.69,740.19,78.55,heavy,0,0
2025-02-24,D,147,208.83,79.88,77.89,43.36,409.97,38.5,normal,0,0
2025-02-24,A,148,203.74,56.24,69.38,34.63,363.99,31.57,saver,0,0
2025-02-24,B,149,241.53,74.7,70.09,30.82,417.14,33.75,normal,0,0
2025-02-24,C,150,221.46,71.04,77.31,20.59,390.39,34.34,saver,0,0
2025-02-24,D,151,500.17,222.2,186.0,72.43,980.8,81.35,heavy,0,0
2025-02-24,A,152,266.92,126.19,107.79,36.68,537.58,50.25,normal,0,0
2025-02-24,B,153,342.68,137.61,75.25,59.31,614.84,46.28,normal,0,0
2025-02-24,C,154,152.85,63.84,49.96,17.24,283.89,21.35,saver,0,0
2025-02-24,D,155,340.1,130.77,133.31,43.22,647.4,78.24,normal,0,0
2025-02-24,A,156,471.27,145.96,118.75,47.88,1358.21,73.45,heavy,0,1
2025-02-24,B,157,228.09,100.7,80.08,60.67,469.53,34.34,normal,0,0
2025-02-24,C,158,425.3,162.68,115.68,56.93,760.59,51.34,heavy,0,0
2025-02-24,D,159,233.88,65.08,58.6,49.99,407.56,49.66,saver,0,0
2025-02-24,A,160,203.58,81.05,65.89,41.24,391.75,27.39,normal,0,0
2025-02-24,B,161,346.87,143.78,133.87,104.63,729.15,69.42,heavy,0,0
2025-02-24,C,162,220.47,102.79,82.55,44.88,450.69,47.92,normal,0,0
2025-02-24,D,163,254.62,85.31,73.97,54.37,757.95,57.35,normal,0,1
2025-02-24,A,164,198.41,85.38,53.58,28.52,365.89,34.69,normal,0,0
2025-02-24,B,165,200.39,109.97,48.94,35.8,395.11,45.06,normal,0,0
2025-02-24,C,166,298.45,160.77,128.5,49.05,636.77,69.44,normal,0,0
2025-02-24,D,167,254.08,88.64,58.99,73.2,731.11,48.17,normal,0,1
2025-02-24,A,168,141.49,60.0,41.56,16.74,259.79,21.36,saver,0,0
2025-02-24,B,169,254.39,138.35,101.52,79.42,573.67,39.36,normal,0,0
2025-02-24,C,170,331.3,143.34,94.92,43.84,613.39,71.13,normal,0,0
2025-02-24,D,171,422.33,130.07,166.77,122.6,841.77,62.74,heavy,0,0
2025-02-24,A,172,290.83,136.22,98.43,54.38,579.86,49.91,normal,0,0
2025-02-24,B,173,197.67,68.08,51.79,24.43,341.97,31.03,normal,0,0
2025-02-24,C,174,296.94,96.28,104.55,49.94,547.7,66.62,normal,0,0
2025-02-24,D,175,254.64,70.12,85.93,59.83,470.51,34.04,saver,0,0
2025-02-24,A,176,203.91,102.06,54.84,32.6,393.4,30.9,normal,0,0
2025-02-24,B,177,273.07,116.55,61.31,77.59,821.5,51.53,normal,0,1
2025-02-24,C,178,283.5,125.15,82.06,58.29,548.99,39.66,normal,0,0
2025-02-24,D,179,306.46,123.44,95.69,97.81,623.4,58.96,normal,0,0
2025-02-24,A,180,473.34,185.51,127.22,112.9,898.97,75.22,heavy,0,0
2025-02-25,B,101,320.1,174.17,99.02,37.8,631.09,60.08,heavy,0,0
2025-02-25,C,102,210.59,116.88,57.87,26.67,412.01,33.04,normal,0,0
2025-02-25,D,103,225.56,104.72,111.09,78.36,519.74,53.29,normal,0,0
2025-02-25,A,104,551.6,184.8,212.59,83.12,1032.11,76.55,heavy,0,0
2025-02-25,B,105,330.76,104.2,77.21,78.33,590.49,70.28,normal,0,0
2025-02-25,C,106,400.97,107.78,122.75,67.78,699.28,60.02,normal,0,0
2025-02-25,D,107,233.92,119.48,98.65,48.98,501.03,52.62,normal,0,0
2025-02-25,A,108,290.11,110.74,74.19,43.05,518.08,45.53,normal,0,0
2025-02-25,B,109,238.52,111.22,77.67,45.77,667.9,34.39,normal,0,1
2025-02-25,C,110,177.32,51.9,60.85,43.85,333.92,25.98,saver,0,0
2025-02-25,D,111,262.48,140.74,106.84,77.41,587.48,58.52,normal,0,0
2025-02-25,A,112,296.25,121.87,56.07,48.25,522.44,40.7,normal,0,0
2025-02-25,B,113,212.25,67.25,50.58,44.54,374.63,31.18,normal,0,0
2025-02-25,C,114,317.84,142.73,109.78,78.88,649.22,60.44,normal,0,0
2025-02-25,D,115,381.78,126.95,82.67,63.57,654.96,65.36,normal,0,0
2025-02-25,A,116,410.22,154.82,102.54,87.12,754.7,87.21,heavy,0,0
2025-02-25,B,117,254.41,73.98,60.22,22.83,411.44,37.22,normal,0,0
2025-02-25,C,118,362.59,149.52,108.05,123.98,744.14,72.36,heavy,0,0
2025-02-25,D,119,346.32,101.05,109.28,95.64,652.29,62.06,normal,0,0
2025-02-25,A,120,258.98,130.85,94.58,56.85,541.26,54.99,normal,0,0
2025-02-25,B,121,228.07,76.58,73.25,46.79,424.68,52.91,normal,0,0
2025-02-25,C,122,397.81,134.28,124.91,48.28,705.27,76.49,normal,0,0
2025-02-25,D,123,203.7,89.88,61.5,55.31,410.38,28.28,saver,0,0
2025-02-25,A,124,473.57,168.43,142.04,73.5,857.53,74.83,heavy,0,0
2025-02-25,B,125,255.32,111.28,78.23,58.86,503.69,35.45,normal,0,0
2025-02-25,C,126,258.2,155.91,123.38,49.7,587.18,41.24,normal,0,0
2025-02-25,D,127,279.13,107.23,95.47,46.61,528.43,53.35,normal,0,0
2025-02-25,A,128,388.56,225.79,105.27,57.34,776.96,54.79,heavy,0,0
2025-02-25,B,129,151.52,55.93,53.84,25.2,286.49,23.03,saver,0,0
2025-02-25,C,130,275.46,115.92,113.25,45.58,550.21,37.61,normal,0,0
2025-02-25,D,131,129.89,42.8,33.87,30.57,237.14,26.74,saver,0,0
2025-02-25,A,132,300.79,142.91,60.88,32.97,537.56,45.08,normal,0,0
2025-02-25,B,133,281.64,140.97,126.86,37.51,586.98,56.84,normal,0,0
2025-02-25,C,134,362.6,124.25,112.8,99.35,699.0,48.61,heavy,0,0
2025-02-25,D,135,309.51,87.77,55.15,46.28,498.71,46.8,normal,0,0
2025-02-25,A,136,228.24,84.89,56.56,35.94,869.35,66.97,normal,1,0
2025-02-25,B,137,265.77,94.7,117.36,78.8,556.63,63.84,normal,0,0
2025-02-25,C,138,154.64,64.7,48.3,32.8,441.27,25.39,saver,0,1
2025-02-25,D,139,231.98,85.95,73.74,71.11,944.54,60.17,normal,1,0
2025-02-25,A,140,339.12,143.07,79.05,74.69,635.93,46.08,normal,0,0
2025-02-25,B,141,253.61,128.0,103.49,52.68,1262.05,77.17,normal,1,0
2025-02-25,C,142,597.38,216.47,184.35,99.02,1097.22,111.61,heavy,0,0
2025-02-25,D,143,473.04,133.5,158.68,117.59,1164.3,109.07,heavy,0,1
2025-02-25,A,144,396.46,137.13,72.73,97.14,703.46,60.54,normal,0,0
2025-02-25,B,145,245.93,126.15,85.63,73.2,530.92,53.33,normal,0,0
2025-02-25,C,146,223.72,84.63,87.4,58.83,454.57,54.83,normal,0,0
2025-02-25,D,147,216.37,96.37,56.54,60.53,429.82,33.69,normal,0,0
2025-02-25,A,148,202.53,82.6,46.3,23.4,508.45,33.31,saver,0,1
2025-02-25,B,149,237.63,126.35,60.39,71.4,495.77,52.25,normal,0,0
2025-02-25,C,150,286.36,129.12,107.38,31.56,554.41,44.23,normal,0,0
2025-02-25,D,151,242.7,72.2,82.35,67.27,464.52,43.76,normal,0,0
2025-02-25,A,152,220.34,71.49,51.75,19.85,363.44,41.15,saver,0,0
2025-02-25,B,153,343.94,149.17,95.06,61.85,650.01,76.67,normal,0,0
2025-02-25,C,154,600.41,205.4,159.21,105.16,1070.18,104.78,heavy,0,0
2025-02-25,D,155,363.64,184.16,119.21,45.44,712.44,52.4,heavy,0,0
2025-02-25,A,156,213.47,81.41,85.07,37.32,417.27,36.8,normal,0,0
2025-02-25,B,157,350.39,108.82,83.75,66.39,609.35,43.01,normal,0,0
2025-02-25,C,158,311.44,117.26,99.32,28.58,556.59,64.64,normal,0,0
2025-02-25,D,159,312.81,101.64,114.08,48.42,576.96,44.64,normal,0,0
2025-02-25,A,160,234.61,111.26,78.93,33.78,458.58,36.22,normal,0,0
2025-02-25,B,161,350.6,153.59,92.56,40.83,1071.67,64.92,heavy,0,1
2025-02-25,C,162,336.15,110.89,75.5,92.17,614.71,49.54,normal,0,0
2025-02-25,D,163,169.45,55.36,56.68,34.25,315.73,23.69,saver,0,0
2025-02-25,A,164,227.55,77.4,73.78,50.14,428.86,33.6,normal,0,0
2025-02-25,B,165,163.47,52.22,32.73,39.43,287.85,26.9,saver,0,0
2025-02-25,C,166,428.66,205.17,93.67,91.42,1388.41,72.23,heavy,0,1
2025-02-25,D,167,352.61,195.76,97.83,54.36,700.56,74.66,heavy,0,0
2025-02-25,A,168,281.43,106.8,55.76,45.82,655.63,38.42,normal,0,1
2025-02-25,B,169,410.07,147.39,99.83,70.89,728.18,52.74,heavy,0,0
2025-02-25,C,170,436.67,211.09,158.06,104.81,910.62,107.68,heavy,0,0
2025-02-25,D,171,262.47,87.37,56.56,65.72,472.12,42.09,normal,0,0
2025-02-25,A,172,326.07,145.45,92.95,84.18,1401.02,92.33,normal,1,0
2025-02-25,B,173,350.11,167.49,136.73,75.17,729.51,83.63,normal,0,0
2025-02-25,C,174,475.05,145.48,138.59,54.79,813.91,79.4,heavy,0,0
2025-02-25,D,175,275.23,104.7,53.32,68.74,502.0,44.25,normal,0,0
2025-02-25,A,176,225.29,100.41,71.19,28.76,633.51,31.43,saver,0,1
2025-02-25,B,177,200.57,94.38,64.39,64.63,423.97,50.81,normal,0,0
2025-02-25,C,178,264.93,92.22,60.38,24.45,441.97,48.25,normal,0,0
2025-02-25,D,179,366.06,169.4,158.16,43.02,736.65,80.23,heavy,0,0
2025-02-25,A,180,253.51,114.08,97.0,63.08,527.67,50.76,normal,0,0
2025-02-26,B,101,260.56,72.86,70.88,57.67,461.97,47.66,normal,0,0
2025-02-26,C,102,165.95,59.51,51.17,49.68,326.31,23.55,saver,0,0
2025-02-26,D,103,181.55,72.71,80.29,57.26,391.81,38.65,saver,0,0
2025-02-26,A,104,270.77,84.88,96.36,38.47,490.49,41.41,normal,0,0
2025-02-26,B,105,329.77,130.66,119.92,76.84,872.05,56.43,heavy,0,1
2025-02-26,C,106,447.26,193.98,134.05,80.33,855.62,61.21,heavy,0,0
2025-02-26,D,107,234.66,98.34,66.68,42.4,442.09,44.94,saver,0,0
2025-02-26,A,108,188.03,65.83,78.28,56.26,388.39,28.49,saver,0,0
2025-02-26,B,109,475.65,179.5,171.99,82.45,909.58,72.32,heavy,0,0
2025-02-26,C,110,299.63,143.71,97.12,81.23,820.41,76.19,normal,0,1
2025-02-26,D,111,293.24,80.3,104.53,36.67,514.74,35.97,normal,0,0
2025-02-26,A,112,321.3,130.43,108.73,87.66,648.12,57.47,normal,0,0
2025-02-26,B,113,514.63,221.54,160.3,60.62,957.1,68.45,heavy,0,0
2025-02-26,C,114,471.67,225.87,159.06,53.21,909.81,71.68,heavy,0,0
2025-02-26,D,115,481.99,163.44,173.06,128.6,947.09,92.35,heavy,0,0
2025-02-26,A,116,262.16,111.0,70.91,67.48,511.55,41.25,normal,0,0
2025-02-26,B,117,211.53,91.93,82.1,45.44,431.0,42.73,normal,0,0
2025-02-26,C,118,368.34,174.15,141.65,41.2,725.35,73.55,heavy,0,0
2025-02-26,D,119,225.21,92.07,57.65,27.4,402.33,33.91,normal,0,0
2025-02-26,A,120,306.71,96.74,72.29,28.39,504.13,35.21,normal,0,0
2025-02-26,B,121,158.9,62.89,43.79,31.52,297.09,32.9,saver,0,0
2025-02-26,C,122,335.97,147.85,83.64,66.8,634.26,49.49,normal,0,0
2025-02-26,D,123,244.08,118.63,92.82,55.08,510.62,53.81,normal,0,0
2025-02-26,A,124,275.1,92.2,86.57,71.98,772.52,40.4,normal,0,1
2025-02-26,B,125,367.41,94.65,91.78,62.02,615.86,63.63,normal,0,0
2025-02-26,C,126,261.2,113.72,73.06,74.35,522.33,37.03,normal,0,0
2025-02-26,D,127,173.79,69.59,41.38,33.53,318.3,28.28,saver,0,0
2025-02-26,A,128,358.41,136.78,80.35,88.95,664.5,58.78,normal,0,0
2025-02-26,B,129,480.73,197.9,146.65,78.31,903.6,91.75,heavy,0,0
2025-02-26,C,130,255.83,126.43,68.23,57.71,508.21,39.42,normal,0,0
2025-02-26,D,131,244.4,97.96,87.92,46.51,476.78,44.12,normal,0,0
2025-02-26,A,132,434.02,199.04,104.5,121.96,859.52,81.15,heavy,0,0
2025-02-26,B,133,241.69,127.25,94.43,75.73,913.77,46.59,normal,0,1
2025-02-26,C,134,260.6,98.49,69.85,72.69,501.63,35.29,normal,0,0
2025-02-26,D,135,194.68,91.81,49.65,48.25,384.39,34.65,normal,0,0
2025-02-26,A,136,209.52,81.99,91.14,57.43,440.09,49.25,normal,0,0
2025-02-26,B,137,521.75,144.02,130.93,47.81,844.51,102.34,heavy,0,0
2025-02-26,C,138,218.69,116.11,62.36,45.58,442.74,40.79,normal,0,0
2025-02-26,D,139,253.15,147.46,65.43,88.49,554.53,48.47,normal,0,0
2025-02-26,A,140,361.75,203.47,100.89,98.08,764.18,52.35,heavy,0,0
2025-02-26,B,141,280.65,81.06,63.44,41.26,466.41,31.67,normal,0,0
2025-02-26,C,142,216.97,120.44,56.9,54.49,448.8,43.04,normal,0,0
2025-02-26,D,143,193.11,106.45,60.93,42.42,402.9,27.53,normal,0,0
2025-02-26,A,144,197.23,60.6,43.03,37.89,338.75,25.22,saver,0,0
2025-02-26,B,145,614.38,178.67,118.51,159.7,1071.25,93.76,heavy,0,0
2025-02-26,C,146,272.13,114.89,84.82,45.32,517.16,34.79,normal,0,0
2025-02-26,D,147,271.7,74.34,53.4,38.98,438.41,31.71,normal,0,0
2025-02-26,A,148,321.79,139.38,120.24,33.93,615.34,45.83,normal,0,0
2025-02-26,B,149,110.84,62.7,51.89,25.9,251.33,26.32,saver,0,0
2025-02-26,C,150,303.48,111.13,107.02,72.77,594.4,56.14,normal,0,0
2025-02-26,D,151,574.93,158.72,190.07,117.05,1040.76,99.97,heavy,0,0
2025-02-26,A,152,192.1,60.58,58.66,25.46,336.8,23.07,saver,0,0
2025-02-26,B,153,397.49,172.04,131.32,134.91,835.75,58.4,heavy,0,0
2025-02-26,C,154,287.55,116.55,109.01,33.9,547.0,57.65,normal,0,0
2025-02-26,D,155,386.79,184.2,175.96,77.09,824.03,74.16,heavy,0,0
2025-02-26,A,156,285.17,168.95,84.09,68.56,606.77,71.33,normal,0,0
2025-02-26,B,157,233.39,127.6,94.48,32.43,487.91,53.39,normal,0,0
2025-02-26,C,158,493.58,195.72,152.04,128.1,969.44,96.26,heavy,0,0
2025-02-26,D,159,245.63,97.77,57.08,64.62,465.1,42.22,normal,0,0
2025-02-26,A,160,204.61,75.79,81.01,21.44,382.85,43.24,saver,0,0
2025-02-26,B,161,464.21,151.24,102.93,109.33,827.71,62.43,heavy,0,0
2025-02-26,C,162,168.42,46.26,48.5,19.09,282.27,33.46,saver,0,0
2025-02-26,D,163,345.31,147.44,102.52,42.73,637.99,53.85,normal,0,0
2025-02-26,A,164,399.93,127.43,104.92,80.82,713.09,58.7,normal,0,0
2025-02-26,B,165,445.51,195.21,106.99,102.54,1368.89,69.45,heavy,0,1
2025-02-26,C,166,344.93,146.58,64.72,55.76,611.99,55.49,normal,0,0
2025-02-26,D,167,439.34,173.42,199.39,68.5,1306.26,67.4,heavy,0,1
2025-02-26,A,168,185.26,98.74,57.49,66.07,407.56,33.3,normal,0,0
2025-02-26,B,169,264.47,70.32,68.17,31.58,434.54,32.25,normal,0,0
2025-02-26,C,170,380.6,151.05,142.3,102.08,1100.63,80.43,heavy,0,1
2025-02-26,D,171,137.04,51.93,64.58,40.3,293.85,33.68,saver,0,0
2025-02-26,A,172,362.32,142.3,75.07,41.73,621.42,58.22,heavy,0,0
2025-02-26,B,173,465.82,235.87,189.93,59.98,951.59,110.4,heavy,0,0
2025-02-26,C,174,397.12,180.97,87.41,37.91,703.42,68.58,heavy,0,0
2025-02-26,D,175,174.51,74.92,40.06,18.97,308.45,21.18,saver,0,0
2025-02-26,A,176,187.02,100.24,66.07,39.97,393.3,33.92,normal,0,0
2025-02-26,B,177,353.14,130.73,85.12,47.67,616.67,48.91,normal,0,0
2025-02-26,C,178,255.64,114.94,107.42,73.56,551.56,65.87,normal,0,0
2025-02-26,D,179,256.27,104.21,112.63,75.83,548.94,38.69,normal,0,0
2025-02-26,A,180,122.24,63.58,50.02,41.61,277.44,28.64,saver,0,0
2025-02-27,B,101,287.68,145.13,116.05,79.07,627.93,45.02,normal,0,0
2025-02-27,C,102,233.75,91.15,52.92,32.86,410.68,39.46,normal,0,0
2025-02-27,D,103,416.22,158.67,124.74,85.37,785.0,68.93,normal,0,0
2025-02-27,A,104,172.68,79.35,76.77,23.05,351.86,27.21,saver,0,0
2025-02-27,B,105,254.68,70.68,56.75,58.62,440.74,45.91,normal,0,0
2025-02-27,C,106,323.9,101.83,72.78,76.39,574.9,55.78,normal,0,0
2025-02-27,D,107,188.99,69.52,36.19,17.11,311.81,21.43,saver,0,0
2025-02-27,A,108,317.63,119.11,93.69,43.99,574.42,43.3,normal,0,0
2025-02-27,B,109,186.58,75.33,87.8,40.6,390.3,26.98,saver,0,0
2025-02-27,C,110,210.73,122.49,80.18,40.76,454.16,35.46,normal,0,0
2025-02-27,D,111,247.72,121.98,81.77,40.87,492.33,49.33,normal,0,0
2025-02-27,A,112,165.07,90.42,53.06,40.22,348.77,29.09,normal,0,0
2025-02-27,B,113,343.0,121.37,83.9,45.85,594.11,62.25,heavy,0,0
2025-02-27,C,114,251.92,107.36,60.39,58.11,477.77,57.23,normal,0,0
2025-02-27,D,115,206.57,54.42,45.19,25.23,331.41,24.78,saver,0,0
2025-02-27,A,116,265.68,100.6,71.77,45.48,483.53,36.37,normal,0,0
2025-02-27,B,117,309.31,120.89,76.51,64.11,928.49,46.47,normal,0,1
2025-02-27,C,118,157.26,50.93,52.3,36.29,296.78,20.89,saver,0,0
2025-02-27,D,119,436.04,217.92,155.77,76.59,1337.63,84.25,heavy,0,1
2025-02-27,A,120,457.32,156.69,179.44,123.29,916.74,67.89,heavy,0,0
2025-02-27,B,121,369.97,137.54,71.95,64.74,644.2,51.72,normal,0,0
2025-02-27,C,122,367.73,131.09,136.63,111.41,746.86,62.86,heavy,0,0
2025-02-27,D,123,392.03,190.47,97.35,64.79,744.64,69.51,heavy,0,0
2025-02-27,A,124,280.56,119.0,88.47,71.49,559.53,54.69,normal,0,0
2025-02-27,B,125,573.79,224.6,173.67,144.82,1116.89,96.56,heavy,0,0
2025-02-27,C,126,127.32,54.73,34.04,26.0,242.09,20.28,saver,0,0
2025-02-27,D,127,211.95,96.14,69.22,57.32,434.63,29.03,normal,0,0
2025-02-27,A,128,372.39,136.68,88.65,73.1,937.43,46.97,heavy,0,1
2025-02-27,B,129,253.43,95.54,93.52,47.91,490.39,34.08,normal,0,0
2025-02-27,C,130,295.35,124.89,87.98,54.05,562.27,65.09,normal,0,0
2025-02-27,D,131,324.04,177.15,93.12,113.01,707.32,65.59,heavy,0,0
2025-02-27,A,132,326.82,132.15,116.67,44.23,857.8,43.7,normal,0,1
2025-02-27,B,133,521.25,223.99,144.27,137.29,1026.81,102.66,heavy,0,0
2025-02-27,C,134,258.22,96.23,85.23,84.36,524.04,37.47,normal,0,0
2025-02-27,D,135,443.7,153.84,103.61,87.97,1250.88,67.25,heavy,0,1
2025-02-27,A,136,128.07,64.67,33.21,23.16,249.11,19.56,saver,0,0
2025-02-27,B,137,499.79,194.41,100.5,45.46,840.16,78.31,heavy,0,0
2025-02-27,C,138,178.92,81.69,56.89,44.56,636.25,27.16,saver,0,1
2025-02-27,D,139,335.84,106.45,110.8,35.98,589.07,64.58,normal,0,0
2025-02-27,A,140,306.22,113.15,119.42,37.19,575.97,39.77,normal,0,0
2025-02-27,B,141,295.77,131.94,97.9,34.96,560.58,66.46,normal,0,0
2025-02-27,C,142,292.27,118.04,83.27,63.12,556.71,67.34,normal,0,0
2025-02-27,D,143,362.41,152.59,95.59,86.99,697.58,83.5,normal,0,0
2025-02-27,A,144,215.22,109.29,74.91,36.54,435.96,52.5,normal,0,0
2025-02-27,B,145,168.68,72.25,58.85,17.97,317.74,22.44,saver,0,0
2025-02-27,C,146,232.69,100.75,78.4,70.33,482.18,32.83,normal,0,0
2025-02-27,D,147,201.17,79.67,38.08,36.3,355.22,33.34,saver,0,0
2025-02-27,A,148,291.73,106.92,82.16,71.71,552.51,38.95,normal,0,0
2025-02-27,B,149,141.83,73.81,56.59,28.82,301.05,26.61,saver,0,0
2025-02-27,C,150,170.97,69.25,43.24,58.07,341.51,23.8,saver,0,0
2025-02-27,D,151,552.11,165.66,121.88,77.68,917.33,82.18,heavy,0,0
2025-02-27,A,152,593.74,229.48,161.95,80.8,1869.35,95.31,heavy,0,1
2025-02-27,B,153,314.78,103.86,91.1,53.85,563.59,66.42,normal,0,0
2025-02-27,C,154,262.11,123.18,105.91,55.54,546.74,51.19,normal,0,0
2025-02-27,D,155,511.36,158.16,165.71,115.9,951.14,63.48,heavy,0,0
2025-02-27,A,156,512.25,192.14,195.67,67.77,967.83,71.57,heavy,0,0
2025-02-27,B,157,226.59,87.44,89.62,61.3,696.83,39.86,normal,0,1
2025-02-27,C,158,283.51,120.95,108.55,72.86,585.87,53.53,normal,0,0
2025-02-27,D,159,267.57,117.14,94.62,54.33,533.66,47.03,normal,0,0
2025-02-27,A,160,293.7,117.19,99.18,90.05,600.12,43.28,normal,0,0
2025-02-27,B,161,382.35,145.54,123.89,85.81,737.59,52.46,heavy,0,0
2025-02-27,C,162,130.16,68.16,37.32,31.09,266.72,20.43,saver,0,0
2025-02-27,D,163,169.75,86.11,67.76,42.74,366.36,25.18,normal,0,0
2025-02-27,A,164,327.69,104.26,86.79,34.75,553.49,46.76,normal,0,0
2025-02-27,B,165,336.36,121.06,84.78,33.79,575.99,41.9,normal,0,0
2025-02-27,C,166,246.23,133.54,73.91,59.58,513.26,52.96,normal,0,0
2025-02-27,D,167,240.17,91.43,57.26,45.96,995.54,53.49,normal,1,0
2025-02-27,A,168,199.41,75.29,53.76,32.37,360.84,35.71,normal,0,0
2025-02-27,B,169,370.13,162.89,174.49,127.49,834.99,63.01,heavy,0,0
2025-02-27,C,170,424.16,174.4,77.92,63.45,1705.33,92.57,heavy,1,0
2025-02-27,D,171,583.37,186.54,193.26,138.14,1101.31,103.2,heavy,0,0
2025-02-27,A,172,215.91,79.5,50.32,69.66,415.38,39.86,normal,0,0
2025-02-27,B,173,226.74,89.31,67.01,63.99,447.05,34.52,normal,0,0
2025-02-27,C,174,295.89,114.74,80.54,44.76,535.92,62.69,normal,0,0
2025-02-27,D,175,237.43,80.7,53.74,42.4,414.27,28.65,normal,0,0
2025-02-27,A,176,303.05,153.73,106.13,34.01,596.92,42.6,normal,0,0
2025-02-27,B,177,471.94,168.53,134.79,76.03,1729.43,156.97,heavy,1,0
2025-02-27,C,178,370.65,138.47,92.25,59.84,661.22,55.36,heavy,0,0
2025-02-27,D,179,341.92,172.92,95.21,73.0,683.04,46.99,heavy,0,0
2025-02-27,A,180,140.17,58.11,44.97,28.01,271.27,23.61,saver,0,0
2025-02-28,B,101,244.73,125.78,83.69,47.55,501.75,58.45,normal,0,0
2025-02-28,C,102,208.74,72.69,86.73,23.66,391.82,26.44,normal,0,0
2025-02-28,D,103,269.66,105.46,107.89,48.29,531.3,43.86,normal,0,0
2025-02-28,A,104,311.45,110.39,56.53,34.18,512.56,35.51,normal,0,0
2025-02-28,B,105,605.32,235.16,164.34,97.15,1101.98,74.87,heavy,0,0
2025-02-28,C,106,310.76,126.19,125.28,55.98,618.2,67.84,heavy,0,0
2025-02-28,D,107,370.89,131.38,131.52,96.23,730.02,81.39,heavy,0,0
2025-02-28,A,108,309.92,113.03,131.85,44.93,599.73,73.07,heavy,0,0
2025-02-28,B,109,211.07,83.42,84.96,25.04,404.49,28.43,normal,0,0
2025-02-28,C,110,375.19,133.1,69.01,34.25,611.55,44.11,normal,0,0
2025-02-28,D,111,386.72,184.66,91.38,73.68,736.45,56.76,heavy,0,0
2025-02-28,A,112,235.84,83.18,54.93,34.2,408.15,27.37,normal,0,0
2025-02-28,B,113,344.64,112.42,111.32,62.82,631.2,69.26,normal,0,0
2025-02-28,C,114,168.85,76.47,56.22,47.58,349.13,37.17,normal,0,0
2025-02-28,D,115,550.1,229.28,193.81,136.59,1109.78,100.26,heavy,0,0
2025-02-28,A,116,393.81,173.01,155.9,82.9,1436.15,62.19,heavy,0,1
2025-02-28,B,117,326.11,130.01,86.2,103.21,645.53,52.32,heavy,0,0
2025-02-28,C,118,257.1,101.34,60.74,44.66,772.86,51.53,normal,0,1
2025-02-28,D,119,463.71,164.46,100.41,86.68,815.26,96.19,heavy,0,0
2025-02-28,A,120,363.07,144.61,90.41,87.7,685.79,70.49,normal,0,0
2025-02-28,B,121,114.78,44.71,42.1,13.93,215.51,15.3,saver,0,0
2025-02-28,C,122,222.79,123.66,78.98,63.93,489.37,33.06,normal,0,0
2025-02-28,D,123,367.33,135.9,103.79,66.44,989.87,47.32,heavy,0,1
2025-02-28,A,124,183.26,110.98,65.33,66.06,425.63,30.92,normal,0,0
2025-02-28,B,125,243.34,98.2,65.03,52.84,459.41,54.89,normal,0,0
2025-02-28,C,126,265.74,139.8,122.53,80.02,608.08,63.58,normal,0,0
2025-02-28,D,127,237.54,129.25,87.9,40.32,495.01,43.15,normal,0,0
2025-02-28,A,128,119.02,61.72,35.25,21.07,237.07,23.92,saver,0,0
2025-02-28,B,129,261.08,114.47,88.21,64.56,528.31,35.88,normal,0,0
2025-02-28,C,130,206.31,111.6,50.61,38.84,407.37,45.75,normal,0,0
2025-02-28,D,131,384.5,141.41,89.18,75.93,691.02,47.54,normal,0,0
2025-02-28,A,132,241.23,142.47,93.65,44.26,926.46,69.38,normal,1,0
2025-02-28,B,133,212.2,93.65,49.23,53.89,675.82,36.71,normal,0,1
2025-02-28,C,134,311.74,169.23,129.58,58.14,668.7,59.35,normal,0,0
2025-02-28,D,135,357.64,140.33,92.93,66.3,1028.91,47.73,normal,0,1
2025-02-28,A,136,161.46,78.12,64.03,31.72,335.33,28.75,saver,0,0
2025-02-28,B,137,258.28,83.55,80.34,24.91,447.08,32.7,normal,0,0
2025-02-28,C,138,498.95,172.96,200.44,89.39,961.74,99.89,heavy,0,0
2025-02-28,D,139,236.06,104.04,60.37,40.62,1038.49,82.38,normal,1,0
2025-02-28,A,140,260.6,142.04,90.47,88.21,581.32,47.87,normal,0,0
2025-02-28,B,141,227.26,85.09,62.91,28.49,403.75,36.69,saver,0,0
2025-02-28,C,142,378.6,154.16,121.25,55.85,709.87,63.97,heavy,0,0
2025-02-28,D,143,570.63,173.29,161.11,132.82,1037.85,74.71,heavy,0,0
2025-02-28,A,144,163.75,88.82,41.52,44.24,338.34,28.83,saver,0,0
2025-02-28,B,145,183.19,108.05,64.92,55.86,1019.21,54.68,saver,1,0
2025-02-28,C,146,332.45,106.96,59.93,65.15,897.19,82.77,normal,1,0
2025-02-28,D,147,309.57,188.07,143.7,88.86,1026.87,50.01,heavy,0,1
2025-02-28,A,148,348.82,133.7,65.05,84.54,632.1,55.39,normal,0,0
2025-02-28,B,149,193.27,71.15,60.26,33.27,357.94,33.4,saver,0,0
2025-02-28,C,150,245.86,91.17,72.71,79.46,709.3,32.97,normal,0,1
2025-02-28,D,151,164.1,65.93,46.25,23.86,300.15,28.64,saver,0,0
2025-02-28,A,152,378.94,137.72,93.83,38.41,648.9,53.97,normal,0,0
2025-02-28,B,153,414.78,173.68,148.14,84.67,3191.02,145.6,heavy,1,1
2025-02-28,C,154,185.64,99.21,77.67,55.57,418.09,33.69,normal,0,0
2025-02-28,D,155,151.59,56.38,46.49,18.54,272.99,29.88,saver,0,0
2025-02-28,A,156,553.56,253.77,109.92,64.22,981.47,114.25,heavy,0,0
2025-02-28,B,157,356.7,166.22,116.68,112.71,752.31,54.27,heavy,0,0
2025-02-28,C,158,209.06,111.76,52.88,38.81,412.5,47.59,normal,0,0
2025-02-28,D,159,245.3,97.68,72.07,51.2,795.26,85.53,saver,1,0
2025-02-28,A,160,173.64,61.81,61.52,43.8,340.77,41.34,normal,0,0
2025-02-28,B,161,188.69,104.8,70.07,24.1,387.66,28.49,normal,0,0
2025-02-28,C,162,221.61,113.92,76.32,76.23,488.08,46.72,normal,0,0
2025-02-28,D,163,494.67,229.47,105.19,79.69,909.01,72.66,heavy,0,0
2025-02-28,A,164,337.53,111.04,119.99,43.49,612.05,65.49,normal,0,0
2025-02-28,B,165,446.73,185.44,155.73,84.21,2121.89,113.69,heavy,1,0
2025-02-28,C,166,203.75,100.87,63.79,36.06,404.47,32.86,normal,0,0
2025-02-28,D,167,190.17,84.14,73.63,35.88,383.82,41.04,normal,0,0
2025-02-28,A,168,343.99,135.57,104.02,46.69,630.26,62.86,normal,0,0
2025-02-28,B,169,188.45,64.24,36.01,28.41,317.11,23.56,saver,0,0
2025-02-28,C,170,199.04,91.63,79.04,47.74,417.45,38.33,normal,0,0
2025-02-28,D,171,166.98,70.24,61.74,22.42,321.38,24.47,saver,0,0
2025-02-28,A,172,280.7,122.0,92.12,80.02,1292.83,114.55,normal,1,0
2025-02-28,B,173,241.5,94.56,86.3,49.91,472.27,32.15,normal,0,0
2025-02-28,C,174,225.61,103.13,43.73,54.67,427.14,38.67,normal,0,0
2025-02-28,D,175,237.53,109.62,72.75,44.6,464.5,43.83,normal,0,0
2025-02-28,A,176,278.25,112.58,107.83,95.12,593.78,55.84,normal,0,0
2025-02-28,B,177,260.38,97.21,92.9,74.02,524.52,58.3,normal,0,0
2025-02-28,C,178,185.45,95.28,74.39,22.39,377.52,29.35,normal,0,0
2025-02-28,D,179,570.23,230.67,95.39,100.03,996.32,70.63,heavy,0,0
2025-02-28,A,180,260.06,77.76,64.93,44.41,447.16,39.17,normal,0,0
2025-03-01,B,101,271.41,91.81,60.06,42.48,465.76,33.28,saver,0,0
2025-03-01,C,102,465.33,170.7,109.54,127.2,872.77,86.35,normal,0,0
2025-03-01,D,103,414.19,134.96,149.16,59.14,757.45,87.49,normal,0,0
2025-03-01,A,104,401.44,137.33,103.45,111.83,754.05,51.36,normal,0,0
2025-03-01,B,105,236.4,81.28,65.73,52.64,436.06,40.94,saver,0,0
2025-03-01,C,106,423.86,173.93,97.56,78.41,773.76,73.02,normal,0,0
2025-03-01,D,107,457.85,170.06,83.83,47.36,759.11,53.32,normal,0,0
2025-03-01,A,108,450.28,145.36,83.08,46.79,725.52,82.76,normal,0,0
2025-03-01,B,109,325.8,121.05,128.42,36.49,611.75,55.25,normal,0,0
2025-03-01,C,110,417.32,116.06,102.48,75.95,711.81,69.41,normal,0,0
2025-03-01,D,111,538.24,217.67,188.05,56.59,1000.56,82.43,heavy,0,0
2025-03-01,A,112,268.62,106.41,82.86,39.1,496.98,37.28,saver,0,0
2025-03-01,B,113,304.41,118.73,71.42,34.41,528.98,38.76,normal,0,0
2025-03-01,C,114,202.46,85.76,72.63,29.41,390.26,30.65,normal,0,0
2025-03-01,D,115,295.13,114.98,79.75,32.52,522.37,55.28,normal,0,0
2025-03-01,A,116,263.45,116.47,64.92,41.92,486.75,48.09,saver,0,0
2025-03-01,B,117,309.79,122.58,96.26,50.23,578.86,41.83,normal,0,0
2025-03-01,C,118,217.98,112.92,89.77,48.73,469.4,37.71,saver,0,0
2025-03-01,D,119,347.35,169.37,102.77,47.8,667.3,47.27,normal,0,0
2025-03-01,A,120,130.45,69.98,38.09,18.67,257.18,22.67,saver,0,0
2025-03-01,B,121,562.0,243.81,158.51,64.33,1028.66,96.16,heavy,0,0
2025-03-01,C,122,452.87,212.1,129.07,158.68,952.72,101.45,heavy,0,0
2025-03-01,D,123,395.7,119.55,120.72,98.0,733.95,51.17,normal,0,0
2025-03-01,A,124,225.88,137.33,74.66,80.16,518.02,38.62,normal,0,0
2025-03-01,B,125,294.92,125.21,65.91,54.74,540.77,60.27,normal,0,0
2025-03-01,C,126,206.06,93.84,66.55,36.98,403.42,31.46,saver,0,0
2025-03-01,D,127,272.74,114.62,65.81,59.81,512.98,46.46,saver,0,0
2025-03-01,A,128,221.57,125.81,89.02,75.6,512.0,35.88,saver,0,0
2025-03-01,B,129,332.74,132.72,86.93,79.15,631.55,72.88,normal,0,0
2025-03-01,C,130,541.7,158.45,134.69,57.68,2514.41,124.85,normal,1,1
2025-03-01,D,131,302.71,168.59,90.98,51.11,613.39,47.72,normal,0,0
2025-03-01,A,132,346.35,133.03,89.08,40.3,608.76,42.93,normal,0,0
2025-03-01,B,133,539.07,236.85,117.56,153.25,1046.72,108.18,heavy,0,0
2025-03-01,C,134,373.86,118.51,98.07,78.04,668.48,44.82,normal,0,0
2025-03-01,D,135,342.06,130.04,108.13,89.04,669.27,50.34,normal,0,0
2025-03-01,A,136,488.4,174.4,113.25,64.29,840.33,65.85,heavy,0,0
2025-03-01,B,137,482.91,147.27,161.31,67.45,858.94,68.04,normal,0,0
2025-03-01,C,138,609.06,246.61,113.73,105.99,1075.4,105.41,heavy,0,0
2025-03-01,D,139,268.17,107.98,107.64,81.91,565.7,50.17,normal,0,0
2025-03-01,A,140,289.82,137.15,112.3,52.1,591.37,53.77,normal,0,0
2025-03-01,B,141,145.97,78.64,56.09,34.42,315.13,24.86,saver,0,0
2025-03-01,C,142,576.46,274.7,148.18,93.65,1092.98,92.27,heavy,0,0
2025-03-01,D,143,300.15,79.34,87.11,45.95,512.55,48.16,normal,0,0
2025-03-01,A,144,720.29,284.46,222.96,82.36,1310.07,91.23,heavy,0,0
2025-03-01,B,145,254.41,99.92,80.42,36.62,471.36,48.09,saver,0,0
2025-03-01,C,146,559.25,242.46,150.69,124.37,1076.77,82.56,heavy,0,0
2025-03-01,D,147,378.49,153.31,107.63,80.93,1328.71,89.02,normal,1,0
2025-03-01,A,148,287.71,103.74,106.94,55.47,553.86,50.51,normal,0,0
2025-03-01,B,149,516.5,188.21,147.13,104.85,2245.65,116.79,heavy,1,0
2025-03-01,C,150,316.86,151.05,120.08,84.94,672.94,79.01,normal,0,0
2025-03-01,D,151,182.72,73.48,51.98,36.72,344.89,24.96,saver,0,0
2025-03-01,A,152,348.21,132.76,142.14,49.39,672.5,54.62,normal,0,0
2025-03-01,B,153,467.47,152.52,88.5,76.86,785.35,84.53,normal,0,0
2025-03-01,C,154,272.77,102.4,67.32,33.48,475.97,39.13,normal,0,0
2025-03-01,D,155,612.11,171.52,107.02,61.35,952.0,65.8,heavy,0,0
2025-03-01,A,156,379.12,220.49,110.7,46.81,757.12,86.75,normal,0,0
2025-03-01,B,157,456.57,183.52,108.28,123.44,871.81,58.49,normal,0,0
2025-03-01,C,158,316.69,116.81,62.47,58.87,554.84,47.94,normal,0,0
2025-03-01,D,159,344.77,159.9,136.3,107.72,748.69,77.26,normal,0,0
2025-03-01,A,160,315.03,135.56,109.64,64.96,625.19,60.27,saver,0,0
2025-03-01,B,161,455.39,125.97,149.9,123.25,854.51,58.62,normal,0,0
2025-03-01,C,162,347.28,146.04,126.35,61.06,680.73,57.25,normal,0,0
2025-03-01,D,163,215.71,71.91,70.53,29.58,648.68,27.65,saver,0,1
2025-03-01,A,164,312.42,112.95,115.55,68.02,608.93,43.93,normal,0,0
2025-03-01,B,165,574.57,197.3,169.0,96.9,1037.77,118.12,heavy,0,0
2025-03-01,C,166,292.31,89.88,60.5,55.9,664.95,59.73,normal,0,1
2025-03-01,D,167,308.87,114.32,74.84,88.41,586.44,52.4,normal,0,0
2025-03-01,A,168,367.71,165.24,98.81,43.42,675.18,71.97,normal,0,0
2025-03-01,B,169,317.57,166.82,109.43,91.51,685.33,73.02,normal,0,0
2025-03-01,C,170,181.87,69.03,34.85,29.32,315.06,37.33,saver,0,0
2025-03-01,D,171,669.34,312.02,153.14,107.69,2042.8,84.78,heavy,0,1
2025-03-01,A,172,196.33,103.82,50.11,37.61,674.54,51.14,saver,1,0
2025-03-01,B,173,682.23,308.78,130.41,110.0,1231.42,135.15,heavy,0,0
2025-03-01,C,174,345.1,107.31,106.26,86.88,645.54,57.81,normal,0,0
2025-03-01,D,175,650.21,200.58,217.38,155.66,1223.83,103.17,heavy,0,0
2025-03-01,A,176,422.94,182.86,75.65,38.33,719.78,51.22,normal,0,0
2025-03-01,B,177,347.75,157.81,121.23,76.14,702.93,50.17,normal,0,0
2025-03-01,C,178,330.28,122.4,81.79,35.38,569.84,49.76,normal,0,0
2025-03-01,D,179,262.91,124.56,86.51,67.79,541.77,41.73,normal,0,0
2025-03-01,A,180,150.37,77.76,62.64,26.56,317.33,34.07,saver,0,0
2025-03-02,B,101,600.67,248.41,117.21,119.53,1085.81,74.44,heavy,0,0
2025-03-02,C,102,345.51,154.69,81.14,87.47,668.81,79.42,normal,0,0
2025-03-02,D,103,600.83,195.61,112.42,60.6,969.46,118.5,heavy,0,0
2025-03-02,A,104,331.7,104.93,113.58,78.19,970.9,52.69,normal,0,1
2025-03-02,B,105,320.41,117.23,95.15,71.31,604.1,75.22,normal,0,0
2025-03-02,C,106,521.8,264.93,133.49,135.24,1055.47,102.65,heavy,0,0
2025-03-02,D,107,564.27,201.97,120.21,55.61,942.06,89.43,heavy,0,0
2025-03-02,A,108,702.59,276.41,184.47,188.41,3354.28,187.82,heavy,1,0
2025-03-02,B,109,241.55,121.82,94.93,66.21,524.51,44.47,normal,0,0
2025-03-02,C,110,149.65,63.97,38.64,46.3,298.56,35.12,saver,0,0
2025-03-02,D,111,226.27,101.8,64.77,25.06,417.89,47.6,saver,0,0
2025-03-02,A,112,349.45,131.93,96.97,75.08,653.43,54.8,normal,0,0
2025-03-02,B,113,359.67,159.63,98.88,72.49,690.68,60.18,normal,0,0
2025-03-02,C,114,191.65,71.06,50.0,45.98,358.69,25.19,saver,0,0
2025-03-02,D,115,283.79,135.26,110.88,73.61,603.53,50.57,normal,0,0
2025-03-02,A,116,531.58,214.07,114.56,113.96,974.16,68.06,heavy,0,0
2025-03-02,B,117,318.35,109.88,99.71,95.43,623.36,71.54,normal,0,0
2025-03-02,C,118,189.7,75.64,53.63,25.73,344.69,24.19,saver,0,0
2025-03-02,D,119,563.08,288.46,233.68,173.79,1259.01,94.88,heavy,0,0
2025-03-02,A,120,230.57,98.33,88.84,28.58,446.32,29.96,normal,0,0
2025-03-02,B,121,438.02,177.73,124.67,122.59,863.02,98.55,heavy,0,0
2025-03-02,C,122,368.44,124.17,115.59,43.52,651.72,77.63,normal,0,0
2025-03-02,D,123,559.76,233.01,154.73,147.36,1094.87,89.6,heavy,0,0
2025-03-02,A,124,347.05,125.6,126.48,67.96,667.09,46.3,normal,0,0
2025-03-02,B,125,167.59,82.73,53.08,53.85,357.25,27.22,saver,0,0
2025-03-02,C,126,195.28,91.73,43.09,32.97,363.08,26.57,saver,0,0
2025-03-02,D,127,277.75,124.89,64.79,60.84,528.28,39.22,normal,0,0
2025-03-02,A,128,339.85,132.15,86.96,67.71,921.13,56.98,normal,0,1
2025-03-02,B,129,278.39,129.38,59.55,48.65,515.98,59.96,normal,0,0
2025-03-02,C,130,287.63,111.81,83.54,64.72,547.7,62.75,saver,0,0
2025-03-02,D,131,279.51,115.05,86.38,55.33,699.71,47.03,normal,0,1
2025-03-02,A,132,221.54,107.97,57.98,35.28,715.31,39.61,normal,0,1
2025-03-02,B,133,257.81,105.28,73.16,49.56,485.81,57.59,normal,0,0
2025-03-02,C,134,507.59,258.15,188.03,145.43,1099.2,116.96,heavy,0,0
2025-03-02,D,135,323.65,132.43,119.68,71.68,647.44,72.74,normal,0,0
2025-03-02,A,136,333.26,107.97,74.2,44.29,559.72,39.93,saver,0,0
2025-03-02,B,137,411.19,184.85,92.17,55.13,978.33,65.39,normal,0,1
2025-03-02,C,138,302.96,149.66,130.43,83.91,666.96,47.9,normal,0,0
2025-03-02,D,139,241.19,105.89,76.64,30.34,454.07,37.51,saver,0,0
2025-03-02,A,140,262.07,93.65,69.86,29.75,455.32,52.73,normal,0,0
2025-03-02,B,141,311.83,152.21,140.39,37.07,641.5,50.6,normal,0,0
2025-03-02,C,142,296.71,109.99,74.53,42.78,524.02,56.48,normal,0,0
2025-03-02,D,143,521.73,288.27,193.09,82.44,1085.52,83.98,heavy,0,0
2025-03-02,A,144,435.11,147.63,152.32,78.54,1366.27,79.58,normal,0,1
2025-03-02,B,145,381.63,141.28,128.5,96.09,747.5,79.27,normal,0,0
2025-03-02,C,146,329.28,140.87,79.59,89.89,1106.03,56.26,normal,0,1
2025-03-02,D,147,541.95,269.96,120.96,67.22,1000.09,66.96,heavy,0,0
2025-03-02,A,148,493.54,279.64,133.92,86.18,993.28,79.01,heavy,0,0
2025-03-02,B,149,404.09,147.23,111.03,51.27,713.62,53.03,normal,0,0
2025-03-02,C,150,365.09,159.96,116.65,49.67,691.37,50.3,normal,0,0
2025-03-02,D,151,416.19,154.89,142.61,76.4,790.09,61.78,heavy,0,0
2025-03-02,A,152,218.52,113.14,74.84,65.79,472.29,38.68,saver,0,0
2025-03-02,B,153,442.56,154.46,160.83,106.87,864.72,84.11,heavy,0,0
2025-03-02,C,154,533.09,186.85,98.9,64.82,883.66,92.79,heavy,0,0
2025-03-02,D,155,346.09,183.78,90.49,90.62,1197.85,111.39,normal,1,0
2025-03-02,A,156,274.48,91.18,89.16,67.05,521.87,55.93,saver,0,0
2025-03-02,B,157,354.45,135.43,144.14,82.1,716.11,83.0,normal,0,0
2025-03-02,C,158,692.38,233.27,131.53,130.7,1807.42,96.1,heavy,0,1
2025-03-02,D,159,515.24,213.64,106.31,86.18,921.37,93.86,normal,0,0
2025-03-02,A,160,351.69,165.7,96.94,71.54,685.87,59.94,normal,0,0
2025-03-02,B,161,316.2,100.5,106.19,54.48,577.37,53.33,normal,0,0
2025-03-02,C,162,481.18,168.4,87.31,97.97,1148.99,70.99,normal,0,1
2025-03-02,D,163,531.23,182.33,193.71,102.28,1009.54,68.72,heavy,0,0
2025-03-02,A,164,190.38,74.87,69.99,28.6,363.84,34.3,saver,0,0
2025-03-02,B,165,311.58,156.31,104.86,60.1,632.84,61.21,normal,0,0
2025-03-02,C,166,379.16,168.34,109.85,107.45,764.8,52.19,normal,0,0
2025-03-02,D,167,335.14,145.03,99.09,74.73,654.0,47.28,normal,0,0
2025-03-02,A,168,425.34,166.55,82.87,72.9,2573.49,106.7,normal,1,1
2025-03-02,B,169,206.55,85.38,88.21,68.34,448.46,52.09,normal,0,0
2025-03-02,C,170,278.44,138.25,114.69,81.55,612.93,41.57,normal,0,0
2025-03-02,D,171,429.89,116.96,85.36,53.84,686.05,59.33,normal,0,0
2025-03-02,A,172,640.42,304.3,196.39,121.02,1262.13,110.56,heavy,0,0
2025-03-02,B,173,298.64,135.01,87.11,44.7,1850.68,83.13,saver,1,1
2025-03-02,C,174,256.78,83.29,59.9,54.33,454.3,51.03,saver,0,0
2025-03-02,D,175,149.5,75.76,51.97,23.1,471.21,41.82,saver,1,0
2025-03-02,A,176,644.69,256.47,155.05,179.49,2071.16,124.44,heavy,0,1
2025-03-02,B,177,386.77,168.22,87.64,103.95,746.59,55.66,normal,0,0
2025-03-02,C,178,407.66,151.63,111.68,119.05,790.01,55.53,normal,0,0
2025-03-02,D,179,246.86,101.59,72.37,55.47,784.52,34.01,saver,0,1
2025-03-02,A,180,426.87,180.04,122.78,92.86,822.55,59.39,normal,0,0
2025-03-03,B,101,397.09,153.51,101.76,37.01,689.36,69.89,normal,0,0
2025-03-03,C,102,340.55,126.42,122.73,37.6,627.31,42.65,normal,0,0
2025-03-03,D,103,311.52,161.54,104.43,105.63,683.13,83.55,heavy,0,0
2025-03-03,A,104,596.11,244.73,203.22,98.43,1142.49,81.1,heavy,0,0
2025-03-03,B,105,281.84,109.85,85.27,34.93,511.89,35.07,normal,0,0
2025-03-03,C,106,437.66,178.83,147.69,134.94,899.12,103.18,heavy,0,0
2025-03-03,D,107,295.52,139.68,69.93,83.58,588.72,45.94,normal,0,0
2025-03-03,A,108,217.74,70.23,58.43,46.15,392.55,32.02,saver,0,0
2025-03-03,B,109,282.19,135.72,64.29,80.02,562.23,57.15,normal,0,0
2025-03-03,C,110,255.09,132.62,108.79,32.32,750.29,39.44,normal,0,1
2025-03-03,D,111,258.02,120.13,113.65,39.84,531.63,48.1,normal,0,0
2025-03-03,A,112,147.76,52.29,35.19,43.11,278.36,23.33,saver,0,0
2025-03-03,B,113,383.46,114.2,131.88,49.9,679.45,49.27,normal,0,0
2025-03-03,C,114,237.68,100.2,69.1,49.69,456.67,48.98,normal,0,0
2025-03-03,D,115,241.25,83.75,64.61,55.42,445.02,33.52,normal,0,0
2025-03-03,A,116,215.82,82.31,65.74,21.24,385.11,45.45,normal,0,0
2025-03-03,B,117,391.34,164.86,133.24,94.15,1270.12,52.59,normal,0,1
2025-03-03,C,118,415.93,188.02,141.09,122.69,867.73,75.65,heavy,0,0
2025-03-03,D,119,229.41,110.59,96.51,30.59,467.09,45.18,normal,0,0
2025-03-03,A,120,308.44,97.02,76.3,90.62,572.38,40.05,normal,0,0
2025-03-03,B,121,390.07,111.51,75.34,55.82,632.74,56.26,normal,0,0
2025-03-03,C,122,180.82,57.97,51.34,22.28,536.97,36.25,saver,0,1
2025-03-03,D,123,543.64,209.53,147.16,49.39,949.72,69.08,heavy,0,0
2025-03-03,A,124,282.64,118.93,76.25,44.61,522.43,61.38,normal,0,0
2025-03-03,B,125,191.54,76.76,63.66,52.94,384.91,34.54,normal,0,0
2025-03-03,C,126,235.41,123.62,83.56,44.16,486.75,41.82,normal,0,0
2025-03-03,D,127,500.04,216.48,100.79,45.45,862.75,90.48,heavy,0,0
2025-03-03,A,128,391.71,154.49,130.04,65.8,742.03,84.41,heavy,0,0
2025-03-03,B,129,434.98,236.22,197.4,63.15,931.75,84.01,heavy,0,0
2025-03-03,C,130,340.9,109.11,135.76,106.08,691.85,50.67,heavy,0,0
2025-03-03,D,131,237.74,86.8,58.73,44.46,427.73,30.23,normal,0,0
2025-03-03,A,132,148.31,68.06,28.88,32.82,278.06,27.75,saver,0,0
2025-03-03,B,133,402.24,154.56,118.78,52.9,728.47,67.57,heavy,0,0
2025-03-03,C,134,309.81,140.5,96.7,68.82,959.56,116.91,normal,1,0
2025-03-03,D,135,237.76,86.38,61.31,49.77,435.22,33.35,normal,0,0
2025-03-03,A,136,426.09,237.41,163.07,55.95,882.52,59.92,heavy,0,0
2025-03-03,B,137,197.57,53.07,38.39,38.31,327.35,40.14,saver,0,0
2025-03-03,C,138,205.97,77.9,46.99,26.58,357.43,29.56,normal,0,0
2025-03-03,D,139,193.54,109.31,70.66,29.51,403.02,45.03,normal,0,0
2025-03-03,A,140,237.32,100.28,60.28,27.52,594.21,33.16,saver,0,1
2025-03-03,B,141,548.79,146.47,147.43,118.67,961.35,102.13,heavy,0,0
2025-03-03,C,142,308.79,99.53,125.32,75.1,608.74,74.13,normal,0,0
2025-03-03,D,143,257.52,114.42,84.63,59.39,515.96,56.65,normal,0,0
2025-03-03,A,144,288.5,85.57,62.62,56.85,493.54,35.75,normal,0,0
2025-03-03,B,145,401.28,143.33,84.87,90.25,719.72,50.36,heavy,0,0
2025-03-03,C,146,286.35,109.44,123.87,36.71,556.37,43.39,normal,0,0
2025-03-03,D,147,226.84,106.99,52.12,51.28,437.23,29.95,normal,0,0
2025-03-03,A,148,277.63,125.52,108.92,34.75,546.82,56.35,normal,0,0
2025-03-03,B,149,375.41,154.65,81.79,39.11,650.96,53.26,normal,0,0
2025-03-03,C,150,331.77,127.41,75.64,76.36,970.17,63.19,normal,0,1
2025-03-03,D,151,425.83,189.35,90.81,87.43,1245.13,73.76,heavy,0,1
2025-03-03,A,152,215.85,86.97,62.04,32.49,588.02,28.36,normal,0,1
2025-03-03,B,153,244.95,119.59,87.16,58.15,509.85,40.57,normal,0,0
2025-03-03,C,154,224.13,100.89,52.54,62.49,440.06,50.32,normal,0,0
2025-03-03,D,155,343.21,154.87,107.66,61.93,1125.61,75.19,normal,0,1
2025-03-03,A,156,183.17,102.89,66.52,56.36,408.94,36.33,normal,0,0
2025-03-03,B,157,242.44,89.8,49.8,29.83,411.87,28.78,normal,0,0
2025-03-03,C,158,472.86,209.49,171.63,65.36,919.34,79.98,heavy,0,0
2025-03-03,D,159,266.09,101.48,92.07,56.02,1761.36,114.21,normal,1,1
2025-03-03,A,160,343.62,91.55,67.88,76.53,579.58,50.69,normal,0,0
2025-03-03,B,161,135.45,67.01,41.73,22.78,266.97,29.18,saver,0,0
2025-03-03,C,162,280.08,117.0,85.56,75.56,558.19,55.42,normal,0,0
2025-03-03,D,163,366.54,104.03,108.84,39.21,618.62,62.06,normal,0,0
2025-03-03,A,164,218.73,62.02,42.61,54.41,377.77,39.92,saver,0,0
2025-03-03,B,165,294.84,128.64,77.16,84.47,877.91,59.14,normal,0,1
2025-03-03,C,166,320.35,114.13,103.05,71.88,609.42,65.35,normal,0,0
2025-03-03,D,167,403.05,112.76,83.5,99.44,698.75,65.52,heavy,0,0
2025-03-03,A,168,350.01,172.82,76.41,60.31,659.55,56.72,heavy,0,0
2025-03-03,B,169,388.26,168.65,83.26,69.18,709.35,56.77,heavy,0,0
2025-03-03,C,170,577.15,228.11,104.64,139.83,1049.73,72.81,heavy,0,0
2025-03-03,D,171,513.56,207.81,131.97,51.91,1432.78,85.38,heavy,0,1
2025-03-03,A,172,550.83,159.14,139.82,100.91,950.7,92.72,heavy,0,0
2025-03-03,B,173,272.26,115.06,71.32,74.33,532.98,46.58,normal,0,0
2025-03-03,C,174,416.63,125.13,123.78,95.33,760.87,69.93,heavy,0,0
2025-03-03,D,175,306.06,120.88,106.99,77.05,610.98,55.95,normal,0,0
2025-03-03,A,176,280.27,87.03,76.3,47.29,490.89,36.41,normal,0,0
2025-03-03,B,177,184.43,63.07,58.84,34.54,443.81,27.48,saver,0,1
2025-03-03,C,178,164.14,62.93,40.49,36.13,303.68,36.01,saver,0,0
2025-03-03,D,179,211.31,68.98,51.26,24.08,355.63,25.12,normal,0,0
2025-03-03,A,180,376.0,162.65,84.41,46.67,669.73,64.59,normal,0,0
2025-03-04,B,101,140.98,55.3,35.12,28.87,260.27,18.79,saver,0,0
2025-03-04,C,102,176.85,72.86,60.08,31.31,498.95,41.19,normal,0,1
2025-03-04,D,103,197.67,76.69,70.9,51.86,397.12,35.65,normal,0,0
2025-03-04,A,104,313.55,118.74,76.78,54.94,564.01,43.43,normal,0,0
2025-03-04,B,105,284.16,94.22,102.67,69.56,550.61,51.16,normal,0,0
2025-03-04,C,106,416.54,172.95,134.96,124.58,1264.85,87.76,heavy,0,1
2025-03-04,D,107,249.33,87.25,81.85,64.75,483.17,42.59,normal,0,0
2025-03-04,A,108,212.18,72.44,92.82,34.95,412.39,31.54,normal,0,0
2025-03-04,B,109,343.52,113.56,111.2,44.46,612.74,75.47,heavy,0,0
2025-03-04,C,110,187.41,83.82,54.82,46.99,373.04,40.96,normal,0,0
2025-03-04,D,111,306.38,167.45,140.85,38.47,653.15,45.44,heavy,0,0
2025-03-04,A,112,292.56,139.53,99.09,45.65,989.57,61.5,normal,0,1
2025-03-04,B,113,356.52,155.12,145.15,64.66,721.45,49.93,heavy,0,0
2025-03-04,C,114,487.38,177.41,190.75,159.47,1015.0,110.52,heavy,0,0
2025-03-04,D,115,381.75,125.01,111.47,45.14,663.37,55.69,normal,0,0
2025-03-04,A,116,597.06,189.51,116.24,78.56,981.37,114.25,heavy,0,0
2025-03-04,B,117,248.1,104.93,51.51,57.75,462.29,46.92,normal,0,0
2025-03-04,C,118,344.03,198.67,156.64,121.26,820.6,55.51,heavy,0,0
2025-03-04,D,119,158.14,90.8,65.97,20.91,335.81,39.24,saver,0,0
2025-03-04,A,120,465.49,191.49,204.06,56.24,917.28,89.33,heavy,0,0
2025-03-04,B,121,231.4,93.99,40.97,36.66,403.03,40.45,saver,0,0
2025-03-04,C,122,122.2,45.03,48.68,39.7,255.61,24.16,saver,0,0
2025-03-04,D,123,338.44,94.75,108.91,35.96,578.06,46.04,normal,0,0
2025-03-04,A,124,170.92,81.07,67.54,57.52,377.05,29.21,saver,0,0
2025-03-04,B,125,239.24,86.44,63.11,68.01,456.8,47.93,normal,0,0
2025-03-04,C,126,155.33,62.94,45.11,26.94,290.32,21.64,saver,0,0
2025-03-04,D,127,495.39,231.42,114.53,102.5,943.84,69.1,heavy,0,0
2025-03-04,A,128,198.88,91.61,72.24,51.58,414.31,29.32,normal,0,0
2025-03-04,B,129,199.18,98.41,69.64,26.05,592.94,35.56,normal,0,1
2025-03-04,C,130,278.31,111.59,89.0,28.76,507.66,43.34,normal,0,0
2025-03-04,D,131,206.12,69.53,80.85,62.15,418.65,36.58,normal,0,0
2025-03-04,A,132,348.59,165.22,109.27,60.67,683.76,58.08,normal,0,0
2025-03-04,B,133,221.17,104.2,71.53,24.46,617.38,38.96,saver,0,1
2025-03-04,C,134,388.22,176.25,96.0,62.38,722.85,65.06,heavy,0,0
2025-03-04,D,135,406.0,168.61,115.49,83.36,773.45,61.59,normal,0,0
2025-03-04,A,136,531.05,219.91,115.55,111.91,978.43,77.9,heavy,0,0
2025-03-04,B,137,320.06,181.17,98.94,77.28,677.45,63.51,heavy,0,0
2025-03-04,C,138,157.92,90.66,52.1,53.96,354.64,28.51,saver,0,0
2025-03-04,D,139,336.3,145.68,92.54,69.19,643.71,57.88,normal,0,0
2025-03-04,A,140,467.53,205.47,172.25,76.56,921.81,79.65,heavy,0,0
2025-03-04,B,141,329.09,136.8,80.89,40.23,587.02,41.2,normal,0,0
2025-03-04,C,142,267.68,122.35,91.87,42.31,524.2,35.76,normal,0,0
2025-03-04,D,143,282.3,108.21,81.11,51.61,523.23,53.81,normal,0,0
2025-03-04,A,144,204.08,78.69,42.74,33.76,537.12,26.13,normal,0,1
2025-03-04,B,145,223.64,108.11,66.57,41.29,439.6,49.5,normal,0,0
2025-03-04,C,146,458.61,131.58,123.3,78.68,1507.82,157.67,heavy,1,0
2025-03-04,D,147,443.99,189.83,189.84,105.92,929.58,90.14,heavy,0,0
2025-03-04,A,148,309.13,160.26,111.73,43.28,988.0,73.49,normal,0,1
2025-03-04,B,149,475.6,230.15,150.72,135.5,991.97,79.99,heavy,0,0
2025-03-04,C,150,410.21,141.13,105.76,97.41,754.52,52.22,heavy,0,0
2025-03-04,D,151,222.21,85.8,77.49,61.66,447.15,45.22,normal,0,0
2025-03-04,A,152,218.6,100.01,54.42,51.4,616.88,51.3,normal,0,1
2025-03-04,B,153,225.53,80.41,66.69,39.08,411.7,34.2,normal,0,0
2025-03-04,C,154,313.85,167.78,106.45,77.2,665.28,71.49,heavy,0,0
2025-03-04,D,155,312.82,86.38,95.94,60.86,1109.85,67.51,normal,1,0
2025-03-04,A,156,398.58,145.27,103.59,73.48,720.92,56.18,heavy,0,0
2025-03-04,B,157,153.42,55.56,52.16,50.97,312.12,22.73,saver,0,0
2025-03-04,C,158,483.91,149.28,120.38,125.75,879.32,100.58,heavy,0,0
2025-03-04,D,159,490.7,136.67,137.92,84.08,849.37,59.51,heavy,0,0
2025-03-04,A,160,259.05,84.97,85.84,35.35,465.21,36.41,normal,0,0
2025-03-04,B,161,110.96,50.34,36.97,17.12,215.39,15.78,saver,0,0
2025-03-04,C,162,279.82,107.04,61.42,62.67,510.94,39.02,normal,0,0
2025-03-04,D,163,499.87,161.28,142.56,87.14,890.85,81.01,heavy,0,0
2025-03-04,A,164,236.71,94.81,47.19,62.65,441.35,33.4,saver,0,0
2025-03-04,B,165,167.86,91.65,63.01,58.63,381.14,35.74,normal,0,0
2025-03-04,C,166,264.49,122.46,122.21,74.94,584.11,51.1,normal,0,0
2025-03-04,D,167,221.67,90.73,62.88,29.92,405.2,28.22,saver,0,0
2025-03-04,A,168,495.18,210.12,170.99,72.5,948.8,116.0,heavy,0,0
2025-03-04,B,169,289.28,129.57,112.45,83.83,615.13,63.18,normal,0,0
2025-03-04,C,170,190.79,78.51,63.17,30.19,362.66,30.36,saver,0,0
2025-03-04,D,171,283.52,100.92,78.13,61.25,523.81,45.69,normal,0,0
2025-03-04,A,172,402.54,150.81,134.31,53.58,741.24,51.35,heavy,0,0
2025-03-04,B,173,350.42,138.4,88.91,70.68,648.4,52.68,normal,0,0
2025-03-04,C,174,258.71,128.1,61.0,39.14,486.95,34.2,normal,0,0
2025-03-04,D,175,158.81,68.05,57.08,25.61,309.54,35.1,saver,0,0
2025-03-04,A,176,491.6,152.51,154.87,91.89,890.87,79.86,heavy,0,0
2025-03-04,B,177,456.74,129.47,134.93,92.09,813.23,68.83,heavy,0,0
2025-03-04,C,178,321.72,135.64,101.67,62.38,621.42,60.38,normal,0,0
2025-03-04,D,179,386.63,146.45,127.71,69.84,956.98,78.89,normal,0,1
2025-03-04,A,180,200.67,82.48,66.15,68.82,418.13,29.82,normal,0,0
2025-03-05,B,101,290.26,143.55,104.2,86.99,625.0,62.63,normal,0,0
2025-03-05,C,102,262.0,97.09,95.87,46.06,501.02,53.33,normal,0,0
2025-03-05,D,103,536.54,175.76,179.11,128.2,1019.61,93.97,heavy,0,0
2025-03-05,A,104,308.99,137.05,74.38,61.57,581.99,57.13,normal,0,0
2025-03-05,B,105,374.08,151.38,79.54,67.42,672.42,55.85,normal,0,0
2025-03-05,C,106,373.94,147.22,118.57,52.79,692.51,53.56,normal,0,0
2025-03-05,D,107,340.86,123.18,100.41,85.61,650.06,76.87,normal,0,0
2025-03-05,A,108,501.89,195.02,86.46,82.8,866.17,107.27,heavy,0,0
2025-03-05,B,109,205.72,83.34,44.61,19.82,471.43,27.47,saver,0,1
2025-03-05,C,110,277.58,122.27,99.13,73.46,572.44,41.38,normal,0,0
2025-03-05,D,111,328.46,126.24,101.56,50.98,607.24,50.06,normal,0,0
2025-03-05,A,112,286.91,123.74,98.77,35.16,544.58,52.68,normal,0,0
2025-03-05,B,113,463.85,163.96,132.98,90.11,850.9,87.82,heavy,0,0
2025-03-05,C,114,402.45,104.71,104.32,52.03,663.51,67.46,normal,0,0
2025-03-05,D,115,369.58,98.22,80.01,60.3,608.11,44.02,normal,0,0
2025-03-05,A,116,395.95,155.69,134.15,59.14,744.92,89.57,normal,0,0
2025-03-05,B,117,155.09,58.18,44.25,52.98,741.24,53.52,saver,1,0
2025-03-05,C,118,211.35,102.46,61.98,34.02,409.81,39.48,normal,0,0
2025-03-05,D,119,225.08,101.98,87.7,65.27,480.03,35.49,normal,0,0
2025-03-05,A,120,246.82,93.94,62.79,60.31,463.85,41.91,normal,0,0
2025-03-05,B,121,212.7,94.82,43.22,59.26,410.01,32.76,saver,0,0
2025-03-05,C,122,143.64,76.63,56.12,38.8,315.18,22.17,saver,0,0
2025-03-05,D,123,346.46,156.59,74.35,78.68,958.78,53.25,normal,0,1
2025-03-05,A,124,346.24,117.05,80.88,49.46,593.63,45.27,normal,0,0
2025-03-05,B,125,268.66,96.27,94.81,38.72,498.47,39.18,normal,0,0
2025-03-05,C,126,511.16,168.13,193.39,132.46,1005.15,84.22,heavy,0,0
2025-03-05,D,127,235.85,63.92,68.68,53.19,552.33,37.94,normal,0,1
2025-03-05,A,128,331.46,115.34,116.81,41.51,605.11,52.1,normal,0,0
2025-03-05,B,129,150.99,52.71,46.08,30.18,432.66,26.81,saver,0,1
2025-03-05,C,130,435.34,196.66,185.91,110.49,928.4,84.98,heavy,0,0
2025-03-05,D,131,331.03,110.92,78.97,67.43,588.35,68.98,normal,0,0
2025-03-05,A,132,333.71,100.1,102.25,35.86,571.92,66.16,normal,0,0
2025-03-05,B,133,245.69,106.23,59.33,51.28,462.53,39.75,normal,0,0
2025-03-05,C,134,220.12,97.79,49.72,23.21,390.85,26.06,normal,0,0
2025-03-05,D,135,220.21,93.65,75.52,43.44,432.83,29.37,normal,0,0
2025-03-05,A,136,594.11,199.72,178.19,64.37,1729.24,162.77,heavy,1,0
2025-03-05,B,137,564.94,151.38,175.35,136.87,1028.54,126.77,heavy,0,0
2025-03-05,C,138,245.12,90.58,81.65,27.61,444.96,31.33,normal,0,0
2025-03-05,D,139,412.62,195.77,125.77,89.4,823.56,58.72,heavy,0,0
2025-03-05,A,140,343.31,123.77,89.44,60.08,616.6,56.56,normal,0,0
2025-03-05,B,141,229.72,120.15,72.12,59.27,481.25,42.44,normal,0,0
2025-03-05,C,142,355.14,119.85,80.79,77.16,632.94,51.14,heavy,0,0
2025-03-05,D,143,308.91,89.26,111.82,84.09,594.09,57.44,normal,0,0
2025-03-05,A,144,510.5,166.46,152.61,64.73,894.31,99.92,heavy,0,0
2025-03-05,B,145,447.04,131.45,101.34,74.26,754.09,53.08,heavy,0,0
2025-03-05,C,146,129.94,64.13,46.5,15.16,255.73,21.23,saver,0,0
2025-03-05,D,147,335.04,187.35,83.11,39.81,1139.84,61.39,heavy,0,1
2025-03-05,A,148,370.68,176.26,90.36,69.85,707.15,55.03,heavy,0,0
2025-03-05,B,149,274.32,97.44,98.16,31.98,501.91,34.86,normal,0,0
2025-03-05,C,150,211.12,125.18,54.9,64.42,455.63,53.71,normal,0,0
2025-03-05,D,151,228.41,93.0,78.93,43.21,443.54,55.21,normal,0,0
2025-03-05,A,152,409.54,161.94,68.38,84.55,1087.09,50.71,normal,0,1
2025-03-05,B,153,192.47,93.48,73.57,39.79,399.31,32.61,normal,0,0
2025-03-05,C,154,209.11,82.39,52.8,47.12,391.42,37.75,saver,0,0
2025-03-05,D,155,215.75,100.97,83.51,58.57,458.8,46.69,normal,0,0
2025-03-05,A,156,231.72,75.28,78.7,27.39,413.09,39.53,normal,0,0
2025-03-05,B,157,291.12,74.73,58.79,41.86,466.49,33.33,normal,0,0
2025-03-05,C,158,426.95,133.02,146.41,88.82,795.2,89.47,heavy,0,0
2025-03-05,D,159,361.75,118.3,115.69,35.98,631.72,55.37,normal,0,0
2025-03-05,A,160,360.79,185.23,115.89,58.6,720.52,52.61,heavy,0,0
2025-03-05,B,161,363.13,112.1,89.79,80.6,645.63,50.55,normal,0,0
2025-03-05,C,162,165.26,50.59,49.54,14.76,280.15,32.37,saver,0,0
2025-03-05,D,163,302.91,107.4,63.2,71.2,544.71,51.8,normal,0,0
2025-03-05,A,164,258.91,128.89,78.03,62.42,528.25,60.9,normal,0,0
2025-03-05,B,165,252.66,81.45,70.99,58.84,693.18,57.48,saver,0,1
2025-03-05,C,166,352.65,134.71,136.13,84.9,1591.23,129.95,heavy,1,0
2025-03-05,D,167,300.68,162.29,120.01,74.36,657.35,73.87,normal,0,0
2025-03-05,A,168,577.49,165.08,185.55,134.3,1062.41,90.12,heavy,0,0
2025-03-05,B,169,351.22,153.45,91.33,59.61,655.61,52.99,normal,0,0
2025-03-05,C,170,393.09,129.64,136.32,69.4,728.45,74.31,heavy,0,0
2025-03-05,D,171,322.57,93.36,115.76,80.31,611.99,52.15,normal,0,0
2025-03-05,A,172,505.12,266.47,214.54,142.98,1129.11,93.54,heavy,0,0
2025-03-05,B,173,217.45,109.31,54.99,40.17,421.93,33.78,normal,0,0
2025-03-05,C,174,351.51,105.97,114.72,81.62,653.82,60.28,normal,0,0
2025-03-05,D,175,242.46,106.75,69.34,43.5,462.05,46.12,normal,0,0
2025-03-05,A,176,273.7,139.18,106.9,62.9,582.68,55.75,normal,0,0
2025-03-05,B,177,271.01,92.26,86.42,43.57,493.25,40.05,normal,0,0
2025-03-05,C,178,274.73,104.99,106.29,89.47,575.49,52.78,normal,0,0
2025-03-05,D,179,245.87,109.45,48.36,44.76,448.43,33.92,normal,0,0
2025-03-05,A,180,404.24,187.77,170.71,98.85,861.57,65.42,heavy,0,0
2025-03-06,B,101,243.66,72.82,71.63,45.89,434.0,29.99,saver,0,0
2025-03-06,C,102,289.26,106.71,92.86,41.24,1090.9,101.28,normal,1,0
2025-03-06,D,103,300.39,81.25,99.35,30.95,511.94,35.51,normal,0,0
2025-03-06,A,104,194.58,82.21,58.67,21.03,615.17,25.38,normal,0,1
2025-03-06,B,105,267.41,91.72,91.03,80.74,530.89,42.91,normal,0,0
2025-03-06,C,106,199.46,108.4,63.09,40.13,411.08,41.61,normal,0,0
2025-03-06,D,107,251.41,80.28,73.69,38.88,689.67,50.11,saver,0,1
2025-03-06,A,108,255.44,110.96,84.91,52.09,503.4,52.36,normal,0,0
2025-03-06,B,109,395.58,109.62,82.3,73.06,660.57,72.96,normal,0,0
2025-03-06,C,110,230.59,72.84,46.68,51.04,401.14,45.03,saver,0,0
2025-03-06,D,111,271.88,150.49,81.58,46.95,550.9,50.29,normal,0,0
2025-03-06,A,112,194.75,94.07,48.18,23.73,360.74,25.71,normal,0,0
2025-03-06,B,113,271.41,109.76,75.72,80.33,537.23,42.49,normal,0,0
2025-03-06,C,114,360.28,155.49,70.41,59.31,645.49,61.74,normal,0,0
2025-03-06,D,115,132.91,70.11,54.69,39.48,297.2,25.0,saver,0,0
2025-03-06,A,116,534.17,194.5,163.79,142.88,1035.34,118.03,heavy,0,0
2025-03-06,B,117,486.26,219.26,141.26,108.52,1598.8,63.95,heavy,0,1
2025-03-06,C,118,261.13,89.33,65.76,27.74,443.95,37.42,normal,0,0
2025-03-06,D,119,302.95,92.36,56.75,76.58,528.64,49.2,normal,0,0
2025-03-06,A,120,344.87,96.18,97.83,54.21,593.09,49.14,normal,0,0
2025-03-06,B,121,290.67,114.28,133.07,64.26,602.28,70.16,heavy,0,0
2025-03-06,C,122,304.76,85.5,58.72,75.89,524.87,53.73,normal,0,0
2025-03-06,D,123,314.91,139.01,110.1,39.26,603.28,60.56,normal,0,0
2025-03-06,A,124,290.36,135.48,110.13,85.74,621.71,76.54,normal,0,0
2025-03-06,B,125,188.27,64.61,46.55,33.21,332.64,38.45,saver,0,0
2025-03-06,C,126,155.35,62.9,69.04,40.62,327.91,28.72,saver,0,0
2025-03-06,D,127,471.6,151.69,164.85,73.44,861.58,87.55,heavy,0,0
2025-03-06,A,128,469.17,136.26,84.56,91.26,781.24,79.63,heavy,0,0
2025-03-06,B,129,340.32,175.33,80.77,62.35,658.78,57.48,heavy,0,0
2025-03-06,C,130,131.08,42.71,33.98,28.96,236.73,26.13,saver,0,0
2025-03-06,D,131,312.4,110.9,97.03,37.8,558.12,58.74,normal,0,0
2025-03-06,A,132,165.34,68.37,71.8,36.68,342.19,27.41,saver,0,0
2025-03-06,B,133,144.91,64.32,28.92,31.02,269.17,20.86,saver,0,0
2025-03-06,C,134,160.29,65.12,53.54,23.5,302.45,20.61,saver,0,0
2025-03-06,D,135,224.37,93.43,79.15,64.51,461.47,34.33,normal,0,0
2025-03-06,A,136,489.85,196.71,98.07,70.7,1352.51,58.76,heavy,0,1
2025-03-06,B,137,208.98,99.06,73.0,54.92,435.97,34.95,normal,0,0
2025-03-06,C,138,268.8,96.32,102.55,40.81,508.48,57.79,normal,0,0
2025-03-06,D,139,310.72,169.48,134.36,34.74,649.3,62.64,normal,0,0
2025-03-06,A,140,140.67,52.41,53.17,37.1,283.35,26.36,saver,0,0
2025-03-06,B,141,468.45,162.67,173.76,160.94,965.82,67.9,heavy,0,0
2025-03-06,C,142,347.43,130.49,120.41,65.99,664.31,44.54,normal,0,0
2025-03-06,D,143,218.96,103.94,55.26,30.7,408.86,32.88,normal,0,0
2025-03-06,A,144,190.49,72.38,72.63,51.07,386.57,42.75,saver,0,0
2025-03-06,B,145,312.21,114.63,58.88,71.09,556.8,38.25,normal,0,0
2025-03-06,C,146,291.22,102.9,124.56,73.05,591.73,67.61,normal,0,0
2025-03-06,D,147,256.14,87.03,92.47,66.66,502.3,48.83,normal,0,0
2025-03-06,A,148,159.23,52.81,43.48,45.92,485.65,22.56,saver,0,1
2025-03-06,B,149,244.76,110.05,72.0,34.4,461.2,51.45,normal,0,0
2025-03-06,C,150,520.69,175.18,188.28,94.23,978.38,79.18,heavy,0,0
2025-03-06,D,151,196.59,89.08,43.26,44.3,373.22,34.34,saver,0,0
2025-03-06,A,152,198.84,97.66,62.29,69.01,427.81,35.24,normal,0,0
2025-03-06,B,153,228.02,76.8,95.1,32.3,432.22,30.55,normal,0,0
2025-03-06,C,154,342.97,188.82,133.51,74.63,739.93,77.22,heavy,0,0
2025-03-06,D,155,337.85,160.62,100.19,91.57,690.24,59.28,normal,0,0
2025-03-06,A,156,211.21,77.02,86.94,51.15,426.32,42.66,normal,0,0
2025-03-06,B,157,278.48,93.25,89.35,54.71,515.78,54.65,normal,0,0
2025-03-06,C,158,241.65,90.24,85.9,40.66,822.37,32.99,normal,0,1
2025-03-06,D,159,360.98,129.64,70.45,79.72,640.79,50.42,normal,0,0
2025-03-06,A,160,349.92,111.65,103.02,37.65,602.25,42.94,normal,0,0
2025-03-06,B,161,413.48,188.76,132.35,99.34,833.94,81.25,heavy,0,0
2025-03-06,C,162,203.93,68.61,87.03,63.48,423.05,47.42,normal,0,0
2025-03-06,D,163,366.98,117.78,69.13,46.46,600.34,54.71,normal,0,0
2025-03-06,A,164,551.34,209.76,206.32,105.14,1910.41,129.7,heavy,0,1
2025-03-06,B,165,363.83,177.97,179.77,123.1,844.67,58.13,heavy,0,0
2025-03-06,C,166,391.63,115.31,115.98,77.77,700.68,76.94,normal,0,0
2025-03-06,D,167,474.88,197.31,141.93,128.96,943.08,116.93,heavy,0,0
2025-03-06,A,168,203.65,122.04,72.81,59.13,457.63,32.79,normal,0,0
2025-03-06,B,169,235.84,109.45,75.55,42.51,463.35,34.3,normal,0,0
2025-03-06,C,170,296.37,136.48,92.81,86.59,1341.69,144.7,normal,1,0
2025-03-06,D,171,251.39,149.38,67.19,71.21,539.17,40.74,normal,0,0
2025-03-06,A,172,356.85,125.57,70.31,81.23,633.95,60.55,normal,0,0
2025-03-06,B,173,279.76,102.59,115.96,86.51,584.82,70.85,normal,0,0
2025-03-06,C,174,115.13,42.55,31.19,18.26,207.13,20.31,saver,0,0
2025-03-06,D,175,167.55,96.38,67.82,32.37,364.11,25.91,saver,0,0
2025-03-06,A,176,344.28,192.29,111.1,58.57,706.23,61.9,heavy,0,0
2025-03-06,B,177,261.29,89.33,70.62,73.01,494.25,36.27,normal,0,0
2025-03-06,C,178,126.64,68.72,48.84,16.93,261.12,17.44,saver,0,0
2025-03-06,D,179,211.42,92.84,64.0,47.76,416.02,30.51,normal,0,0
2025-03-06,A,180,245.89,103.15,91.88,81.6,869.98,36.6,normal,0,1
2025-03-07,B,101,210.37,95.65,65.45,60.75,432.21,44.75,normal,0,0
2025-03-07,C,102,301.38,94.49,72.34,42.08,510.29,42.41,normal,0,0
2025-03-07,D,103,289.63,103.09,69.01,60.14,521.87,39.59,normal,0,0
2025-03-07,A,104,585.66,218.65,118.78,116.98,1040.07,84.49,heavy,0,0
2025-03-07,B,105,340.05,129.86,88.84,93.15,651.9,44.39,heavy,0,0
2025-03-07,C,106,468.9,193.29,148.37,56.36,866.92,71.56,heavy,0,0
2025-03-07,D,107,301.16,122.86,63.33,63.7,551.05,51.57,normal,0,0
2025-03-07,A,108,185.94,87.27,57.32,47.59,378.11,37.42,normal,0,0
2025-03-07,B,109,224.17,75.76,71.42,57.91,429.27,47.3,normal,0,0
2025-03-07,C,110,236.09,129.56,60.85,46.86,473.35,42.4,normal,0,0
2025-03-07,D,111,265.86,147.12,117.36,65.61,595.95,58.28,normal,0,0
2025-03-07,A,112,261.79,81.72,93.13,50.9,487.53,53.52,normal,0,0
2025-03-07,B,113,210.11,115.16,63.98,50.41,439.66,30.03,normal,0,0
2025-03-07,C,114,280.07,86.05,66.63,70.75,503.5,42.81,normal,0,0
2025-03-07,D,115,464.63,177.79,90.44,65.59,798.45,90.5,heavy,0,0
2025-03-07,A,116,382.45,128.53,90.91,46.59,648.48,77.73,normal,0,0
2025-03-07,B,117,139.5,67.16,53.6,33.19,293.45,22.58,saver,0,0
2025-03-07,C,118,225.23,109.3,92.81,34.26,461.6,54.34,normal,0,0
2025-03-07,D,119,310.9,128.24,115.1,71.92,626.16,47.69,normal,0,0
2025-03-07,A,120,240.78,86.26,64.66,50.04,441.75,53.16,saver,0,0
2025-03-07,B,121,240.92,67.53,88.16,30.35,426.96,43.83,normal,0,0
2025-03-07,C,122,143.35,58.82,48.63,34.42,285.22,32.66,saver,0,0
2025-03-07,D,123,193.8,82.53,61.08,54.92,392.33,27.62,normal,0,0
2025-03-07,A,124,173.82,89.31,52.75,55.37,371.26,30.34,saver,0,0
2025-03-07,B,125,523.17,232.61,124.26,106.34,986.39,82.09,heavy,0,0
2025-03-07,C,126,279.85,73.17,86.92,47.2,487.14,35.49,normal,0,0
2025-03-07,D,127,275.41,132.35,66.02,33.28,507.07,38.52,normal,0,0
2025-03-07,A,128,276.65,114.65,105.02,76.5,572.82,44.26,normal,0,0
2025-03-07,B,129,203.45,92.13,53.1,38.49,703.61,88.67,normal,1,0
2025-03-07,C,130,226.37,77.73,53.04,65.48,422.62,37.48,normal,0,0
2025-03-07,D,131,269.77,158.31,89.81,76.42,594.31,46.9,normal,0,0
2025-03-07,A,132,359.87,105.1,104.0,71.61,640.58,80.03,normal,0,0
2025-03-07,B,133,243.45,120.19,94.84,61.37,519.86,37.2,normal,0,0
2025-03-07,C,134,129.99,53.94,33.46,38.65,256.05,19.46,saver,0,0
2025-03-07,D,135,254.32,92.16,57.12,81.04,484.64,46.09,normal,0,0
2025-03-07,A,136,212.86,73.23,51.42,33.24,370.75,45.45,normal,0,0
2025-03-07,B,137,203.34,87.02,81.69,31.21,403.27,49.27,normal,0,0
2025-03-07,C,138,335.81,95.4,60.51,43.27,534.99,49.12,normal,0,0
2025-03-07,D,139,237.24,118.08,86.96,55.72,497.99,42.89,normal,0,0
2025-03-07,A,140,221.02,69.5,60.73,40.78,392.04,27.8,normal,0,0
2025-03-07,B,141,226.73,77.44,59.73,23.89,606.32,41.45,saver,0,1
2025-03-07,C,142,496.45,157.11,119.59,116.75,889.91,84.72,heavy,0,0
2025-03-07,D,143,286.75,95.52,79.4,61.28,522.96,41.67,normal,0,0
2025-03-07,A,144,394.77,171.09,110.17,101.21,1090.94,84.1,heavy,0,1
2025-03-07,B,145,174.42,75.42,45.26,25.5,320.6,23.3,saver,0,0
2025-03-07,C,146,221.49,90.29,69.18,48.33,429.29,34.92,saver,0,0
2025-03-07,D,147,443.72,185.38,132.76,92.36,854.21,57.28,heavy,0,0
2025-03-07,A,148,261.4,133.57,73.75,75.43,544.15,53.39,normal,0,0
2025-03-07,B,149,487.33,200.97,101.08,96.11,885.5,82.59,heavy,0,0
2025-03-07,C,150,358.53,123.61,73.68,49.28,605.11,42.96,normal,0,0
2025-03-07,D,151,556.51,169.28,118.21,56.69,900.69,62.83,heavy,0,0
2025-03-07,A,152,193.01,107.77,47.79,56.42,404.99,32.75,saver,0,0
2025-03-07,B,153,261.95,90.32,56.29,30.47,439.03,31.7,normal,0,0
2025-03-07,C,154,193.04,101.0,55.87,61.8,569.32,43.19,normal,0,1
2025-03-07,D,155,175.3,81.89,45.19,34.93,467.14,32.25,saver,0,1
2025-03-07,A,156,209.76,106.78,67.8,70.01,454.35,36.61,normal,0,0
2025-03-07,B,157,491.92,208.38,157.85,96.57,954.72,93.82,heavy,0,0
2025-03-07,C,158,215.86,90.09,89.34,74.5,469.79,40.49,normal,0,0
2025-03-07,D,159,278.91,89.55,57.04,35.25,460.76,35.0,normal,0,0
2025-03-07,A,160,384.75,124.55,79.66,55.09,644.06,55.51,normal,0,0
2025-03-07,B,161,358.64,178.4,130.88,48.34,716.26,70.61,heavy,0,0
2025-03-07,C,162,292.24,86.73,90.92,33.83,503.73,47.29,normal,0,0
2025-03-07,D,163,243.99,84.17,82.47,28.87,439.51,31.53,saver,0,0
2025-03-07,A,164,219.09,74.03,54.25,54.06,401.44,27.7,normal,0,0
2025-03-07,B,165,297.56,103.94,54.84,43.05,1079.21,84.89,normal,1,0
2025-03-07,C,166,224.71,89.45,56.08,35.58,405.81,41.71,normal,0,0
2025-03-07,D,167,358.92,154.14,93.64,45.71,652.4,65.22,normal,0,0
2025-03-07,A,168,300.65,110.82,102.99,41.45,555.92,59.12,normal,0,0
2025-03-07,B,169,304.35,133.02,72.19,34.32,543.87,59.63,normal,0,0
2025-03-07,C,170,191.95,73.9,46.95,34.82,347.61,23.51,normal,0,0
2025-03-07,D,171,215.05,108.02,47.07,59.05,682.99,36.14,normal,0,1
2025-03-07,A,172,468.73,169.56,133.11,91.92,1538.25,123.97,heavy,1,0
2025-03-07,B,173,221.07,101.77,83.51,44.52,698.03,53.73,normal,0,1
2025-03-07,C,174,164.11,72.78,32.48,39.44,308.81,20.69,saver,0,0
2025-03-07,D,175,207.14,92.19,57.29,36.97,393.59,29.77,normal,0,0
2025-03-07,A,176,257.89,102.56,56.49,47.13,701.94,40.3,saver,0,1
2025-03-07,B,177,165.04,87.45,53.89,49.91,356.28,32.37,normal,0,0
2025-03-07,C,178,245.45,79.12,73.34,31.16,429.06,48.06,normal,0,0
2025-03-07,D,179,317.55,149.89,74.55,52.63,594.62,45.41,normal,0,0
2025-03-07,A,180,308.49,105.47,104.16,54.16,572.28,64.61,normal,0,0
2025-03-08,B,101,482.72,174.72,106.7,131.51,895.64,105.08,normal,0,0
2025-03-08,C,102,199.4,85.46,67.99,32.17,385.03,26.67,saver,0,0
2025-03-08,D,103,623.61,266.33,152.28,100.89,1554.45,93.55,heavy,0,1
2025-03-08,A,104,278.41,90.43,69.58,55.6,494.03,35.15,normal,0,0
2025-03-08,B,105,596.06,231.34,119.55,68.2,1015.15,77.59,heavy,0,0
2025-03-08,C,106,244.5,105.63,73.41,29.92,795.1,33.07,normal,0,1
2025-03-08,D,107,397.65,124.89,142.25,72.62,737.41,67.7,normal,0,0
2025-03-08,A,108,262.28,87.85,76.17,39.22,465.52,32.53,saver,0,0
2025-03-08,B,109,683.04,181.94,190.84,72.65,1128.47,140.13,heavy,0,0
2025-03-08,C,110,343.72,186.88,94.23,42.97,957.69,76.75,normal,0,1
2025-03-08,D,111,329.28,155.03,73.18,47.61,605.1,61.19,normal,0,0
2025-03-08,A,112,262.04,81.89,95.06,32.52,471.51,48.11,saver,0,0
2025-03-08,B,113,376.53,155.32,121.61,40.6,694.07,60.84,heavy,0,0
2025-03-08,C,114,489.51,175.93,139.16,66.46,871.06,77.08,normal,0,0
2025-03-08,D,115,314.45,128.94,76.31,37.26,556.95,54.5,normal,0,0
2025-03-08,A,116,291.86,92.39,81.63,40.92,506.8,43.18,normal,0,0
2025-03-08,B,117,208.11,91.63,99.78,30.5,430.02,48.0,normal,0,0
2025-03-08,C,118,514.04,199.92,219.57,108.82,1042.36,69.93,heavy,0,0
2025-03-08,D,119,297.75,88.5,71.03,42.74,500.02,48.26,normal,0,0
2025-03-08,A,120,408.59,156.86,155.03,115.06,835.54,62.86,normal,0,0
2025-03-08,B,121,561.69,231.3,211.89,63.4,1068.29,79.94,heavy,0,0
2025-03-08,C,122,275.86,103.21,87.44,97.07,563.57,45.32,normal,0,0
2025-03-08,D,123,305.11,144.32,114.35,65.46,629.24,70.69,normal,0,0
2025-03-08,A,124,239.25,125.92,60.93,54.91,481.0,36.3,normal,0,0
2025-03-08,B,125,468.95,174.69,127.9,98.61,870.15,60.85,normal,0,0
2025-03-08,C,126,284.48,130.2,70.49,71.24,556.41,55.6,normal,0,0
2025-03-08,D,127,169.1,68.71,39.59,19.15,296.55,21.77,saver,0,0
2025-03-08,A,128,286.81,93.19,70.3,37.0,487.31,47.95,normal,0,0
2025-03-08,B,129,278.9,132.85,86.91,49.15,547.81,59.62,normal,0,0
2025-03-08,C,130,661.33,269.22,236.62,109.79,1276.96,159.16,heavy,0,0
2025-03-08,D,131,252.47,72.86,72.28,29.82,427.43,38.42,saver,0,0
2025-03-08,A,132,256.04,137.41,113.33,51.04,789.89,42.2,normal,0,1
2025-03-08,B,133,266.2,106.22,80.64,88.82,852.59,37.08,normal,0,1
2025-03-08,C,134,313.88,147.87,91.0,103.17,932.48,47.33,normal,0,1
2025-03-08,D,135,207.26,94.89,85.01,23.84,411.01,43.61,saver,0,0
2025-03-08,A,136,404.12,183.52,147.72,80.08,815.44,74.27,normal,0,0
2025-03-08,B,137,210.02,73.91,56.63,36.53,377.09,27.77,saver,0,0
2025-03-08,C,138,215.03,79.26,84.38,61.25,439.92,44.64,normal,0,0
2025-03-08,D,139,482.83,149.14,153.71,94.43,880.12,102.66,normal,0,0
2025-03-08,A,140,271.21,122.0,81.59,32.81,507.61,50.04,normal,0,0
2025-03-08,B,141,315.81,130.58,79.84,79.19,605.43,43.85,normal,0,0
2025-03-08,C,142,361.7,98.59,105.08,73.99,980.97,122.26,normal,1,0
2025-03-08,D,143,430.34,165.76,149.02,61.82,806.94,90.88,heavy,0,0
2025-03-08,A,144,416.28,143.08,101.44,74.66,735.47,54.35,normal,0,0
2025-03-08,B,145,637.8,273.15,198.0,124.56,1233.51,107.42,heavy,0,0
2025-03-08,C,146,381.29,128.51,153.86,75.67,739.33,55.08,normal,0,0
2025-03-08,D,147,368.7,181.15,122.01,103.01,774.87,84.64,normal,0,0
2025-03-08,A,148,281.73,88.91,92.37,34.87,497.88,44.47,normal,0,0
2025-03-08,B,149,572.63,274.33,203.13,118.19,1168.28,116.12,heavy,0,0
2025-03-08,C,150,326.57,152.07,98.21,102.65,679.5,53.6,normal,0,0
2025-03-08,D,151,362.46,160.44,146.56,105.14,774.61,80.16,normal,0,0
2025-03-08,A,152,337.2,99.7,87.73,47.35,571.98,39.46,normal,0,0
2025-03-08,B,153,278.89,143.56,64.34,70.39,557.18,56.73,normal,0,0
2025-03-08,C,154,247.46,82.48,80.56,46.1,456.6,41.57,saver,0,0
2025-03-08,D,155,144.94,73.52,55.12,37.99,311.58,23.46,saver,0,0
2025-03-08,A,156,190.23,52.65,48.05,24.52,315.44,26.82,saver,0,0
2025-03-08,B,157,255.89,141.62,77.46,87.09,562.06,40.75,saver,0,0
2025-03-08,C,158,446.03,174.37,133.04,57.39,810.83,79.59,normal,0,0
2025-03-08,D,159,776.67,258.75,171.26,190.63,1397.3,121.08,heavy,0,0
2025-03-08,A,160,267.44,105.62,81.03,58.53,512.63,39.79,normal,0,0
2025-03-08,B,161,729.67,229.96,247.45,84.79,1291.87,89.26,heavy,0,0
2025-03-08,C,162,408.85,171.06,97.12,52.19,729.21,62.23,normal,0,0
2025-03-08,D,163,337.34,121.14,126.61,40.37,625.46,47.48,normal,0,0
2025-03-08,A,164,566.54,305.01,135.11,74.92,1081.59,86.28,heavy,0,0
2025-03-08,B,165,324.05,119.64,98.9,90.93,633.52,55.57,normal,0,0
2025-03-08,C,166,418.77,123.55,92.77,41.96,677.04,57.66,normal,0,0
2025-03-08,D,167,371.16,145.28,117.09,97.56,731.09,90.13,heavy,0,0
2025-03-08,A,168,349.78,134.63,113.63,47.5,645.55,50.63,normal,0,0
2025-03-08,B,169,325.81,124.47,80.3,82.74,613.32,60.79,normal,0,0
2025-03-08,C,170,548.59,249.79,155.23,84.04,1792.9,71.23,heavy,0,1
2025-03-08,D,171,348.77,128.19,139.81,52.27,669.04,45.93,normal,0,0
2025-03-08,A,172,630.4,193.71,177.69,84.62,1086.41,109.37,heavy,0,0
2025-03-08,B,173,423.24,143.55,154.88,86.7,808.37,86.63,normal,0,0
2025-03-08,C,174,282.32,104.77,66.68,64.09,517.85,39.15,normal,0,0
2025-03-08,D,175,369.34,199.56,180.94,76.72,826.55,68.99,heavy,0,0
2025-03-08,A,176,495.6,224.83,195.87,58.06,974.35,79.54,heavy,0,0
2025-03-08,B,177,571.96,253.79,120.79,60.14,1006.69,93.22,heavy,0,0
2025-03-08,C,178,333.25,90.52,65.19,45.01,789.96,46.08,normal,0,1
2025-03-08,D,179,411.32,152.21,146.1,39.94,749.56,50.05,normal,0,0
2025-03-08,A,180,437.44,188.81,106.88,122.23,855.35,66.09,heavy,0,0
2025-03-09,B,101,678.39,238.11,223.43,148.23,1288.16,144.09,heavy,0,0
2025-03-09,C,102,533.4,251.84,148.08,144.72,1078.04,123.13,heavy,0,0
2025-03-09,D,103,622.79,232.97,225.52,144.16,1225.45,113.26,heavy,0,0
2025-03-09,A,104,387.51,137.69,118.37,61.45,705.01,75.46,normal,0,0
2025-03-09,B,105,456.6,117.28,127.23,39.62,740.73,54.83,normal,0,0
2025-03-09,C,106,357.57,150.71,103.41,61.88,673.57,79.5,normal,0,0
2025-03-09,D,107,453.0,127.27,103.17,102.99,786.42,69.19,normal,0,0
2025-03-09,A,108,373.16,143.62,110.77,45.04,672.58,83.02,normal,0,0
2025-03-09,B,109,377.13,197.53,143.05,116.0,1122.14,70.67,normal,0,1
2025-03-09,C,110,399.02,150.87,151.95,102.24,804.07,62.29,normal,0,0
2025-03-09,D,111,221.82,103.94,50.16,54.44,430.36,38.29,saver,0,0
2025-03-09,A,112,569.72,225.09,173.96,119.47,1606.87,122.75,heavy,0,1
2025-03-09,B,113,427.9,133.45,131.95,68.08,761.38,56.05,normal,0,0
2025-03-09,C,114,254.11,126.16,109.12,71.19,560.58,60.5,normal,0,0
2025-03-09,D,115,573.46,240.34,193.46,78.72,2082.48,131.32,heavy,1,0
2025-03-09,A,116,423.23,143.72,155.9,112.66,1160.85,102.11,heavy,0,1
2025-03-09,B,117,457.17,194.29,151.34,69.56,872.36,90.6,normal,0,0
2025-03-09,C,118,269.18,131.2,64.3,70.26,715.09,61.0,normal,0,1
2025-03-09,D,119,287.34,122.72,94.75,35.45,540.27,54.06,normal,0,0
2025-03-09,A,120,233.79,85.51,92.06,43.23,454.58,32.16,normal,0,0
2025-03-09,B,121,287.58,107.0,83.61,83.71,561.91,38.09,normal,0,0
2025-03-09,C,122,508.27,224.03,162.03,142.4,1036.74,74.68,heavy,0,0
2025-03-09,D,123,276.9,148.4,114.14,56.47,595.91,49.9,normal,0,0
2025-03-09,A,124,187.47,71.78,47.83,39.24,346.32,37.6,saver,0,0
2025-03-09,B,125,254.83,128.59,79.21,51.8,514.43,52.59,saver,0,0
2025-03-09,C,126,238.75,96.53,84.17,45.88,465.33,49.07,normal,0,0
2025-03-09,D,127,279.0,136.15,113.17,43.57,571.9,46.08,normal,0,0
2025-03-09,A,128,262.74,78.66,65.88,60.3,626.54,45.14,saver,0,1
2025-03-09,B,129,293.77,101.96,82.94,72.14,1245.57,70.99,normal,1,0
2025-03-09,C,130,275.89,97.2,86.31,74.76,534.16,50.0,saver,0,0
2025-03-09,D,131,154.66,58.1,46.51,37.77,297.04,24.4,saver,0,0
2025-03-09,A,132,290.37,88.66,82.98,51.05,513.07,56.08,normal,0,0
2025-03-09,B,133,303.36,103.79,100.64,42.64,550.43,48.4,normal,0,0
2025-03-09,C,134,483.51,176.22,180.67,121.43,961.84,69.56,normal,0,0
2025-03-09,D,135,735.83,308.13,257.3,133.4,1434.66,153.33,heavy,0,0
2025-03-09,A,136,235.77,109.18,90.93,48.24,484.13,32.48,normal,0,0
2025-03-09,B,137,358.34,108.89,118.67,60.57,646.47,44.43,normal,0,0
2025-03-09,C,138,407.99,171.83,134.98,79.39,794.19,81.88,normal,0,0
2025-03-09,D,139,219.8,99.26,60.15,52.62,431.83,39.17,saver,0,0
2025-03-09,A,140,444.49,137.73,97.12,52.52,731.86,87.19,normal,0,0
2025-03-09,B,141,291.79,164.48,77.4,93.9,627.57,78.41,normal,0,0
2025-03-09,C,142,282.97,104.81,86.68,56.12,530.57,65.35,saver,0,0
2025-03-09,D,143,548.71,268.6,114.23,81.83,1013.37,78.77,heavy,0,0
2025-03-09,A,144,355.0,122.02,72.75,32.46,582.23,44.09,normal,0,0
2025-03-09,B,145,376.4,145.8,125.39,91.13,1040.77,53.65,normal,0,1
2025-03-09,C,146,253.91,126.3,80.21,89.28,549.7,42.03,normal,0,0
2025-03-09,D,147,251.88,77.96,72.04,31.65,433.53,42.82,saver,0,0
2025-03-09,A,148,249.41,93.74,94.37,82.45,519.96,42.65,normal,0,0
2025-03-09,B,149,356.42,144.84,129.4,57.86,688.52,63.61,normal,0,0
2025-03-09,C,150,337.75,137.31,99.08,61.8,635.95,74.42,normal,0,0
2025-03-09,D,151,362.42,135.88,111.58,53.03,662.9,60.29,normal,0,0
2025-03-09,A,152,663.35,235.01,122.91,76.29,1097.56,74.97,heavy,0,0
2025-03-09,B,153,349.8,113.42,98.49,66.19,627.89,71.92,normal,0,0
2025-03-09,C,154,479.4,218.11,119.55,106.2,1613.72,99.3,heavy,0,1
2025-03-09,D,155,167.97,56.25,59.62,36.82,320.65,22.75,saver,0,0
2025-03-09,A,156,352.72,134.44,118.68,62.34,668.18,46.89,normal,0,0
2025-03-09,B,157,502.82,139.6,86.74,87.45,1136.02,61.16,normal,0,1
2025-03-09,C,158,574.52,210.85,216.63,72.21,1927.38,75.58,heavy,0,1
2025-03-09,D,159,300.67,119.52,77.48,42.04,539.72,53.76,normal,0,0
2025-03-09,A,160,421.0,132.44,133.15,83.57,770.16,52.31,normal,0,0
2025-03-09,B,161,564.87,190.27,113.37,69.2,937.72,94.47,heavy,0,0
2025-03-09,C,162,172.27,82.96,74.55,34.39,492.13,31.12,saver,0,1
2025-03-09,D,163,392.48,145.24,95.96,100.06,733.74,58.5,normal,0,0
2025-03-09,A,164,661.81,265.62,200.96,121.47,1249.86,89.99,heavy,0,0
2025-03-09,B,165,273.45,130.9,90.39,43.17,537.91,63.38,normal,0,0
2025-03-09,C,166,599.54,235.23,199.67,107.14,1141.58,119.13,heavy,0,0
2025-03-09,D,167,233.05,104.59,104.17,77.29,901.12,39.59,normal,0,1
2025-03-09,A,168,544.03,174.94,210.26,155.82,1085.05,86.17,heavy,0,0
2025-03-09,B,169,166.96,76.91,63.99,30.5,505.81,28.84,saver,0,1
2025-03-09,C,170,274.45,87.25,69.55,39.35,470.6,53.28,normal,0,0
2025-03-09,D,171,285.62,123.6,69.34,45.54,524.11,47.44,normal,0,0
2025-03-09,A,172,235.58,96.9,75.13,35.39,443.01,34.22,normal,0,0
2025-03-09,B,173,495.7,153.73,100.82,65.9,816.16,74.55,normal,0,0
2025-03-09,C,174,366.67,140.07,151.93,44.01,702.68,48.96,normal,0,0
2025-03-09,D,175,180.62,74.98,80.79,35.62,372.0,26.58,saver,0,0
2025-03-09,A,176,181.74,69.65,58.91,35.69,345.99,26.65,saver,0,0
2025-03-09,B,177,390.65,152.6,83.35,71.78,923.87,65.67,normal,0,1
2025-03-09,C,178,151.24,60.48,51.72,33.43,296.87,20.22,saver,0,0
2025-03-09,D,179,422.73,235.04,145.07,72.01,874.85,59.36,heavy,0,0
2025-03-09,A,180,502.22,209.0,196.6,64.89,972.71,84.21,heavy,0,0
2025-03-10,B,101,277.55,87.49,98.71,67.54,531.29,37.66,normal,0,0
2025-03-10,C,102,606.29,200.57,155.16,69.23,1031.25,70.47,heavy,0,0
2025-03-10,D,103,228.15,119.42,60.03,73.51,481.1,47.42,normal,0,0
2025-03-10,A,104,357.15,101.15,69.36,51.76,579.41,66.83,normal,0,0
2025-03-10,B,105,357.69,120.71,71.86,67.16,617.42,74.47,normal,0,0
2025-03-10,C,106,179.73,53.06,46.59,23.5,532.7,26.46,saver,0,1
2025-03-10,D,107,277.25,145.71,104.82,62.93,590.71,70.05,normal,0,0
2025-03-10,A,108,188.69,71.78,85.78,44.19,390.45,29.34,normal,0,0
2025-03-10,B,109,251.08,98.97,78.38,27.43,455.86,41.72,normal,0,0
2025-03-10,C,110,189.59,96.39,76.6,29.19,391.77,29.53,saver,0,0
2025-03-10,D,111,379.13,158.86,142.37,78.0,758.36,58.32,heavy,0,0
2025-03-10,A,112,258.37,70.03,70.13,62.38,460.91,37.19,saver,0,0
2025-03-10,B,113,228.45,66.27,58.73,54.91,408.36,43.49,saver,0,0
2025-03-10,C,114,267.25,102.2,79.22,27.44,476.12,38.62,normal,0,0
2025-03-10,D,115,328.38,140.96,72.97,38.67,580.97,45.26,normal,0,0
2025-03-10,A,116,472.59,186.07,86.28,87.2,1271.85,76.17,heavy,0,1
2025-03-10,B,117,543.72,157.17,152.37,108.44,961.71,94.07,heavy,0,0
2025-03-10,C,118,344.12,102.53,99.7,40.9,587.26,55.15,normal,0,0
2025-03-10,D,119,288.92,100.83,62.85,75.96,528.55,63.14,normal,0,0
2025-03-10,A,120,624.54,180.56,110.7,100.04,1780.6,71.72,heavy,0,1
2025-03-10,B,121,321.05,143.21,108.87,66.38,639.52,52.86,normal,0,0
2025-03-10,C,122,283.66,88.26,103.25,71.56,546.72,48.81,normal,0,0
2025-03-10,D,123,196.64,75.85,62.36,59.95,394.8,29.65,normal,0,0
2025-03-10,A,124,298.71,86.97,76.35,27.96,489.99,60.18,normal,0,0
2025-03-10,B,125,359.9,157.07,117.94,61.47,696.38,67.85,normal,0,0
2025-03-10,C,126,221.3,100.19,91.39,68.77,481.65,39.65,normal,0,0
2025-03-10,D,127,518.46,191.13,201.36,132.16,1727.14,92.96,heavy,0,1
2025-03-10,A,128,204.78,92.06,73.46,28.83,660.58,55.93,saver,1,0
2025-03-10,B,129,224.55,92.05,61.16,55.77,433.53,40.12,saver,0,0
2025-03-10,C,130,248.11,90.39,61.21,23.34,423.05,31.67,saver,0,0
2025-03-10,D,131,487.63,210.6,119.43,44.48,862.15,78.85,heavy,0,0
2025-03-10,A,132,193.44,85.61,40.6,25.55,345.2,39.9,saver,0,0
2025-03-10,B,133,206.21,94.32,87.1,27.35,414.98,45.72,normal,0,0
2025-03-10,C,134,322.9,142.15,101.58,70.97,637.6,60.8,normal,0,0
2025-03-10,D,135,414.87,203.05,113.4,102.36,1478.88,65.74,heavy,0,1
2025-03-10,A,136,414.49,210.95,145.71,81.59,852.74,105.12,heavy,0,0
2025-03-10,B,137,501.86,223.33,192.81,85.09,1318.21,69.06,heavy,0,1
2025-03-10,C,138,292.29,96.91,75.79,78.43,543.43,50.06,normal,0,0
2025-03-10,D,139,192.87,94.53,78.18,56.94,422.52,28.37,normal,0,0
2025-03-10,A,140,165.03,57.02,34.88,24.09,281.02,22.41,saver,0,0
2025-03-10,B,141,180.94,97.27,43.84,53.31,591.53,38.5,saver,0,1
2025-03-10,C,142,301.3,100.81,94.71,38.71,535.54,40.13,normal,0,0
2025-03-10,D,143,182.37,85.97,61.55,66.66,396.56,36.77,normal,0,0
2025-03-10,A,144,232.14,75.94,76.36,51.52,435.96,46.29,normal,0,0
2025-03-10,B,145,396.72,114.29,78.13,70.93,660.07,79.22,normal,0,0
2025-03-10,C,146,277.48,95.33,86.4,86.38,545.59,47.3,normal,0,0
2025-03-10,D,147,253.03,103.37,83.87,50.86,818.64,50.97,normal,0,1
2025-03-10,A,148,245.36,93.02,48.77,36.02,423.18,51.98,normal,0,0
2025-03-10,B,149,365.01,140.31,122.57,93.07,720.95,74.64,heavy,0,0
2025-03-10,C,150,253.63,88.51,59.72,41.96,443.82,53.71,normal,0,0
2025-03-10,D,151,370.63,152.93,91.03,65.22,679.8,52.92,heavy,0,0
2025-03-10,A,152,217.93,105.89,84.03,41.94,449.78,35.87,normal,0,0
2025-03-10,B,153,387.03,194.02,93.4,87.71,762.17,57.97,heavy,0,0
2025-03-10,C,154,294.62,142.31,85.49,76.9,599.31,51.32,normal,0,0
2025-03-10,D,155,378.87,157.26,89.68,71.42,697.23,68.39,normal,0,0
2025-03-10,A,156,165.66,78.67,56.63,51.86,352.83,32.1,saver,0,0
2025-03-10,B,157,271.23,105.88,74.34,55.39,506.84,43.44,normal,0,0
2025-03-10,C,158,303.58,128.07,71.19,72.92,575.77,63.3,normal,0,0
2025-03-10,D,159,513.3,209.56,188.02,66.86,977.74,98.53,heavy,0,0
2025-03-10,A,160,216.57,87.22,65.03,49.95,418.77,31.34,normal,0,0
2025-03-10,B,161,302.5,114.24,99.21,76.57,592.52,54.62,normal,0,0
2025-03-10,C,162,241.18,95.56,90.87,37.1,464.71,54.92,normal,0,0
2025-03-10,D,163,255.33,95.42,66.56,48.8,466.11,35.24,normal,0,0
2025-03-10,A,164,128.42,66.76,48.89,19.78,435.14,21.0,saver,0,1
2025-03-10,B,165,331.45,165.12,125.0,62.93,684.51,73.69,heavy,0,0
2025-03-10,C,166,335.54,159.02,146.25,74.35,715.16,84.25,heavy,0,0
2025-03-10,D,167,281.44,77.28,53.03,38.61,766.9,31.66,normal,0,1
2025-03-10,A,168,241.42,91.05,91.28,59.35,809.17,46.43,normal,0,1
2025-03-10,B,169,235.58,122.11,85.35,74.88,517.93,59.97,normal,0,0
2025-03-10,C,170,231.65,117.69,76.56,49.7,475.6,39.38,normal,0,0
2025-03-10,D,171,292.15,87.22,67.48,35.34,700.13,38.56,normal,0,1
2025-03-10,A,172,188.03,82.1,60.31,37.87,368.31,27.24,saver,0,0
2025-03-10,B,173,488.33,217.92,143.8,135.85,985.89,89.91,heavy,0,0
2025-03-10,C,174,388.54,129.58,88.67,52.32,1230.59,122.34,normal,1,0
2025-03-10,D,175,387.78,172.06,136.46,78.5,1347.34,72.03,heavy,0,1
2025-03-10,A,176,251.36,101.55,80.99,63.38,497.28,37.94,normal,0,0
2025-03-10,B,177,504.07,137.56,166.24,87.99,895.86,79.69,heavy,0,0
2025-03-10,C,178,329.73,133.46,76.3,62.47,601.96,44.84,normal,0,0
2025-03-10,D,179,219.73,74.9,65.79,59.01,887.82,66.29,normal,1,0
2025-03-10,A,180,221.66,86.72,66.12,57.77,432.28,42.31,normal,0,0
2025-03-11,B,101,355.58,133.96,100.29,64.24,654.07,67.31,normal,0,0
2025-03-11,C,102,240.07,87.98,46.94,34.74,409.73,47.37,normal,0,0
2025-03-11,D,103,355.04,121.47,75.29,47.99,599.78,50.74,normal,0,0
2025-03-11,A,104,183.51,108.51,46.95,50.41,389.37,38.61,normal,0,0
2025-03-11,B,105,293.79,134.98,99.94,39.22,567.94,42.7,normal,0,0
2025-03-11,C,106,397.96,174.13,135.69,62.68,1096.36,51.56,heavy,0,1
2025-03-11,D,107,321.71,126.99,82.43,86.06,1035.49,46.29,normal,0,1
2025-03-11,A,108,187.47,73.25,70.3,25.27,356.3,43.64,saver,0,0
2025-03-11,B,109,303.33,108.31,91.57,58.13,561.33,58.8,normal,0,0
2025-03-11,C,110,241.95,74.24,86.12,56.52,458.83,55.69,normal,0,0
2025-03-11,D,111,316.14,117.19,89.16,47.34,569.83,68.33,normal,0,0
2025-03-11,A,112,265.73,138.92,93.75,36.68,1090.32,69.44,normal,1,0
2025-03-11,B,113,265.01,83.53,66.62,33.46,672.16,45.9,normal,0,1
2025-03-11,C,114,304.47,107.29,75.86,40.43,528.05,54.14,normal,0,0
2025-03-11,D,115,235.49,105.29,61.48,24.15,426.4,40.54,saver,0,0
2025-03-11,A,116,309.91,126.84,109.87,38.58,585.2,72.02,normal,0,0
2025-03-11,B,117,486.64,164.39,171.2,89.43,2202.63,130.27,heavy,1,0
2025-03-11,C,118,139.27,60.7,54.16,19.16,430.61,30.14,saver,0,1
2025-03-11,D,119,599.43,243.73,142.44,102.45,1088.05,100.51,heavy,0,0
2025-03-11,A,120,285.32,153.45,117.4,34.31,590.48,43.6,normal,0,0
2025-03-11,B,121,254.0,84.43,65.38,29.16,432.97,39.07,normal,0,0
2025-03-11,C,122,259.5,112.95,99.23,38.55,510.23,48.6,normal,0,0
2025-03-11,D,123,377.42,138.93,83.79,72.4,672.54,55.08,normal,0,0
2025-03-11,A,124,224.59,78.84,45.4,57.28,406.11,31.28,normal,0,0
2025-03-11,B,125,216.22,109.14,73.76,55.66,454.77,43.33,normal,0,0
2025-03-11,C,126,338.22,162.25,91.27,66.63,658.37,63.48,heavy,0,0
2025-03-11,D,127,299.6,116.37,85.38,88.85,590.2,63.37,normal,0,0
2025-03-11,A,128,205.61,92.48,87.17,31.07,416.33,33.44,normal,0,0
2025-03-11,B,129,247.02,114.52,102.74,33.03,497.31,61.95,normal,0,0
2025-03-11,C,130,241.36,82.56,91.57,56.95,472.44,32.11,normal,0,0
2025-03-11,D,131,212.93,69.73,54.67,28.03,365.36,26.26,saver,0,0
2025-03-11,A,132,216.92,114.87,64.18,50.38,446.35,32.29,normal,0,0
2025-03-11,B,133,185.92,99.05,76.31,57.11,418.4,42.12,saver,0,0
2025-03-11,C,134,265.05,109.8,45.05,38.62,458.52,54.1,normal,0,0
2025-03-11,D,135,446.83,199.73,92.2,46.36,1391.51,121.29,heavy,1,0
2025-03-11,A,136,371.93,149.36,131.08,93.91,1231.54,94.25,normal,1,0
2025-03-11,B,137,254.03,121.56,92.89,68.99,537.47,57.72,normal,0,0
2025-03-11,C,138,262.54,88.42,53.9,36.41,441.28,31.38,normal,0,0
2025-03-11,D,139,191.95,61.71,59.24,32.63,345.53,28.23,saver,0,0
2025-03-11,A,140,509.51,176.38,197.43,152.48,1035.8,81.65,heavy,0,0
2025-03-11,B,141,137.46,55.22,37.29,31.83,261.8,18.75,saver,0,0
2025-03-11,C,142,186.89,89.82,61.06,46.03,864.77,51.73,normal,1,0
2025-03-11,D,143,233.58,90.73,79.56,33.01,436.89,43.4,normal,0,0
2025-03-11,A,144,351.85,116.41,129.48,50.83,648.57,45.64,normal,0,0
2025-03-11,B,145,421.96,200.71,145.42,57.71,2610.42,178.32,heavy,1,1
2025-03-11,C,146,576.63,234.48,108.82,142.63,1062.56,73.48,heavy,0,0
2025-03-11,D,147,230.78,115.59,60.59,59.79,613.7,32.71,normal,0,1
2025-03-11,A,148,274.63,110.07,75.05,98.91,558.66,41.53,normal,0,0
2025-03-11,B,149,510.44,233.38,181.1,70.72,995.64,70.36,heavy,0,0
2025-03-11,C,150,246.62,78.71,76.4,23.82,425.55,35.83,saver,0,0
2025-03-11,D,151,239.41,128.49,72.92,28.03,468.86,31.53,normal,0,0
2025-03-11,A,152,318.58,103.53,71.8,57.18,551.08,37.01,normal,0,0
2025-03-11,B,153,351.86,102.16,119.18,43.1,616.3,41.25,normal,0,0
2025-03-11,C,154,348.19,111.07,87.01,51.41,597.68,58.62,normal,0,0
2025-03-11,D,155,127.19,59.51,53.94,15.32,255.96,18.04,saver,0,0
2025-03-11,A,156,154.48,67.23,58.33,21.86,301.91,24.82,saver,0,0
2025-03-11,B,157,306.6,162.45,128.06,55.68,652.79,59.07,normal,0,0
2025-03-11,C,158,265.64,79.55,102.36,56.98,504.52,47.0,normal,0,0
2025-03-11,D,159,263.13,96.04,63.82,78.28,877.97,38.65,normal,0,1
2025-03-11,A,160,263.85,67.08,65.13,67.04,463.1,33.86,saver,0,0
2025-03-11,B,161,463.0,198.32,116.83,90.76,2110.93,163.93,heavy,1,0
2025-03-11,C,162,190.44,68.39,56.49,31.44,346.76,26.01,normal,0,0
2025-03-11,D,163,576.4,235.19,106.54,108.05,1026.18,94.22,heavy,0,0
2025-03-11,A,164,347.75,118.86,75.71,79.6,1103.3,52.64,normal,0,1
2025-03-11,B,165,364.63,125.93,73.9,96.45,660.91,44.1,normal,0,0
2025-03-11,C,166,176.54,101.89,75.16,50.79,715.12,52.74,normal,1,0
2025-03-11,D,167,326.38,100.75,87.63,28.83,543.59,49.4,normal,0,0
2025-03-11,A,168,241.79,63.41,67.55,34.25,407.0,35.35,normal,0,0
2025-03-11,B,169,369.21,114.06,76.09,90.11,649.48,50.66,normal,0,0
2025-03-11,C,170,498.06,197.46,147.05,99.09,941.66,117.67,heavy,0,0
2025-03-11,D,171,256.22,104.3,65.68,53.58,479.78,56.19,normal,0,0
2025-03-11,A,172,173.19,70.93,58.09,54.57,356.78,30.73,saver,0,0
2025-03-11,B,173,140.58,72.72,38.86,32.03,284.2,23.71,saver,0,0
2025-03-11,C,174,355.09,172.83,96.16,102.3,726.37,50.78,heavy,0,0
2025-03-11,D,175,302.33,125.07,63.35,41.55,861.25,37.16,normal,0,1
2025-03-11,A,176,176.41,65.75,79.95,37.69,359.8,28.7,saver,0,0
2025-03-11,B,177,299.61,83.8,76.69,52.56,512.66,62.09,normal,0,0
2025-03-11,C,178,303.23,104.0,78.05,57.35,542.62,41.02,normal,0,0
2025-03-11,D,179,207.51,105.21,76.08,26.29,1023.15,77.25,normal,1,0
2025-03-11,A,180,173.86,67.0,48.91,39.94,329.72,31.9,saver,0,0
2025-03-12,B,101,214.37,102.38,61.57,58.31,436.63,29.66,saver,0,0
2025-03-12,C,102,219.76,106.6,81.39,55.98,762.6,43.65,normal,0,1
2025-03-12,D,103,219.23,79.79,84.05,24.05,407.12,38.8,normal,0,0
2025-03-12,A,104,297.95,130.97,78.9,72.52,580.34,62.66,normal,0,0
2025-03-12,B,105,112.89,42.6,52.92,17.34,225.74,17.79,saver,0,0
2025-03-12,C,106,388.25,119.64,80.86,68.09,656.84,70.37,normal,0,0
2025-03-12,D,107,275.24,105.4,84.55,85.86,551.05,65.59,normal,0,0
2025-03-12,A,108,224.5,100.89,47.93,36.41,409.74,46.25,normal,0,0
2025-03-12,B,109,389.48,161.84,129.14,53.17,733.61,82.1,normal,0,0
2025-03-12,C,110,271.29,143.97,112.38,34.18,946.94,37.92,normal,0,1
2025-03-12,D,111,253.98,98.65,50.33,58.92,461.89,31.75,normal,0,0
2025-03-12,A,112,234.4,82.45,45.54,56.05,593.43,47.35,normal,0,1
2025-03-12,B,113,250.28,116.54,72.31,76.29,515.43,47.27,normal,0,0
2025-03-12,C,114,276.52,74.23,72.14,32.69,455.58,49.32,normal,0,0
2025-03-12,D,115,264.7,114.43,85.39,78.74,543.27,47.72,normal,0,0
2025-03-12,A,116,282.79,107.66,99.16,80.24,569.85,67.49,normal,0,0
2025-03-12,B,117,327.31,129.95,132.96,42.11,632.33,55.53,normal,0,0
2025-03-12,C,118,289.03,127.59,90.79,54.04,561.44,47.73,normal,0,0
2025-03-12,D,119,292.97,106.24,91.01,45.05,535.26,49.78,normal,0,0
2025-03-12,A,120,291.16,125.93,72.93,63.87,553.89,44.74,normal,0,0
2025-03-12,B,121,155.68,64.31,50.92,24.67,295.57,22.31,saver,0,0
2025-03-12,C,122,383.4,152.87,129.45,57.25,722.97,79.82,normal,0,0
2025-03-12,D,123,235.16,88.13,74.13,25.37,422.78,28.61,saver,0,0
2025-03-12,A,124,313.73,138.2,84.89,43.28,580.1,65.9,normal,0,0
2025-03-12,B,125,191.37,76.41,47.31,46.74,361.84,32.73,normal,0,0
2025-03-12,C,126,325.22,102.46,124.22,60.01,611.9,49.51,normal,0,0
2025-03-12,D,127,301.31,148.65,66.49,52.14,568.59,49.01,normal,0,0
2025-03-12,A,128,103.62,44.57,35.47,26.15,209.81,15.77,saver,0,0
2025-03-12,B,129,203.94,74.48,68.23,55.36,581.77,34.57,normal,0,1
2025-03-12,C,130,184.19,64.32,72.92,55.42,376.85,27.14,saver,0,0
2025-03-12,D,131,191.77,80.95,47.98,26.11,346.8,38.13,normal,0,0
2025-03-12,A,132,164.25,69.96,34.09,47.28,525.51,26.91,saver,0,1
2025-03-12,B,133,215.83,97.02,70.63,37.02,420.49,37.8,normal,0,0
2025-03-12,C,134,153.89,67.19,57.41,25.84,304.32,21.21,saver,0,0
2025-03-12,D,135,209.09,102.4,80.69,35.4,427.58,41.75,normal,0,0
2025-03-12,A,136,346.91,132.73,88.8,62.45,630.88,48.05,normal,0,0
2025-03-12,B,137,294.65,129.22,72.97,79.82,576.66,65.71,normal,0,0
2025-03-12,C,138,358.56,108.11,135.26,75.52,677.45,62.69,normal,0,0
2025-03-12,D,139,400.23,125.12,131.65,75.65,732.65,91.05,heavy,0,0
2025-03-12,A,140,244.57,79.95,59.64,53.48,437.64,54.16,normal,0,0
2025-03-12,B,141,177.85,107.14,64.85,26.58,376.42,31.87,saver,0,0
2025-03-12,C,142,361.81,110.55,102.78,86.24,661.38,47.1,normal,0,0
2025-03-12,D,143,534.23,229.56,181.78,50.03,1565.1,86.58,heavy,0,1
2025-03-12,A,144,266.23,110.66,74.62,27.13,478.64,33.25,normal,0,0
2025-03-12,B,145,163.16,69.9,38.88,47.17,319.11,26.8,saver,0,0
2025-03-12,C,146,366.24,116.88,106.44,45.84,635.4,54.67,heavy,0,0
2025-03-12,D,147,152.39,64.57,67.44,40.12,324.5,26.81,saver,0,0
2025-03-12,A,148,384.84,125.25,78.1,47.33,635.52,51.61,normal,0,0
2025-03-12,B,149,531.21,195.49,115.28,103.87,945.85,81.42,heavy,0,0
2025-03-12,C,150,213.3,76.0,72.18,48.65,410.14,47.51,normal,0,0
2025-03-12,D,151,236.71,85.03,91.08,62.64,475.46,34.6,normal,0,0
2025-03-12,A,152,324.74,152.52,110.73,58.12,646.11,58.6,normal,0,0
2025-03-12,B,153,194.59,89.11,57.16,19.33,360.18,31.23,saver,0,0
2025-03-12,C,154,344.86,158.05,85.26,58.39,646.57,57.38,normal,0,0
2025-03-12,D,155,313.27,110.84,62.49,50.21,536.8,59.83,normal,0,0
2025-03-12,A,156,189.69,107.31,74.99,62.25,434.24,43.79,normal,0,0
2025-03-12,B,157,539.0,213.13,104.92,47.31,904.36,67.57,heavy,0,0
2025-03-12,C,158,234.58,99.79,49.35,45.18,718.48,37.15,normal,0,1
2025-03-12,D,159,156.86,57.22,51.26,21.31,286.66,25.6,saver,0,0
2025-03-12,A,160,209.83,69.97,55.4,39.75,374.94,25.03,normal,0,0
2025-03-12,B,161,538.27,216.82,212.43,159.69,1127.21,82.92,heavy,0,0
2025-03-12,C,162,312.62,132.13,77.33,28.44,550.52,37.89,normal,0,0
2025-03-12,D,163,322.51,122.69,88.33,38.41,571.95,55.32,normal,0,0
2025-03-12,A,164,413.93,170.17,168.66,137.17,889.93,67.06,heavy,0,0
2025-03-12,B,165,523.23,168.99,170.58,53.46,916.26,78.94,heavy,0,0
2025-03-12,C,166,213.72,68.9,67.58,56.67,406.88,40.58,normal,0,0
2025-03-12,D,167,209.87,84.41,74.26,62.82,431.36,46.37,saver,0,0
2025-03-12,A,168,153.08,70.72,60.89,30.47,315.17,22.65,saver,0,0
2025-03-12,B,169,233.84,73.4,76.93,21.84,406.01,29.89,saver,0,0
2025-03-12,C,170,525.86,187.53,116.5,68.2,898.09,73.86,heavy,0,0
2025-03-12,D,171,249.73,117.75,95.93,69.07,532.49,37.77,normal,0,0
2025-03-12,A,172,247.74,113.08,52.31,56.59,740.39,32.41,normal,0,1
2025-03-12,B,173,183.91,101.98,47.44,29.37,362.7,33.99,saver,0,0
2025-03-12,C,174,179.79,60.74,42.33,39.73,322.58,32.99,saver,0,0
2025-03-12,D,175,206.79,103.38,46.9,39.93,397.0,39.35,normal,0,0
2025-03-12,A,176,348.54,133.57,76.36,66.47,624.94,51.4,normal,0,0
2025-03-12,B,177,308.37,161.58,96.41,89.06,1509.71,117.97,heavy,1,0
2025-03-12,C,178,262.98,100.17,93.43,73.8,530.38,53.0,normal,0,0
2025-03-12,D,179,284.74,103.84,118.25,85.62,592.45,42.05,normal,0,0
2025-03-12,A,180,419.81,209.03,102.42,124.63,1410.24,102.48,heavy,1,0
2025-03-13,B,101,244.54,84.5,60.78,25.88,415.71,28.28,normal,0,0
2025-03-13,C,102,300.22,124.19,94.51,71.54,590.46,40.67,normal,0,0
2025-03-13,D,103,262.78,84.43,80.14,54.78,482.13,35.06,normal,0,0
2025-03-13,A,104,340.92,139.44,127.53,85.73,1326.5,132.23,heavy,1,0
2025-03-13,B,105,290.76,100.35,97.1,57.36,545.57,56.96,normal,0,0
2025-03-13,C,106,432.18,153.19,102.96,80.91,769.24,51.89,heavy,0,0
2025-03-13,D,107,313.77,120.47,61.13,64.1,559.48,58.13,normal,0,0
2025-03-13,A,108,138.53,55.9,47.76,38.02,280.21,21.4,saver,0,0
2025-03-13,B,109,250.22,106.55,73.2,39.76,469.73,38.37,saver,0,0
2025-03-13,C,110,180.32,100.07,69.45,43.56,393.4,31.68,normal,0,0
2025-03-13,D,111,280.62,105.65,63.57,30.05,479.9,42.19,normal,0,0
2025-03-13,A,112,427.18,146.39,143.54,90.14,807.25,95.68,heavy,0,0
2025-03-13,B,113,303.44,105.77,108.8,33.87,551.89,40.74,normal,0,0
2025-03-13,C,114,233.96,99.19,60.61,74.66,468.42,57.77,normal,0,0
2025-03-13,D,115,129.85,45.39,50.6,22.26,387.62,18.48,saver,0,1
2025-03-13,A,116,154.74,59.33,68.19,23.85,306.11,28.6,saver,0,0
2025-03-13,B,117,462.15,178.64,98.93,69.05,808.77,61.35,heavy,0,0
2025-03-13,C,118,173.2,70.98,77.42,48.6,370.2,36.48,normal,0,0
2025-03-13,D,119,368.0,154.95,110.39,52.46,685.8,52.89,normal,0,0
2025-03-13,A,120,246.56,91.95,52.75,61.33,936.42,60.02,normal,1,0
2025-03-13,B,121,212.33,79.42,60.77,64.24,416.76,48.93,normal,0,0
2025-03-13,C,122,288.98,89.28,65.06,29.34,472.67,40.16,normal,0,0
2025-03-13,D,123,261.85,108.88,63.67,82.2,516.61,35.16,normal,0,0
2025-03-13,A,124,396.22,142.94,87.78,90.31,717.24,52.93,normal,0,0
2025-03-13,B,125,370.23,158.31,121.87,103.12,1415.31,96.35,heavy,1,0
2025-03-13,C,126,351.73,212.43,116.48,76.43,757.08,67.06,heavy,0,0
2025-03-13,D,127,427.08,171.44,118.71,56.49,773.72,55.16,heavy,0,0
2025-03-13,A,128,536.17,184.34,158.14,87.84,966.49,101.4,heavy,0,0
2025-03-13,B,129,310.45,138.79,92.65,71.2,613.09,42.98,normal,0,0
2025-03-13,C,130,176.12,76.14,63.26,48.07,363.59,24.78,normal,0,0
2025-03-13,D,131,298.49,139.07,94.33,61.88,593.77,61.07,normal,0,0
2025-03-13,A,132,190.92,79.99,64.73,23.35,358.98,27.66,saver,0,0
2025-03-13,B,133,431.45,145.49,131.0,64.04,771.98,71.25,heavy,0,0
2025-03-13,C,134,457.9,182.39,140.92,50.63,831.83,82.22,heavy,0,0
2025-03-13,D,135,230.94,74.17,77.04,38.16,420.31,40.08,saver,0,0
2025-03-13,A,136,239.63,125.66,106.22,36.99,508.49,42.42,normal,0,0
2025-03-13,B,137,279.63,156.04,82.26,86.15,604.08,48.8,normal,0,0
2025-03-13,C,138,235.86,108.28,62.79,52.6,780.18,56.95,normal,0,1
2025-03-13,D,139,200.22,76.67,87.19,42.67,406.76,29.5,normal,0,0
2025-03-13,A,140,277.45,145.6,111.32,38.75,969.19,52.71,normal,0,1
2025-03-13,B,141,346.89,127.84,104.6,83.76,663.1,44.54,normal,0,0
2025-03-13,C,142,145.8,61.58,47.9,22.63,277.91,25.67,saver,0,0
2025-03-13,D,143,158.64,65.73,52.49,34.99,311.85,21.1,saver,0,0
2025-03-13,A,144,451.18,257.59,180.53,71.03,960.33,65.57,heavy,0,0
2025-03-13,B,145,309.53,93.81,61.72,62.17,527.23,41.97,normal,0,0
2025-03-13,C,146,620.85,220.69,121.88,59.54,1022.95,105.74,heavy,0,0
2025-03-13,D,147,375.41,148.53,105.33,78.2,707.46,65.91,heavy,0,0
2025-03-13,A,148,257.42,136.07,75.97,78.3,758.22,42.79,normal,0,1
2025-03-13,B,149,279.11,95.76,84.67,58.77,518.31,34.6,normal,0,0
2025-03-13,C,150,246.87,91.7,54.16,48.5,441.24,53.29,saver,0,0
2025-03-13,D,151,249.2,107.7,52.54,64.94,474.38,46.83,normal,0,0
2025-03-13,A,152,327.92,126.2,104.43,84.67,643.22,70.91,heavy,0,0
2025-03-13,B,153,296.58,97.31,72.41,39.3,505.6,48.87,normal,0,0
2025-03-13,C,154,196.02,78.31,53.14,42.6,649.14,46.97,normal,1,0
2025-03-13,D,155,366.38,139.11,89.27,50.63,645.38,66.09,normal,0,0
2025-03-13,A,156,219.06,66.73,56.39,61.53,403.71,34.86,saver,0,0
2025-03-13,B,157,607.67,237.63,207.16,136.82,1189.28,106.62,heavy,0,0
2025-03-13,C,158,233.44,86.25,67.72,21.86,409.27,44.65,normal,0,0
2025-03-13,D,159,523.96,207.36,177.29,65.56,974.17,78.26,heavy,0,0
2025-03-13,A,160,549.84,238.44,111.29,52.41,951.97,71.21,heavy,0,0
2025-03-13,B,161,239.98,112.24,97.93,29.4,479.55,44.02,normal,0,0
2025-03-13,C,162,177.37,66.7,46.25,62.11,352.43,33.54,normal,0,0
2025-03-13,D,163,263.88,92.04,80.64,24.47,461.04,34.12,normal,0,0
2025-03-13,A,164,202.66,75.46,69.27,36.14,383.53,31.65,normal,0,0
2025-03-13,B,165,329.09,146.26,134.51,85.61,1172.42,118.6,heavy,1,0
2025-03-13,C,166,195.97,104.46,82.15,55.68,438.26,32.6,normal,0,0
2025-03-13,D,167,327.28,126.61,111.89,96.71,1542.08,125.98,normal,1,0
2025-03-13,A,168,207.53,86.41,64.32,46.19,404.46,35.1,saver,0,0
2025-03-13,B,169,324.61,96.3,110.79,61.73,593.43,43.36,normal,0,0
2025-03-13,C,170,170.42,64.8,72.42,42.78,350.43,39.8,saver,0,0
2025-03-13,D,171,190.17,62.91,54.13,25.44,332.65,32.77,saver,0,0
2025-03-13,A,172,172.28,73.46,57.3,43.28,781.18,49.68,saver,1,0
2025-03-13,B,173,470.65,141.09,96.81,110.93,819.48,86.44,heavy,0,0
2025-03-13,C,174,499.57,219.03,113.64,79.68,911.92,69.05,heavy,0,0
2025-03-13,D,175,467.09,164.6,128.85,147.13,907.68,83.19,heavy,0,0
2025-03-13,A,176,419.02,151.58,81.2,97.19,749.0,63.86,heavy,0,0
2025-03-13,B,177,317.46,125.91,80.31,68.25,591.94,62.59,normal,0,0
2025-03-13,C,178,401.32,150.12,118.25,108.12,777.8,68.55,heavy,0,0
2025-03-13,D,179,401.37,185.84,135.73,122.18,1434.94,93.34,heavy,0,1
2025-03-13,A,180,201.26,99.08,65.75,49.14,415.22,33.05,normal,0,0
2025-03-14,B,101,181.64,108.58,88.63,28.52,407.37,34.68,normal,0,0
2025-03-14,C,102,579.5,262.04,141.97,65.65,1049.17,87.33,heavy,0,0
2025-03-14,D,103,222.18,87.04,76.99,42.08,428.28,43.02,normal,0,0
2025-03-14,A,104,327.12,113.19,117.03,75.07,632.41,42.4,normal,0,0
2025-03-14,B,105,435.08,153.89,98.7,103.19,1181.03,74.63,heavy,0,1
2025-03-14,C,106,576.38,200.73,194.3,64.84,1036.25,104.02,heavy,0,0
2025-03-14,D,107,307.38,138.05,77.75,37.79,560.97,42.6,normal,0,0
2025-03-14,A,108,467.17,124.63,122.07,58.36,772.23,72.27,heavy,0,0
2025-03-14,B,109,489.41,201.74,192.65,91.41,975.21,84.76,heavy,0,0
2025-03-14,C,110,501.67,271.64,129.03,95.68,998.02,81.04,heavy,0,0
2025-03-14,D,111,169.73,46.32,54.17,42.85,313.07,30.63,saver,0,0
2025-03-14,A,112,260.24,132.23,83.72,71.9,548.1,56.17,normal,0,0
2025-03-14,B,113,192.52,91.28,50.81,48.82,383.44,33.43,normal,0,0
2025-03-14,C,114,141.77,53.22,46.69,20.85,348.66,23.6,saver,0,1
2025-03-14,D,115,278.33,90.66,87.1,48.8,504.9,42.72,normal,0,0
2025-03-14,A,116,303.13,106.59,115.36,89.77,997.21,72.11,normal,0,1
2025-03-14,B,117,424.41,145.89,116.18,95.24,781.72,89.76,heavy,0,0
2025-03-14,C,118,172.31,55.14,38.92,32.02,298.38,25.47,saver,0,0
2025-03-14,D,119,221.26,111.28,54.01,35.1,421.65,46.7,normal,0,0
2025-03-14,A,120,430.28,211.3,177.62,58.86,878.06,72.56,heavy,0,0
2025-03-14,B,121,279.64,122.34,95.93,40.97,538.89,57.6,normal,0,0
2025-03-14,C,122,209.25,89.69,68.53,36.38,403.84,34.18,normal,0,0
2025-03-14,D,123,347.36,128.92,154.2,84.96,715.43,86.9,heavy,0,0
2025-03-14,A,124,521.0,183.6,160.44,92.03,1784.76,121.01,heavy,1,0
2025-03-14,B,125,295.37,100.92,92.07,73.51,1001.4,51.89,normal,0,1
2025-03-14,C,126,233.04,87.33,100.31,75.61,496.29,52.64,normal,0,0
2025-03-14,D,127,315.64,174.06,106.92,73.67,670.29,46.11,heavy,0,0
2025-03-14,A,128,303.71,145.83,101.86,38.21,589.6,40.23,normal,0,0
2025-03-14,B,129,278.39,89.6,58.77,31.55,458.31,31.15,normal,0,0
2025-03-14,C,130,251.97,128.17,94.36,32.79,507.29,49.61,normal,0,0
2025-03-14,D,131,472.92,216.82,121.55,96.84,2771.43,189.14,heavy,1,1
2025-03-14,A,132,313.86,93.39,103.46,46.03,556.73,39.21,normal,0,0
2025-03-14,B,133,241.69,82.87,70.98,35.73,431.26,46.89,normal,0,0
2025-03-14,C,134,229.34,106.03,80.32,50.78,466.47,31.41,normal,0,0
2025-03-14,D,135,296.3,138.67,83.59,89.03,607.59,64.91,heavy,0,0
2025-03-14,A,136,197.49,66.78,65.71,57.93,541.86,35.92,saver,0,1
2025-03-14,B,137,222.74,113.74,82.66,64.06,483.21,44.02,normal,0,0
2025-03-14,C,138,300.45,92.24,83.54,76.13,722.64,45.05,normal,0,1
2025-03-14,D,139,320.44,114.32,100.79,75.28,610.83,43.94,normal,0,0
2025-03-14,A,140,145.23,59.42,52.74,37.0,294.38,19.98,saver,0,0
2025-03-14,B,141,230.3,93.47,85.1,37.34,446.21,52.82,normal,0,0
2025-03-14,C,142,234.4,71.49,55.2,61.19,422.27,36.53,saver,0,0
2025-03-14,D,143,287.26,97.92,63.02,28.91,477.12,43.3,normal,0,0
2025-03-14,A,144,366.15,99.67,86.12,47.67,599.61,67.08,normal,0,0
2025-03-14,B,145,259.02,72.86,52.52,64.42,448.82,32.71,normal,0,0
2025-03-14,C,146,285.72,136.98,117.18,37.77,577.63,42.54,normal,0,0
2025-03-14,D,147,208.44,75.04,48.91,29.83,362.22,38.47,normal,0,0
2025-03-14,A,148,392.83,134.59,116.36,79.79,723.57,72.4,normal,0,0
2025-03-14,B,149,351.32,118.95,124.09,93.0,687.36,65.99,normal,0,0
2025-03-14,C,150,324.87,97.38,71.18,83.11,576.54,53.74,normal,0,0
2025-03-14,D,151,367.98,162.14,125.7,47.32,703.13,70.61,normal,0,0
2025-03-14,A,152,288.07,154.92,102.78,70.33,616.1,45.16,normal,0,0
2025-03-14,B,153,244.25,131.83,96.53,68.99,541.59,38.95,normal,0,0
2025-03-14,C,154,216.4,109.78,55.44,33.54,415.15,33.56,normal,0,0
2025-03-14,D,155,164.78,59.79,51.86,16.31,292.74,24.6,saver,0,0
2025-03-14,A,156,234.69,109.14,80.74,74.96,499.54,51.83,normal,0,0
2025-03-14,B,157,181.93,57.04,53.62,51.43,344.01,26.88,saver,0,0
2025-03-14,C,158,210.68,90.17,80.56,34.74,635.05,81.91,saver,1,0
2025-03-14,D,159,308.91,129.19,75.72,67.46,779.42,55.69,normal,0,1
2025-03-14,A,160,456.12,180.67,125.64,92.22,854.65,62.74,heavy,0,0
2025-03-14,B,161,379.85,151.29,91.54,71.87,694.55,66.0,normal,0,0
2025-03-14,C,162,506.88,257.56,143.34,96.9,1004.68,74.23,heavy,0,0
2025-03-14,D,163,458.04,164.84,176.08,145.42,944.39,78.96,heavy,0,0
2025-03-14,A,164,275.94,84.62,51.36,67.74,479.66,47.48,normal,0,0
2025-03-14,B,165,297.6,103.89,117.44,72.78,591.71,68.46,normal,0,0
2025-03-14,C,166,247.16,113.13,90.32,28.39,478.99,59.44,normal,0,0
2025-03-14,D,167,524.7,241.2,184.25,87.24,1037.39,112.99,heavy,0,0
2025-03-14,A,168,188.05,91.21,81.06,59.67,419.99,36.09,normal,0,0
2025-03-14,B,169,168.36,54.78,44.8,18.91,286.84,32.39,saver,0,0
2025-03-14,C,170,235.33,102.74,91.65,74.85,504.57,51.7,normal,0,0
2025-03-14,D,171,216.06,97.17,60.31,57.36,430.9,47.6,normal,0,0
2025-03-14,A,172,306.99,185.48,128.2,51.93,672.6,63.77,heavy,0,0
2025-03-14,B,173,447.27,127.2,145.42,40.26,760.15,54.34,heavy,0,0
2025-03-14,C,174,267.84,122.74,67.13,69.6,688.11,61.99,normal,0,1
2025-03-14,D,175,268.99,111.33,64.8,38.61,483.73,38.46,normal,0,0
2025-03-14,A,176,296.45,116.37,86.11,74.06,572.98,43.41,normal,0,0
2025-03-14,B,177,584.95,178.2,140.08,124.9,1028.13,120.51,heavy,0,0
2025-03-14,C,178,313.94,149.02,132.86,62.96,658.78,45.11,normal,0,0
2025-03-14,D,179,261.38,121.29,87.92,80.43,551.02,60.32,normal,0,0
2025-03-14,A,180,286.13,76.84,91.66,56.05,510.69,61.66,normal,0,0
2025-03-15,B,101,508.51,288.93,218.85,104.83,1121.13,102.8,heavy,0,0
2025-03-15,C,102,365.97,114.62,84.5,71.48,636.56,76.51,normal,0,0
2025-03-15,D,103,378.12,176.96,78.77,69.37,703.23,63.49,normal,0,0
2025-03-15,A,104,191.4,77.6,43.66,45.0,562.9,31.74,saver,0,1
2025-03-15,B,105,241.47,98.29,84.16,31.3,618.48,33.36,saver,0,1
2025-03-15,C,106,306.25,93.98,85.08,32.7,518.01,52.4,normal,0,0
2025-03-15,D,107,260.77,105.97,93.37,45.46,505.57,62.52,saver,0,0
2025-03-15,A,108,323.46,164.16,121.2,50.25,659.06,44.29,normal,0,0
2025-03-15,B,109,218.87,66.68,48.14,43.01,531.69,26.58,saver,0,1
2025-03-15,C,110,513.64,153.28,127.11,112.45,1617.9,76.04,heavy,0,1
2025-03-15,D,111,248.05,96.48,95.33,41.38,481.24,38.17,saver,0,0
2025-03-15,A,112,249.33,75.98,82.16,26.3,433.77,35.68,saver,0,0
2025-03-15,B,113,212.75,115.23,89.76,28.93,814.98,57.56,saver,1,0
2025-03-15,C,114,468.86,152.66,129.06,75.55,826.12,73.34,normal,0,0
2025-03-15,D,115,332.28,137.38,103.26,81.16,654.08,44.1,normal,0,0
2025-03-15,A,116,322.26,124.49,87.38,93.1,627.23,63.32,normal,0,0
2025-03-15,B,117,437.81,194.16,121.63,74.55,828.15,63.3,normal,0,0
2025-03-15,C,118,321.36,184.85,124.81,89.57,720.58,51.63,normal,0,0
2025-03-15,D,119,531.3,209.26,141.12,147.51,1713.2,98.07,heavy,0,1
2025-03-15,A,120,286.27,103.39,82.29,45.58,517.53,49.45,normal,0,0
2025-03-15,B,121,508.47,214.36,127.55,81.38,1273.26,68.22,normal,0,1
2025-03-15,C,122,538.25,178.99,99.54,124.14,940.93,94.2,heavy,0,0
2025-03-15,D,123,484.29,159.86,162.61,82.58,889.33,79.8,heavy,0,0
2025-03-15,A,124,226.13,120.76,107.27,73.66,527.82,38.0,normal,0,0
2025-03-15,B,125,208.14,114.95,86.21,35.83,445.12,44.12,saver,0,0
2025-03-15,C,126,586.14,168.93,159.49,125.69,1040.26,113.31,heavy,0,0
2025-03-15,D,127,264.18,122.97,88.55,50.5,526.19,53.6,normal,0,0
2025-03-15,A,128,655.71,192.39,135.56,102.61,1086.28,107.43,heavy,0,0
2025-03-15,B,129,275.54,108.59,64.81,43.32,492.27,61.29,normal,0,0
2025-03-15,C,130,429.14,167.59,137.51,53.34,787.57,61.74,normal,0,0
2025-03-15,D,131,533.63,146.43,122.2,72.56,1515.26,88.9,heavy,0,1
2025-03-15,A,132,340.15,128.49,108.79,37.22,614.65,62.26,normal,0,0
2025-03-15,B,133,432.52,151.73,117.85,92.62,794.72,63.08,normal,0,0
2025-03-15,C,134,239.94,93.26,96.94,59.1,489.24,32.67,normal,0,0
2025-03-15,D,135,273.85,162.66,89.31,36.69,562.52,40.62,normal,0,0
2025-03-15,A,136,494.97,231.23,156.86,134.75,1017.8,87.77,heavy,0,0
2025-03-15,B,137,245.49,84.91,72.01,47.34,639.0,32.13,normal,0,1
2025-03-15,C,138,316.51,102.48,60.4,38.23,517.62,64.55,normal,0,0
2025-03-15,D,139,306.64,121.32,95.48,94.19,617.64,54.97,normal,0,0
2025-03-15,A,140,161.12,68.58,56.67,21.78,308.16,31.37,saver,0,0
2025-03-15,B,141,342.32,136.39,120.51,59.26,658.48,68.84,normal,0,0
2025-03-15,C,142,573.8,264.25,184.03,156.8,1776.24,79.33,heavy,0,1
2025-03-15,D,143,432.16,187.49,91.43,56.01,767.08,75.76,normal,0,0
2025-03-15,A,144,236.37,103.98,73.25,50.34,463.93,41.2,normal,0,0
2025-03-15,B,145,345.56,169.78,140.51,47.17,703.02,79.27,normal,0,0
2025-03-15,C,146,709.06,289.55,241.62,100.28,1340.52,161.43,heavy,0,0
2025-03-15,D,147,396.21,166.39,136.28,75.52,774.4,55.51,normal,0,0
2025-03-15,A,148,420.12,118.66,109.97,77.53,726.27,76.44,normal,0,0
2025-03-15,B,149,818.05,290.23,177.86,149.77,1435.92,106.05,heavy,0,0
2025-03-15,C,150,474.39,146.08,168.4,133.97,922.84,81.02,heavy,0,0
2025-03-15,D,151,278.41,82.73,79.69,66.04,506.86,60.68,saver,0,0
2025-03-15,A,152,176.43,88.36,45.35,30.06,340.19,23.0,saver,0,0
2025-03-15,B,153,214.94,88.26,59.12,58.45,420.77,39.85,saver,0,0
2025-03-15,C,154,375.7,165.62,121.12,78.57,741.0,53.45,normal,0,0
2025-03-15,D,155,771.51,329.19,213.72,107.2,1421.64,123.72,heavy,0,0
2025-03-15,A,156,255.33,106.86,73.19,58.41,493.79,33.25,saver,0,0
2025-03-15,B,157,427.82,183.37,137.58,58.18,1259.58,80.39,normal,0,1
2025-03-15,C,158,223.39,120.47,65.77,30.01,439.65,43.13,saver,0,0
2025-03-15,D,159,586.04,244.21,182.11,177.39,1189.74,89.13,heavy,0,0
2025-03-15,A,160,275.22,93.95,67.71,25.45,462.32,36.25,normal,0,0
2025-03-15,B,161,340.41,136.41,116.74,35.97,629.53,58.73,normal,0,0
2025-03-15,C,162,412.78,146.68,82.27,67.1,708.83,67.46,normal,0,0
2025-03-15,D,163,434.37,195.38,96.72,93.27,819.73,101.88,normal,0,0
2025-03-15,A,164,358.34,145.07,154.84,80.49,738.74,51.32,heavy,0,0
2025-03-15,B,165,251.06,98.13,59.72,28.63,437.53,36.49,saver,0,0
2025-03-15,C,166,311.57,90.89,83.94,32.95,519.35,45.75,normal,0,0
2025-03-15,D,167,587.78,354.5,283.96,148.08,1374.32,133.08,heavy,0,0
2025-03-15,A,168,315.06,110.4,125.97,90.82,642.25,52.22,normal,0,0
2025-03-15,B,169,650.51,329.54,197.14,184.05,1361.24,167.32,heavy,0,0
2025-03-15,C,170,402.06,149.83,116.99,84.23,753.11,84.63,normal,0,0
2025-03-15,D,171,339.71,204.25,132.26,92.07,768.29,55.0,normal,0,0
2025-03-15,A,172,371.63,98.82,128.43,93.87,987.59,58.73,normal,0,1
2025-03-15,B,173,274.62,154.57,91.03,90.27,610.48,64.7,normal,0,0
2025-03-15,C,174,350.36,179.57,83.54,99.43,712.9,69.52,normal,0,0
2025-03-15,D,175,291.17,124.44,119.9,78.87,1063.5,71.29,normal,0,1
2025-03-15,A,176,503.39,160.99,88.32,111.84,864.54,60.88,heavy,0,0
2025-03-15,B,177,515.89,273.37,199.19,102.55,1091.0,85.25,heavy,0,0
2025-03-15,C,178,342.52,182.78,94.35,101.38,721.04,68.02,normal,0,0
2025-03-15,D,179,258.79,119.34,88.04,94.36,560.53,40.96,normal,0,0
2025-03-15,A,180,318.43,116.53,79.45,95.23,854.57,44.78,normal,0,1
2025-03-16,B,101,196.79,82.9,45.2,31.25,356.13,35.2,saver,0,0
2025-03-16,C,102,132.03,73.98,60.07,33.54,299.61,32.53,saver,0,0
2025-03-16,D,103,327.61,110.44,73.32,75.39,586.76,41.46,normal,0,0
2025-03-16,A,104,322.69,93.09,86.26,83.64,585.67,43.78,normal,0,0
2025-03-16,B,105,344.06,131.72,89.75,93.22,905.84,59.66,normal,0,1
2025-03-16,C,106,317.16,130.88,98.2,94.55,640.79,52.26,normal,0,0
2025-03-16,D,107,784.88,301.4,257.0,206.3,1549.58,126.64,heavy,0,0
2025-03-16,A,108,604.24,218.05,240.09,141.29,1203.67,88.25,heavy,0,0
2025-03-16,B,109,351.12,117.33,65.29,58.73,592.47,50.44,normal,0,0
2025-03-16,C,110,292.03,117.81,109.36,38.16,945.49,47.59,normal,0,1
2025-03-16,D,111,540.71,175.27,144.43,86.26,1429.52,114.1,heavy,0,1
2025-03-16,A,112,384.04,187.9,112.59,109.86,1182.07,82.09,normal,0,1
2025-03-16,B,113,397.2,162.32,143.41,104.53,807.46,71.19,normal,0,0
2025-03-16,C,114,432.75,246.68,123.31,66.65,869.38,95.04,heavy,0,0
2025-03-16,D,115,319.2,120.5,86.32,31.75,970.7,67.38,normal,0,1
2025-03-16,A,116,353.95,122.99,109.76,61.25,647.96,52.82,normal,0,0
2025-03-16,B,117,313.94,130.62,89.0,65.45,918.96,116.6,normal,1,0
2025-03-16,C,118,531.84,169.63,144.43,53.17,899.07,76.7,normal,0,0
2025-03-16,D,119,368.25,131.86,130.7,63.72,694.53,58.21,normal,0,0
2025-03-16,A,120,246.21,108.09,85.94,67.75,508.0,52.9,saver,0,0
2025-03-16,B,121,804.88,325.37,230.0,166.15,2728.86,146.75,heavy,0,1
2025-03-16,C,122,344.24,116.92,113.99,72.38,647.53,43.88,normal,0,0
2025-03-16,D,123,223.05,75.78,86.4,59.98,445.21,46.35,saver,0,0
2025-03-16,A,124,348.83,127.33,74.16,73.59,623.9,51.6,normal,0,0
2025-03-16,B,125,684.52,201.13,199.63,132.98,1218.26,122.14,heavy,0,0
2025-03-16,C,126,268.66,121.79,68.21,42.45,501.1,37.08,normal,0,0
2025-03-16,D,127,527.96,212.72,140.58,112.0,1688.48,96.39,heavy,0,1
2025-03-16,A,128,348.27,173.12,139.86,50.74,711.99,84.09,normal,0,0
2025-03-16,B,129,302.27,120.03,57.9,65.92,982.87,87.09,normal,1,0
2025-03-16,C,130,307.44,145.03,122.2,72.13,646.81,44.97,normal,0,0
2025-03-16,D,131,271.41,144.24,74.38,58.99,549.03,37.4,normal,0,0
2025-03-16,A,132,370.87,133.54,141.96,78.66,1201.52,79.15,normal,0,1
2025-03-16,B,133,707.35,294.3,134.22,171.96,1307.84,98.11,heavy,0,0
2025-03-16,C,134,534.14,209.68,170.54,67.63,981.99,114.03,heavy,0,0
2025-03-16,D,135,452.85,158.05,124.22,57.9,793.02,58.34,normal,0,0
2025-03-16,A,136,283.5,130.0,79.25,50.92,543.66,44.95,normal,0,0
2025-03-16,B,137,463.79,179.19,94.66,69.59,807.24,70.55,normal,0,0
2025-03-16,C,138,389.15,126.86,100.75,53.35,670.11,73.91,normal,0,0
2025-03-16,D,139,306.07,130.24,84.98,49.79,571.07,44.29,normal,0,0
2025-03-16,A,140,423.07,162.96,169.48,44.72,800.24,68.54,normal,0,0
2025-03-16,B,141,254.12,104.78,93.98,35.63,488.51,35.46,normal,0,0
2025-03-16,C,142,355.16,113.15,113.94,64.53,646.78,45.95,normal,0,0
2025-03-16,D,143,606.55,227.67,207.09,148.26,1189.56,88.38,heavy,0,0
2025-03-16,A,144,383.42,142.39,146.21,72.2,744.22,62.09,normal,0,0
2025-03-16,B,145,306.49,88.47,64.27,28.67,487.9,45.81,normal,0,0
2025-03-16,C,146,227.39,126.28,76.27,48.03,477.97,36.05,normal,0,0
2025-03-16,D,147,644.74,193.66,215.4,143.44,1197.23,121.27,heavy,0,0
2025-03-16,A,148,301.26,121.99,100.9,72.9,597.04,40.26,normal,0,0
2025-03-16,B,149,360.54,157.76,120.06,105.71,744.07,69.69,normal,0,0
2025-03-16,C,150,214.29,116.93,61.39,54.24,446.85,39.07,normal,0,0
2025-03-16,D,151,266.05,125.54,68.17,49.54,906.73,41.63,normal,0,1
2025-03-16,A,152,271.84,121.55,82.71,31.88,507.98,54.2,normal,0,0
2025-03-16,B,153,631.12,221.11,198.12,127.09,1177.44,105.8,heavy,0,0
2025-03-16,C,154,385.2,138.14,96.66,48.83,668.83,50.31,normal,0,0
2025-03-16,D,155,306.38,107.81,89.24,46.55,874.77,62.1,normal,0,1
2025-03-16,A,156,464.27,166.44,122.28,119.15,872.15,66.81,normal,0,0
2025-03-16,B,157,292.9,124.45,101.56,33.97,552.88,68.47,normal,0,0
2025-03-16,C,158,253.88,100.55,83.72,28.09,466.24,40.39,normal,0,0
2025-03-16,D,159,209.7,65.55,74.71,23.86,373.82,26.09,saver,0,0
2025-03-16,A,160,424.62,193.99,123.92,90.74,833.26,64.53,heavy,0,0
2025-03-16,B,161,464.67,160.53,113.62,59.36,798.19,95.83,normal,0,0
2025-03-16,C,162,500.11,203.77,109.34,75.51,888.73,60.94,heavy,0,0
2025-03-16,D,163,481.44,157.56,160.07,75.9,1190.54,100.25,heavy,0,1
2025-03-16,A,164,384.48,130.04,148.79,83.61,746.92,68.04,normal,0,0
2025-03-16,B,165,280.64,136.35,92.69,88.75,598.42,40.86,normal,0,0
2025-03-16,C,166,500.75,175.81,215.93,102.54,995.02,97.49,heavy,0,0
2025-03-16,D,167,714.88,301.79,261.82,102.73,1381.21,113.89,heavy,0,0
2025-03-16,A,168,296.47,102.44,88.92,43.18,531.0,46.97,normal,0,0
2025-03-16,B,169,258.57,104.23,84.34,47.07,727.16,50.34,saver,0,1
2025-03-16,C,170,173.78,70.21,61.32,29.91,730.46,46.69,saver,1,0
2025-03-16,D,171,457.53,201.13,162.18,46.48,867.32,86.85,heavy,0,0
2025-03-16,A,172,322.47,177.72,109.73,93.89,703.81,60.26,normal,0,0
2025-03-16,B,173,379.47,185.46,148.98,86.64,800.55,58.06,normal,0,0
2025-03-16,C,174,239.22,92.08,78.57,72.06,481.93,49.63,normal,0,0
2025-03-16,D,175,347.71,204.33,106.81,60.2,719.05,73.12,normal,0,0
2025-03-16,A,176,347.4,119.22,123.69,80.44,1573.0,140.18,normal,1,0
2025-03-16,B,177,728.31,218.57,215.79,72.56,1235.24,115.32,heavy,0,0
2025-03-16,C,178,318.71,139.86,98.86,73.48,630.9,60.02,normal,0,0
2025-03-16,D,179,214.18,109.95,63.05,28.07,415.24,37.36,normal,0,0
2025-03-16,A,180,480.17,258.32,115.67,68.78,922.95,61.81,heavy,0,0
2025-03-17,B,101,314.6,103.45,73.82,91.93,583.8,66.79,normal,0,0
2025-03-17,C,102,178.95,65.16,78.73,37.54,360.39,41.09,normal,0,0
2025-03-17,D,103,299.19,132.49,104.72,75.75,612.15,50.02,normal,0,0
2025-03-17,A,104,349.13,137.94,91.96,55.84,634.88,57.08,normal,0,0
2025-03-17,B,105,439.88,226.8,139.04,122.02,927.74,67.32,heavy,0,0
2025-03-17,C,106,475.86,258.8,160.67,128.2,1023.53,91.12,heavy,0,0
2025-03-17,D,107,161.65,83.5,39.9,46.25,331.29,38.94,saver,0,0
2025-03-17,A,108,515.79,204.34,177.93,73.72,971.79,85.81,heavy,0,0
2025-03-17,B,109,194.16,112.0,91.46,30.82,428.44,32.31,normal,0,0
2025-03-17,C,110,364.1,148.0,99.46,37.05,648.61,43.63,normal,0,0
2025-03-17,D,111,116.98,45.39,43.2,20.94,467.89,43.66,saver,1,0
2025-03-17,A,112,374.88,213.67,137.84,87.58,813.96,57.5,heavy,0,0
2025-03-17,B,113,118.71,45.23,29.91,17.12,210.97,14.09,saver,0,0
2025-03-17,C,114,492.0,152.65,166.29,121.25,932.2,64.66,heavy,0,0
2025-03-17,D,115,592.65,237.05,204.86,76.54,1111.09,101.95,heavy,0,0
2025-03-17,A,116,559.73,196.29,161.06,106.35,1023.43,110.97,heavy,0,0
2025-03-17,B,117,350.03,130.88,100.28,86.49,667.67,55.69,heavy,0,0
2025-03-17,C,118,324.92,167.46,106.19,93.16,691.72,85.89,heavy,0,0
2025-03-17,D,119,226.67,85.95,67.96,22.12,402.7,37.51,saver,0,0
2025-03-17,A,120,410.89,120.87,127.87,46.64,706.27,54.34,heavy,0,0
2025-03-17,B,121,206.26,109.53,65.99,43.26,425.03,34.26,normal,0,0
2025-03-17,C,122,274.69,96.16,112.49,92.9,576.24,39.51,normal,0,0
2025-03-17,D,123,184.63,70.45,43.66,33.56,332.31,41.01,saver,0,0
2025-03-17,A,124,273.01,94.81,79.72,64.53,512.07,45.26,normal,0,0
2025-03-17,B,125,597.78,221.32,168.48,104.72,1092.31,110.08,heavy,0,0
2025-03-17,C,126,286.57,112.08,88.41,81.94,569.0,61.25,normal,0,0
2025-03-17,D,127,505.59,208.15,149.92,123.31,986.98,109.93,heavy,0,0
2025-03-17,A,128,301.26,158.75,93.13,74.55,627.68,42.19,normal,0,0
2025-03-17,B,129,192.42,87.72,76.36,34.29,390.79,44.44,saver,0,0
2025-03-17,C,130,285.32,97.15,120.4,43.3,546.18,52.3,normal,0,0
2025-03-17,D,131,492.37,173.31,143.32,99.18,908.19,112.64,heavy,0,0
2025-03-17,A,132,263.59,95.28,68.78,46.05,473.7,44.67,normal,0,0
2025-03-17,B,133,399.75,178.85,158.97,93.52,831.09,98.11,heavy,0,0
2025-03-17,C,134,555.87,175.79,114.4,99.63,1674.23,88.34,heavy,0,1
2025-03-17,D,135,255.77,83.03,71.73,34.53,445.06,38.48,normal,0,0
2025-03-17,A,136,186.71,101.97,63.78,59.0,411.46,29.71,normal,0,0
2025-03-17,B,137,531.36,153.44,148.01,54.96,887.77,88.27,heavy,0,0
2025-03-17,C,138,189.84,88.68,79.1,27.15,384.77,28.76,saver,0,0
2025-03-17,D,139,123.69,51.93,52.64,36.99,265.26,21.08,saver,0,0
2025-03-17,A,140,176.07,55.19,47.48,26.75,305.48,36.89,saver,0,0
2025-03-17,B,141,271.97,117.79,76.64,61.51,527.9,38.92,normal,0,0
2025-03-17,C,142,457.45,166.32,144.13,70.09,837.99,63.41,heavy,0,0
2025-03-17,D,143,536.11,184.36,117.21,150.37,988.06,82.74,heavy,0,0
2025-03-17,A,144,373.67,136.33,79.62,48.43,638.05,77.98,normal,0,0
2025-03-17,B,145,223.55,102.52,47.65,40.23,413.95,27.98,saver,0,0
2025-03-17,C,146,196.4,74.07,68.27,54.69,393.42,42.34,normal,0,0
2025-03-17,D,147,390.86,190.53,170.58,118.86,870.83,101.17,heavy,0,0
2025-03-17,A,148,396.88,122.88,118.12,39.62,677.5,48.09,normal,0,0
2025-03-17,B,149,389.47,186.63,86.24,113.91,776.25,85.48,heavy,0,0
2025-03-17,C,150,355.83,107.67,76.99,82.5,622.98,46.65,normal,0,0
2025-03-17,D,151,636.5,230.8,195.16,131.15,1193.61,98.16,heavy,0,0
2025-03-17,A,152,287.56,97.31,90.91,71.62,547.4,64.59,normal,0,0
2025-03-17,B,153,472.07,167.29,135.21,124.06,1616.13,99.19,heavy,0,1
2025-03-17,C,154,595.34,215.14,124.71,113.49,2439.18,206.6,heavy,1,0
2025-03-17,D,155,278.32,91.49,71.79,42.29,483.88,33.04,normal,0,0
2025-03-17,A,156,301.27,155.79,88.18,73.25,998.0,55.13,normal,0,1
2025-03-17,B,157,353.11,107.81,90.44,86.19,637.54,56.94,normal,0,0
2025-03-17,C,158,279.37,114.3,87.07,30.59,511.33,55.34,normal,0,0
2025-03-17,D,159,288.89,96.09,56.3,77.14,518.41,41.48,normal,0,0
2025-03-17,A,160,558.13,208.29,172.59,87.86,1026.87,71.64,heavy,0,0
2025-03-17,B,161,237.59,113.14,89.64,70.3,510.66,34.56,normal,0,0
2025-03-17,C,162,294.76,131.84,99.11,88.62,614.33,58.71,normal,0,0
2025-03-17,D,163,501.48,150.95,100.15,112.41,864.99,71.62,heavy,0,0
2025-03-17,A,164,261.27,148.77,99.34,69.5,578.89,57.44,normal,0,0
2025-03-17,B,165,522.41,247.34,150.17,125.95,1045.87,87.36,heavy,0,0
2025-03-17,C,166,417.57,152.01,122.59,57.72,749.88,82.95,heavy,0,0
2025-03-17,D,167,288.62,114.06,123.95,82.22,608.86,55.51,normal,0,0
2025-03-17,A,168,398.3,118.73,134.38,80.17,731.57,71.58,heavy,0,0
2025-03-17,B,169,185.73,73.21,77.85,45.57,382.36,32.43,normal,0,0
2025-03-17,C,170,243.71,110.07,84.9,32.43,471.11,32.69,normal,0,0
2025-03-17,D,171,236.08,91.09,108.7,61.55,497.42,53.95,normal,0,0
2025-03-17,A,172,292.19,120.98,105.18,30.03,548.37,38.55,normal,0,0
2025-03-17,B,173,393.95,141.82,81.65,101.19,718.6,61.19,normal,0,0
2025-03-17,C,174,310.06,129.85,85.37,57.21,582.5,45.55,normal,0,0
2025-03-17,D,175,478.18,158.24,159.32,59.52,1216.89,59.43,heavy,0,1
2025-03-17,A,176,430.06,133.34,78.16,93.08,734.64,68.65,heavy,0,0
2025-03-17,B,177,365.31,150.72,115.72,87.96,1130.96,62.69,heavy,0,1
2025-03-17,C,178,189.55,94.38,78.45,60.47,422.86,40.84,normal,0,0
2025-03-17,D,179,340.36,154.99,81.96,81.57,658.88,76.16,normal,0,0
2025-03-17,A,180,321.82,156.36,90.35,107.4,1090.26,47.0,heavy,0,1
2025-03-18,B,101,411.1,148.76,112.49,94.72,767.06,60.53,heavy,0,0
2025-03-18,C,102,410.09,129.99,90.57,73.47,1105.21,91.83,normal,1,0
2025-03-18,D,103,383.37,105.92,91.56,61.53,642.39,49.36,normal,0,0
2025-03-18,A,104,171.23,65.9,47.15,29.75,314.03,23.82,normal,0,0
2025-03-18,B,105,178.93,69.13,60.58,30.61,339.25,29.95,normal,0,0
2025-03-18,C,106,187.91,59.15,64.38,29.2,792.62,36.12,saver,1,0
2025-03-18,D,107,469.38,169.58,102.12,119.5,860.58,62.36,heavy,0,0
2025-03-18,A,108,191.9,64.34,59.05,36.43,351.72,27.82,normal,0,0
2025-03-18,B,109,249.76,71.78,60.32,57.13,438.99,52.89,normal,0,0
2025-03-18,C,110,331.53,85.95,60.79,39.31,517.58,48.4,normal,0,0
2025-03-18,D,111,159.67,61.84,36.1,31.65,289.26,29.57,saver,0,0
2025-03-18,A,112,185.2,98.09,49.27,36.63,369.18,31.06,saver,0,0
2025-03-18,B,113,457.46,216.33,100.17,107.7,881.67,106.74,heavy,0,0
2025-03-18,C,114,240.83,89.16,48.91,38.08,416.98,49.35,normal,0,0
2025-03-18,D,115,304.25,126.81,91.97,76.95,599.98,47.02,normal,0,0
2025-03-18,A,116,198.89,86.28,79.2,23.2,1323.52,68.97,saver,1,1
2025-03-18,B,117,258.08,74.41,69.91,36.36,438.77,33.35,normal,0,0
2025-03-18,C,118,274.71,98.5,80.33,31.8,485.34,48.61,normal,0,0
2025-03-18,D,119,212.97,104.97,57.76,67.92,869.14,58.65,normal,1,0
2025-03-18,A,120,561.6,211.45,157.07,93.93,1024.05,98.52,heavy,0,0
2025-03-18,B,121,309.97,108.54,106.52,83.58,608.61,53.9,normal,0,0
2025-03-18,C,122,155.22,70.87,48.99,33.9,490.72,32.7,saver,0,1
2025-03-18,D,123,229.35,74.66,59.62,27.88,701.33,53.82,saver,1,0
2025-03-18,A,124,263.22,123.31,95.48,78.95,560.96,50.7,normal,0,0
2025-03-18,B,125,324.5,85.11,66.49,74.38,550.48,41.84,normal,0,0
2025-03-18,C,126,225.46,95.78,46.96,21.18,506.66,43.5,normal,0,1
2025-03-18,D,127,409.57,165.53,85.05,85.32,1073.63,87.3,heavy,0,1
2025-03-18,A,128,509.29,194.97,120.04,80.39,904.69,100.38,heavy,0,0
2025-03-18,B,129,306.81,83.79,63.37,80.96,534.93,58.86,normal,0,0
2025-03-18,C,130,286.56,126.43,58.79,75.39,547.17,40.74,normal,0,0
2025-03-18,D,131,176.55,81.92,65.74,25.49,349.7,41.96,saver,0,0
2025-03-18,A,132,255.8,119.42,99.03,33.48,507.74,40.08,normal,0,0
2025-03-18,B,133,567.54,151.39,153.18,95.64,967.75,69.9,heavy,0,0
2025-03-18,C,134,147.94,53.67,66.39,48.92,316.91,35.2,saver,0,0
2025-03-18,D,135,232.39,69.19,54.24,38.91,394.73,28.37,normal,0,0
2025-03-18,A,136,221.6,76.45,63.82,28.05,866.82,82.48,normal,1,0
2025-03-18,B,137,258.26,120.41,85.36,72.03,536.07,61.94,normal,0,0
2025-03-18,C,138,538.17,220.17,108.83,104.39,971.56,83.12,heavy,0,0
2025-03-18,D,139,303.2,123.89,85.72,64.21,1244.63,75.32,normal,1,0
2025-03-18,A,140,549.04,153.97,186.19,99.24,1681.11,84.98,heavy,0,1
2025-03-18,B,141,318.27,154.76,67.31,55.86,596.21,54.16,normal,0,0
2025-03-18,C,142,184.23,77.9,79.54,35.73,637.53,36.68,normal,0,1
2025-03-18,D,143,370.16,120.32,132.67,77.87,701.02,48.84,heavy,0,0
2025-03-18,A,144,384.13,113.95,102.99,37.28,1013.79,98.5,normal,1,0
2025-03-18,B,145,166.01,67.88,46.66,22.03,302.59,28.62,saver,0,0
2025-03-18,C,146,292.96,90.32,65.17,46.76,495.21,47.91,normal,0,0
2025-03-18,D,147,376.54,145.72,101.04,72.72,696.03,57.34,heavy,0,0
2025-03-18,A,148,237.18,84.56,94.9,68.07,842.36,39.23,normal,0,1
2025-03-18,B,149,196.76,85.22,82.52,41.18,405.68,35.91,normal,0,0
2025-03-18,C,150,176.96,85.62,71.11,52.68,386.37,27.87,normal,0,0
2025-03-18,D,151,572.42,162.32,119.7,156.7,1011.14,80.53,heavy,0,0
2025-03-18,A,152,263.74,96.05,85.29,56.06,501.13,48.09,normal,0,0
2025-03-18,B,153,385.15,169.77,148.08,48.2,751.2,50.82,heavy,0,0
2025-03-18,C,154,299.61,102.27,80.55,52.94,535.38,50.96,normal,0,0
2025-03-18,D,155,243.65,97.71,79.96,44.97,466.29,33.6,normal,0,0
2025-03-18,A,156,217.53,98.07,89.78,44.35,449.73,35.01,normal,0,0
2025-03-18,B,157,273.61,126.78,101.43,68.59,570.4,48.71,normal,0,0
2025-03-18,C,158,372.29,165.62,70.81,72.54,681.27,55.72,normal,0,0
2025-03-18,D,159,337.73,155.57,135.11,91.97,720.38,49.63,heavy,0,0
2025-03-18,A,160,325.45,98.29,71.09,65.83,560.66,41.21,normal,0,0
2025-03-18,B,161,130.57,55.18,35.52,21.98,243.27,26.67,saver,0,0
2025-03-18,C,162,567.26,163.92,169.3,141.71,1641.06,102.16,heavy,0,1
2025-03-18,D,163,257.94,127.32,111.47,59.69,944.53,42.54,normal,0,1
2025-03-18,A,164,476.42,173.56,107.53,126.75,884.25,92.38,heavy,0,0
2025-03-18,B,165,166.24,59.08,43.67,48.12,317.11,29.16,saver,0,0
2025-03-18,C,166,336.66,131.48,96.29,91.09,655.52,45.04,normal,0,0
2025-03-18,D,167,268.91,114.08,72.73,51.95,714.68,34.53,normal,0,1
2025-03-18,A,168,286.66,109.95,54.36,58.24,509.21,41.24,normal,0,0
2025-03-18,B,169,145.9,48.14,44.58,24.02,262.65,24.9,saver,0,0
2025-03-18,C,170,434.52,194.9,131.93,76.38,837.72,81.74,heavy,0,0
2025-03-18,D,171,469.79,236.56,106.67,72.69,885.71,76.34,heavy,0,0
2025-03-18,A,172,204.43,96.3,51.63,34.42,386.78,36.93,normal,0,0
2025-03-18,B,173,192.33,73.22,78.97,57.56,402.08,36.69,normal,0,0
2025-03-18,C,174,133.24,70.28,56.77,43.35,303.63,21.27,saver,0,0
2025-03-18,D,175,436.66,136.86,78.12,62.7,714.34,48.52,heavy,0,0
2025-03-18,A,176,336.74,122.17,124.66,71.3,654.87,68.43,normal,0,0
2025-03-18,B,177,239.07,114.49,52.5,58.41,464.47,38.62,normal,0,0
2025-03-18,C,178,185.81,83.57,81.17,21.51,605.94,32.59,normal,0,1
2025-03-18,D,179,390.26,131.6,102.25,91.97,716.07,84.34,heavy,0,0
2025-03-18,A,180,202.24,97.81,46.26,57.25,403.56,31.32,saver,0,0
2025-03-19,B,101,258.49,99.61,95.98,40.27,1003.58,107.59,normal,1,1
2025-03-19,C,102,239.35,72.08,47.86,37.56,396.85,47.11,saver,0,0
2025-03-19,D,103,155.23,74.5,37.74,35.56,303.03,23.32,saver,0,0
2025-03-19,A,104,221.8,112.73,99.22,61.15,494.91,59.44,normal,0,0
2025-03-19,B,105,289.33,160.72,133.82,56.14,640.01,42.89,normal,0,0
2025-03-19,C,106,267.7,121.35,97.49,39.78,526.31,44.8,normal,0,0
2025-03-19,D,107,134.91,47.32,26.28,35.87,244.38,22.21,saver,0,0
2025-03-19,A,108,213.6,87.36,76.19,68.92,446.06,49.14,normal,0,0
2025-03-19,B,109,311.2,112.89,89.54,75.48,589.11,47.63,normal,0,0
2025-03-19,C,110,350.13,146.29,113.24,49.69,659.35,59.05,heavy,0,0
2025-03-19,D,111,284.84,124.71,65.48,43.92,518.94,40.38,normal,0,0
2025-03-19,A,112,216.5,85.37,77.28,37.92,417.06,46.33,normal,0,0
2025-03-19,B,113,417.35,119.04,104.4,68.61,709.41,57.32,heavy,0,0
2025-03-19,C,114,368.28,134.69,124.77,77.48,705.22,51.9,normal,0,0
2025-03-19,D,115,362.47,141.92,85.15,88.51,678.06,50.4,normal,0,0
2025-03-19,A,116,399.71,130.29,87.19,55.72,672.9,50.4,heavy,0,0
2025-03-19,B,117,303.16,150.91,116.45,51.46,621.97,60.41,normal,0,0
2025-03-19,C,118,291.95,109.94,74.18,33.29,509.37,51.12,normal,0,0
2025-03-19,D,119,241.41,117.09,64.52,25.44,448.47,42.56,normal,0,0
2025-03-19,A,120,406.33,159.55,115.2,75.13,756.21,78.99,normal,0,0
2025-03-19,B,121,253.82,116.21,93.19,62.3,525.51,55.25,normal,0,0
2025-03-19,C,122,420.57,232.77,128.24,135.73,917.31,66.33,heavy,0,0
2025-03-19,D,123,241.04,111.01,79.29,28.0,692.72,35.43,normal,0,1
2025-03-19,A,124,210.91,106.03,67.9,65.48,772.38,40.02,normal,0,1
2025-03-19,B,125,240.5,91.48,105.46,81.47,801.85,65.62,normal,1,0
2025-03-19,C,126,532.98,253.65,201.21,69.66,1057.5,99.4,heavy,0,0
2025-03-19,D,127,232.3,72.27,85.69,55.78,666.71,35.55,normal,0,1
2025-03-19,A,128,303.21,133.79,69.51,46.49,553.0,51.48,normal,0,0
2025-03-19,B,129,199.72,88.97,44.37,32.28,365.34,38.07,normal,0,0
2025-03-19,C,130,270.03,112.1,102.75,43.64,691.84,64.15,normal,0,1
2025-03-19,D,131,327.54,147.98,131.62,89.16,696.3,71.38,normal,0,0
2025-03-19,A,132,213.72,109.27,90.32,38.88,452.19,33.09,normal,0,0
2025-03-19,B,133,178.81,93.02,78.59,38.5,388.92,28.26,normal,0,0
2025-03-19,C,134,382.9,146.34,123.13,74.51,726.87,52.39,normal,0,0
2025-03-19,D,135,463.48,149.2,183.45,137.82,933.95,83.86,heavy,0,0
2025-03-19,A,136,193.68,103.03,59.58,47.66,403.95,49.9,normal,0,0
2025-03-19,B,137,166.33,64.75,44.54,43.35,318.98,23.49,saver,0,0
2025-03-19,C,138,345.53,163.43,135.12,102.28,746.36,75.99,normal,0,0
2025-03-19,D,139,250.93,137.62,78.89,36.52,1147.99,99.43,normal,1,0
2025-03-19,A,140,209.89,86.93,71.11,25.97,393.9,31.27,saver,0,0
2025-03-19,B,141,222.06,107.67,70.52,51.95,452.21,40.08,normal,0,0
2025-03-19,C,142,236.3,114.79,92.47,42.68,1099.44,97.98,normal,1,0
2025-03-19,D,143,315.42,121.0,98.5,38.06,572.98,45.77,normal,0,0
2025-03-19,A,144,216.25,114.83,80.29,45.85,457.22,33.27,normal,0,0
2025-03-19,B,145,302.33,114.4,98.61,42.43,557.77,42.14,normal,0,0
2025-03-19,C,146,121.22,54.16,37.26,36.72,249.35,19.13,saver,0,0
2025-03-19,D,147,225.39,116.39,91.87,61.95,495.6,36.1,normal,0,0
2025-03-19,A,148,311.84,99.88,103.75,39.09,554.56,37.77,normal,0,0
2025-03-19,B,149,342.76,122.79,117.21,81.23,663.98,73.72,normal,0,0
2025-03-19,C,150,234.63,88.06,60.81,28.82,412.31,33.91,normal,0,0
2025-03-19,D,151,285.63,98.01,84.12,38.74,506.49,62.68,normal,0,0
2025-03-19,A,152,348.5,145.73,123.11,46.62,663.95,77.81,heavy,0,0
2025-03-19,B,153,317.59,130.9,59.17,47.01,554.67,60.29,normal,0,0
2025-03-19,C,154,496.48,171.4,148.66,104.38,920.93,85.34,heavy,0,0
2025-03-19,D,155,532.39,223.48,113.45,122.24,991.56,105.94,heavy,0,0
2025-03-19,A,156,438.2,129.2,112.34,63.23,742.97,68.86,heavy,0,0
2025-03-19,B,157,379.63,154.66,128.49,62.5,725.27,54.46,normal,0,0
2025-03-19,C,158,216.77,88.07,46.92,28.18,379.94,25.54,normal,0,0
2025-03-19,D,159,207.83,72.38,68.05,53.59,401.84,34.97,normal,0,0
2025-03-19,A,160,304.02,134.4,63.9,86.29,588.6,51.18,normal,0,0
2025-03-19,B,161,191.35,117.1,69.03,66.82,444.29,41.54,normal,0,0
2025-03-19,C,162,200.61,101.56,59.56,55.68,417.4,48.49,normal,0,0
2025-03-19,D,163,474.15,153.51,133.94,104.7,866.3,69.53,heavy,0,0
2025-03-19,A,164,272.12,82.04,57.86,61.54,473.57,41.4,normal,0,0
2025-03-19,B,165,145.99,49.09,35.27,37.6,267.94,23.34,saver,0,0
2025-03-19,C,166,233.46,82.49,77.9,21.91,415.76,39.55,normal,0,0
2025-03-19,D,167,253.6,129.04,115.14,44.87,542.65,37.55,normal,0,0
2025-03-19,A,168,235.98,99.14,82.37,55.81,473.31,37.29,saver,0,0
2025-03-19,B,169,226.78,95.46,49.46,26.75,398.45,28.55,normal,0,0
2025-03-19,C,170,206.37,91.91,65.73,29.16,393.18,47.89,saver,0,0
2025-03-19,D,171,321.83,130.85,104.08,40.99,1254.76,65.22,normal,1,0
2025-03-19,A,172,224.51,108.03,78.96,56.56,468.06,35.75,normal,0,0
2025-03-19,B,173,193.43,87.16,53.69,27.23,361.51,24.64,normal,0,0
2025-03-19,C,174,259.47,82.68,64.75,32.11,439.02,41.87,normal,0,0
2025-03-19,D,175,210.09,112.83,54.46,71.66,1113.47,47.82,normal,1,0
2025-03-19,A,176,290.82,150.44,97.17,46.82,585.25,60.68,normal,0,0
2025-03-19,B,177,271.56,110.61,81.59,42.74,506.49,40.78,normal,0,0
2025-03-19,C,178,175.03,79.1,75.31,37.06,366.5,36.57,saver,0,0
2025-03-19,D,179,323.15,149.05,113.77,50.8,636.77,68.97,normal,0,0
2025-03-19,A,180,164.81,47.34,37.62,34.39,284.16,21.87,saver,0,0
2025-03-20,B,101,129.95,66.23,30.23,26.3,252.72,17.19,saver,0,0
2025-03-20,C,102,236.07,83.11,51.65,54.91,425.74,50.97,normal,0,0
2025-03-20,D,103,421.69,174.05,75.78,57.73,729.24,74.99,heavy,0,0
2025-03-20,A,104,384.43,129.02,115.53,38.7,667.68,62.0,normal,0,0
2025-03-20,B,105,288.35,109.69,91.38,55.3,544.72,37.07,normal,0,0
2025-03-20,C,106,385.26,181.3,125.53,118.81,1105.67,66.83,heavy,0,1
2025-03-20,D,107,309.05,111.09,93.08,46.95,560.17,66.54,normal,0,0
2025-03-20,A,108,233.28,99.48,53.19,62.23,448.18,54.46,normal,0,0
2025-03-20,B,109,238.05,81.9,58.54,27.5,405.98,33.38,normal,0,0
2025-03-20,C,110,178.29,72.45,81.48,60.32,392.55,41.7,normal,0,0
2025-03-20,D,111,352.75,126.2,85.75,41.85,606.55,44.36,normal,0,0
2025-03-20,A,112,274.48,128.46,103.5,64.62,571.06,44.42,normal,0,0
2025-03-20,B,113,254.63,79.99,85.8,52.8,473.23,35.74,normal,0,0
2025-03-20,C,114,547.54,207.61,206.03,101.8,1062.99,80.97,heavy,0,0
2025-03-20,D,115,266.58,143.83,78.23,79.59,568.22,54.99,normal,0,0
2025-03-20,A,116,311.69,141.22,75.36,53.75,582.02,53.05,normal,0,0
2025-03-20,B,117,263.15,75.69,78.6,56.92,474.36,52.26,normal,0,0
2025-03-20,C,118,255.61,142.26,87.65,62.87,548.39,59.85,normal,0,0
2025-03-20,D,119,587.41,224.69,175.33,75.82,2495.37,163.75,heavy,1,0
2025-03-20,A,120,344.9,149.57,137.31,96.0,727.78,51.52,normal,0,0
2025-03-20,B,121,310.8,123.96,96.1,47.04,577.9,44.82,normal,0,0
2025-03-20,C,122,227.48,109.4,98.52,49.89,485.29,44.73,normal,0,0
2025-03-20,D,123,317.47,137.44,89.13,49.85,593.89,54.25,normal,0,0
2025-03-20,A,124,485.35,200.63,155.54,88.12,929.63,85.4,heavy,0,0
2025-03-20,B,125,504.17,205.28,162.12,116.27,987.83,71.34,heavy,0,0
2025-03-20,C,126,540.79,154.98,148.72,130.01,974.51,102.05,heavy,0,0
2025-03-20,D,127,323.2,86.8,83.97,31.44,525.41,44.69,normal,0,0
2025-03-20,A,128,503.97,184.12,133.79,117.13,939.01,109.56,heavy,0,0
2025-03-20,B,129,179.96,88.16,52.3,60.37,380.78,38.47,saver,0,0
2025-03-20,C,130,298.34,123.52,78.57,74.35,574.78,45.44,normal,0,0
2025-03-20,D,131,358.18,190.08,138.4,122.45,1586.52,123.17,heavy,1,0
2025-03-20,A,132,336.28,115.48,71.76,81.86,605.38,44.59,normal,0,0
2025-03-20,B,133,291.38,128.39,72.4,95.09,905.72,75.39,normal,1,0
2025-03-20,C,134,491.33,217.65,163.55,75.88,948.4,101.44,heavy,0,0
2025-03-20,D,135,178.31,62.16,49.52,17.04,307.03,26.73,saver,0,0
2025-03-20,A,136,380.76,138.78,134.59,87.4,741.53,52.22,heavy,0,0
2025-03-20,B,137,382.61,186.46,101.28,133.84,804.19,63.93,heavy,0,0
2025-03-20,C,138,255.04,85.83,100.38,48.45,489.7,54.85,normal,0,0
2025-03-20,D,139,129.76,43.56,49.51,34.67,257.5,21.16,saver,0,0
2025-03-20,A,140,391.95,103.33,95.95,91.65,682.88,69.97,normal,0,0
2025-03-20,B,141,246.95,79.8,87.73,36.56,678.84,46.76,normal,0,1
2025-03-20,C,142,227.36,120.75,92.21,29.23,469.55,32.26,normal,0,0
2025-03-20,D,143,214.53,83.9,84.18,43.2,425.8,43.48,normal,0,0
2025-03-20,A,144,256.89,92.76,98.95,47.2,688.05,56.99,normal,0,1
2025-03-20,B,145,392.97,188.78,150.44,112.16,844.35,71.31,heavy,0,0
2025-03-20,C,146,397.09,129.6,95.96,70.4,693.06,49.72,heavy,0,0
2025-03-20,D,147,349.09,136.11,67.64,53.57,606.41,70.81,normal,0,0
2025-03-20,A,148,306.91,145.71,95.62,86.74,634.98,52.31,heavy,0,0
2025-03-20,B,149,222.0,77.36,51.12,46.48,396.96,39.4,normal,0,0
2025-03-20,C,150,242.26,121.3,92.93,29.3,485.79,32.6,normal,0,0
2025-03-20,D,151,163.11,79.31,38.98,30.34,311.74,25.38,saver,0,0
2025-03-20,A,152,309.78,138.04,86.1,90.74,624.66,75.41,normal,0,0
2025-03-20,B,153,325.82,160.75,104.42,56.37,647.36,50.97,normal,0,0
2025-03-20,C,154,204.73,112.48,48.46,57.94,423.61,48.48,normal,0,0
2025-03-20,D,155,511.74,215.32,111.87,74.62,913.55,99.5,heavy,0,0
2025-03-20,A,156,157.93,61.56,69.13,28.38,317.01,28.92,saver,0,0
2025-03-20,B,157,134.63,63.21,41.06,19.03,257.93,23.68,saver,0,0
2025-03-20,C,158,211.85,68.69,72.67,24.35,377.56,40.42,normal,0,0
2025-03-20,D,159,149.87,65.53,36.55,39.54,291.49,21.51,saver,0,0
2025-03-20,A,160,308.58,121.88,97.36,41.99,569.81,53.9,normal,0,0
2025-03-20,B,161,332.66,143.44,74.17,94.0,1114.51,53.32,normal,0,1
2025-03-20,C,162,183.76,82.32,85.11,28.97,380.17,28.09,normal,0,0
2025-03-20,D,163,209.85,77.19,42.05,47.23,755.64,55.61,saver,1,0
2025-03-20,A,164,308.35,91.83,86.16,65.73,552.06,42.46,normal,0,0
2025-03-20,B,165,124.09,53.17,43.04,14.11,234.4,15.93,saver,0,0
2025-03-20,C,166,205.29,52.58,46.87,33.79,338.53,25.11,saver,0,0
2025-03-20,D,167,242.7,90.49,94.52,46.86,474.58,31.64,normal,0,0
2025-03-20,A,168,364.11,166.73,111.23,60.53,702.6,75.3,heavy,0,0
2025-03-20,B,169,323.34,106.11,60.46,58.7,548.62,45.65,normal,0,0
2025-03-20,C,170,236.3,98.71,85.94,46.21,467.15,46.94,normal,0,0
2025-03-20,D,171,300.91,148.7,113.61,91.64,654.86,49.43,normal,0,0
2025-03-20,A,172,232.9,89.07,71.28,28.75,714.87,51.85,normal,0,1
2025-03-20,B,173,371.33,121.38,119.87,78.68,691.26,48.22,normal,0,0
2025-03-20,C,174,339.5,106.37,121.38,45.52,612.77,57.76,normal,0,0
2025-03-20,D,175,463.4,217.05,159.68,70.27,1898.34,171.93,heavy,1,0
2025-03-20,A,176,336.75,145.11,101.73,33.95,617.54,49.84,normal,0,0
2025-03-20,B,177,237.22,100.1,57.51,27.04,421.86,33.03,normal,0,0
2025-03-20,C,178,298.86,117.72,109.4,40.08,973.0,59.82,normal,0,1
2025-03-20,D,179,388.6,114.74,132.89,57.81,694.04,67.63,normal,0,0
2025-03-20,A,180,362.53,149.39,121.01,33.46,666.39,63.71,normal,0,0
2025-03-21,B,101,165.52,70.49,35.65,14.69,286.36,21.73,saver,0,0
2025-03-21,C,102,348.86,137.4,82.54,41.94,610.74,51.02,normal,0,0
2025-03-21,D,103,515.66,170.29,131.13,109.95,927.02,90.76,heavy,0,0
2025-03-21,A,104,263.26,141.36,66.71,84.35,555.67,45.78,normal,0,0
2025-03-21,B,105,352.45,175.97,152.4,105.61,786.43,59.02,heavy,0,0
2025-03-21,C,106,309.15,164.26,129.33,79.28,682.02,52.6,normal,0,0
2025-03-21,D,107,301.19,137.16,82.79,63.56,1342.96,90.01,normal,1,0
2025-03-21,A,108,322.69,141.34,105.05,37.78,606.86,58.15,normal,0,0
2025-03-21,B,109,176.06,89.86,46.38,45.68,357.99,25.43,normal,0,0
2025-03-21,C,110,114.56,45.25,49.78,23.84,233.42,25.8,saver,0,0
2025-03-21,D,111,406.07,174.87,143.04,46.49,770.48,70.85,heavy,0,0
2025-03-21,A,112,310.61,117.57,92.77,51.16,572.11,59.13,normal,0,0
2025-03-21,B,113,200.31,107.3,48.46,24.25,380.32,42.59,normal,0,0
2025-03-21,C,114,446.01,152.63,95.21,101.71,1357.89,58.54,heavy,0,1
2025-03-21,D,115,257.6,107.83,64.06,57.9,487.39,45.67,normal,0,0
2025-03-21,A,116,287.02,83.52,83.76,59.96,514.26,53.37,normal,0,0
2025-03-21,B,117,519.86,204.63,111.32,79.97,915.79,94.3,heavy,0,0
2025-03-21,C,118,488.74,153.07,119.96,63.6,825.38,64.7,heavy,0,0
2025-03-21,D,119,186.65,96.33,46.09,31.81,360.88,31.24,normal,0,0
2025-03-21,A,120,500.73,168.23,165.48,129.29,963.73,68.35,heavy,0,0
2025-03-21,B,121,250.76,66.61,43.46,42.38,403.21,40.72,saver,0,0
2025-03-21,C,122,212.67,97.9,69.4,54.64,434.62,39.94,saver,0,0
2025-03-21,D,123,433.44,155.09,115.97,49.08,753.59,69.13,heavy,0,0
2025-03-21,A,124,280.21,132.95,66.54,46.35,526.06,49.08,normal,0,0
2025-03-21,B,125,241.35,84.2,63.06,56.82,445.43,32.2,normal,0,0
2025-03-21,C,126,303.59,147.66,128.51,73.15,922.78,46.54,normal,0,1
2025-03-21,D,127,237.04,117.99,53.45,39.46,670.81,39.75,normal,0,1
2025-03-21,A,128,314.04,122.67,71.95,71.48,580.15,39.29,normal,0,0
2025-03-21,B,129,206.05,99.79,86.96,51.73,444.53,30.06,normal,0,0
2025-03-21,C,130,236.41,109.84,56.82,74.82,477.89,40.52,normal,0,0
2025-03-21,D,131,208.59,103.26,72.63,57.1,441.58,41.64,normal,0,0
2025-03-21,A,132,253.84,125.0,96.18,79.0,554.03,43.53,normal,0,0
2025-03-21,B,133,538.89,185.26,100.32,129.18,953.64,65.27,heavy,0,0
2025-03-21,C,134,241.45,73.97,81.15,65.56,462.12,34.59,normal,0,0
2025-03-21,D,135,359.87,212.16,173.51,51.22,1353.76,61.11,heavy,0,1
2025-03-21,A,136,471.85,167.96,113.21,54.27,807.29,82.47,heavy,0,0
2025-03-21,B,137,222.81,117.59,106.59,34.39,747.83,35.41,normal,0,1
2025-03-21,C,138,504.92,138.39,89.5,105.78,838.6,95.89,heavy,0,0
2025-03-21,D,139,342.93,162.84,138.06,61.46,1151.6,78.66,normal,0,1
2025-03-21,A,140,371.28,116.13,140.51,39.94,667.86,58.56,heavy,0,0
2025-03-21,B,141,235.02,117.03,70.44,73.84,496.32,38.29,normal,0,0
2025-03-21,C,142,383.89,132.41,118.5,63.93,698.74,56.36,heavy,0,0
2025-03-21,D,143,262.44,126.27,62.31,64.74,515.76,44.26,normal,0,0
2025-03-21,A,144,319.26,140.21,96.23,89.75,1136.99,44.19,normal,0,1
2025-03-21,B,145,280.64,132.4,89.48,58.46,560.97,54.46,normal,0,0
2025-03-21,C,146,420.54,182.36,145.67,111.54,860.12,93.7,heavy,0,0
2025-03-21,D,147,484.81,191.53,199.05,148.28,1023.67,126.32,heavy,0,0
2025-03-21,A,148,194.66,69.53,55.14,42.61,606.28,27.86,saver,0,1
2025-03-21,B,149,486.43,192.72,156.09,115.46,950.71,93.76,heavy,0,0
2025-03-21,C,150,282.11,115.2,87.15,25.19,509.65,35.86,normal,0,0
2025-03-21,D,151,334.22,87.69,92.61,43.82,558.35,65.07,normal,0,0
2025-03-21,A,152,304.0,141.96,68.29,78.68,592.92,50.69,normal,0,0
2025-03-21,B,153,286.04,144.93,96.61,47.79,575.37,64.25,normal,0,0
2025-03-21,C,154,356.59,110.81,108.52,44.44,620.36,66.52,normal,0,0
2025-03-21,D,155,528.25,185.28,146.37,123.2,983.11,74.42,heavy,0,0
2025-03-21,A,156,311.39,191.36,98.15,67.91,668.81,50.41,heavy,0,0
2025-03-21,B,157,213.7,119.64,88.12,32.98,454.44,42.42,normal,0,0
2025-03-21,C,158,130.59,58.91,52.2,33.74,275.44,26.36,saver,0,0
2025-03-21,D,159,489.8,225.34,117.84,92.04,925.01,77.97,heavy,0,0
2025-03-21,A,160,449.46,176.35,115.54,60.21,801.56,93.21,heavy,0,0
2025-03-21,B,161,270.8,79.59,74.5,48.49,1030.39,82.08,normal,1,0
2025-03-21,C,162,289.61,109.52,70.28,87.49,556.91,38.83,normal,0,0
2025-03-21,D,163,416.77,194.29,172.49,99.08,882.63,84.08,heavy,0,0
2025-03-21,A,164,269.77,126.79,106.15,36.02,538.73,38.16,normal,0,0
2025-03-21,B,165,193.09,98.09,58.53,59.53,409.24,38.95,normal,0,0
2025-03-21,C,166,413.58,213.62,126.5,91.44,845.14,91.04,heavy,0,0
2025-03-21,D,167,478.77,161.61,173.65,74.11,888.14,86.78,heavy,0,0
2025-03-21,A,168,236.3,100.14,72.8,37.08,446.33,43.87,normal,0,0
2025-03-21,B,169,322.42,144.9,111.91,95.71,674.95,50.63,normal,0,0
2025-03-21,C,170,245.37,85.78,95.2,57.19,483.54,55.78,normal,0,0
2025-03-21,D,171,454.79,192.58,206.37,105.95,959.7,101.77,heavy,0,0
2025-03-21,A,172,508.9,232.19,187.05,90.44,2161.36,147.2,heavy,1,0
2025-03-21,B,173,338.52,199.35,125.33,78.88,742.09,50.24,heavy,0,0
2025-03-21,C,174,588.53,249.79,129.31,144.61,1554.17,91.82,heavy,0,1
2025-03-21,D,175,327.53,152.35,82.86,34.35,597.09,39.9,normal,0,0
2025-03-21,A,176,113.13,44.89,27.74,24.86,210.62,19.42,saver,0,0
2025-03-21,B,177,433.55,207.14,90.97,105.85,837.5,56.22,heavy,0,0
2025-03-21,C,178,480.1,259.56,187.48,58.94,986.09,73.01,heavy,0,0
2025-03-21,D,179,272.29,107.96,81.68,40.01,501.94,60.33,normal,0,0
2025-03-21,A,180,265.07,101.18,67.0,30.21,463.46,36.39,normal,0,0
2025-03-22,B,101,660.8,249.25,148.71,178.49,1237.25,124.15,heavy,0,0
2025-03-22,C,102,386.27,174.27,157.43,111.61,829.57,64.26,normal,0,0
2025-03-22,D,103,648.98,259.65,130.82,68.76,1108.21,83.81,heavy,0,0
2025-03-22,A,104,249.92,110.49,81.6,65.65,507.66,41.41,saver,0,0
2025-03-22,B,105,326.66,134.5,87.19,88.1,636.45,42.44,normal,0,0
2025-03-22,C,106,354.02,166.07,96.49,44.88,661.46,69.73,normal,0,0
2025-03-22,D,107,379.36,168.99,117.78,44.08,710.21,66.11,normal,0,0
2025-03-22,A,108,249.77,93.18,45.63,55.24,443.82,29.94,saver,0,0
2025-03-22,B,109,574.8,236.1,120.64,162.7,1862.52,180.97,heavy,1,0
2025-03-22,C,110,644.23,199.66,252.75,111.37,1208.02,128.01,heavy,0,0
2025-03-22,D,111,391.22,120.4,95.44,49.82,656.88,46.23,normal,0,0
2025-03-22,A,112,659.34,285.61,166.97,98.83,1210.74,102.62,heavy,0,0
2025-03-22,B,113,533.14,175.17,189.76,150.01,1048.08,118.42,heavy,0,0
2025-03-22,C,114,323.48,120.66,104.79,44.24,593.16,45.56,normal,0,0
2025-03-22,D,115,244.04,91.2,89.55,76.58,501.38,38.15,saver,0,0
2025-03-22,A,116,471.16,184.91,96.19,136.01,888.27,59.74,heavy,0,0
2025-03-22,B,117,350.94,147.07,136.0,41.44,1127.91,57.2,normal,0,1
2025-03-22,C,118,397.3,105.92,103.67,66.68,673.57,66.22,normal,0,0
2025-03-22,D,119,379.25,121.37,109.96,91.81,702.39,56.86,normal,0,0
2025-03-22,A,120,510.72,190.87,118.67,115.55,935.82,101.27,heavy,0,0
2025-03-22,B,121,340.72,150.14,90.75,59.96,641.57,47.11,normal,0,0
2025-03-22,C,122,675.67,309.95,210.69,81.6,1277.91,85.91,heavy,0,0
2025-03-22,D,123,376.76,138.53,136.41,48.96,700.67,73.96,normal,0,0
2025-03-22,A,124,329.38,102.25,116.19,47.64,595.46,44.95,normal,0,0
2025-03-22,B,125,293.1,142.79,83.66,44.5,564.05,54.46,normal,0,0
2025-03-22,C,126,338.19,147.68,99.37,86.52,671.76,45.92,normal,0,0
2025-03-22,D,127,293.69,128.51,69.06,43.79,535.06,56.52,normal,0,0
2025-03-22,A,128,275.59,146.9,81.75,85.47,589.7,41.32,normal,0,0
2025-03-22,B,129,498.76,200.64,123.38,147.56,970.34,82.73,heavy,0,0
2025-03-22,C,130,516.54,200.79,133.17,150.74,1001.24,109.66,heavy,0,0
2025-03-22,D,131,413.02,169.63,99.72,77.7,760.06,61.22,normal,0,0
2025-03-22,A,132,230.35,66.15,72.81,40.29,588.32,36.78,saver,0,1
2025-03-22,B,133,347.84,185.61,111.24,68.23,712.92,53.17,normal,0,0
2025-03-22,C,134,579.34,231.53,189.01,126.34,1901.64,211.96,heavy,1,0
2025-03-22,D,135,300.05,139.32,119.58,94.77,653.72,69.02,normal,0,0
2025-03-22,A,136,273.02,107.0,106.29,44.79,531.1,47.6,normal,0,0
2025-03-22,B,137,502.93,191.29,105.14,102.88,902.23,89.5,normal,0,0
2025-03-22,C,138,375.74,118.92,99.57,55.05,982.95,102.94,normal,1,0
2025-03-22,D,139,788.75,201.53,163.13,74.88,1228.29,87.72,heavy,0,0
2025-03-22,A,140,475.88,190.19,129.53,134.46,930.06,82.06,heavy,0,0
2025-03-22,B,141,339.07,141.22,95.38,38.6,965.78,103.68,normal,1,0
2025-03-22,C,142,329.2,141.84,79.52,65.4,615.95,51.78,normal,0,0
2025-03-22,D,143,546.8,209.42,167.95,87.23,1011.4,72.89,heavy,0,0
2025-03-22,A,144,398.09,172.83,101.38,94.13,766.44,63.34,normal,0,0
2025-03-22,B,145,207.07,89.47,67.73,22.28,386.56,34.41,saver,0,0
2025-03-22,C,146,472.14,177.52,80.65,63.04,793.35,97.67,normal,0,0
2025-03-22,D,147,406.27,215.6,154.91,93.87,870.65,89.97,heavy,0,0
2025-03-22,A,148,331.81,108.54,102.79,67.88,611.02,45.82,normal,0,0
2025-03-22,B,149,231.08,108.75,66.77,37.14,443.74,41.07,saver,0,0
2025-03-22,C,150,306.97,142.0,85.52,40.62,575.1,38.51,normal,0,0
2025-03-22,D,151,684.76,278.43,148.15,178.54,1289.88,94.74,heavy,0,0
2025-03-22,A,152,595.28,179.74,179.04,81.92,1035.97,117.5,heavy,0,0
2025-03-22,B,153,435.99,148.51,168.4,114.33,867.23,106.49,normal,0,0
2025-03-22,C,154,213.43,71.0,40.27,18.97,343.67,27.95,saver,0,0
2025-03-22,D,155,269.25,95.39,99.79,26.45,490.88,37.1,saver,0,0
2025-03-22,A,156,418.34,129.11,140.13,56.3,743.89,54.27,normal,0,0
2025-03-22,B,157,453.21,160.93,149.85,130.76,894.75,71.5,heavy,0,0
2025-03-22,C,158,259.11,108.36,53.84,74.1,495.41,41.61,saver,0,0
2025-03-22,D,159,614.24,213.17,162.66,62.32,1052.39,91.83,heavy,0,0
2025-03-22,A,160,386.08,152.04,105.64,103.12,746.89,52.66,normal,0,0
2025-03-22,B,161,313.02,92.92,97.24,42.99,739.76,58.59,normal,0,1
2025-03-22,C,162,374.52,148.34,122.0,79.51,724.36,60.51,normal,0,0
2025-03-22,D,163,348.24,113.06,98.46,45.65,605.41,45.46,normal,0,0
2025-03-22,A,164,518.09,223.64,169.31,62.22,973.25,71.42,heavy,0,0
2025-03-22,B,165,308.5,127.44,108.57,88.15,632.66,56.22,normal,0,0
2025-03-22,C,166,343.15,152.19,131.92,89.14,716.41,78.83,normal,0,0
2025-03-22,D,167,354.0,136.37,149.71,98.66,738.75,50.54,heavy,0,0
2025-03-22,A,168,272.58,105.29,115.35,75.78,569.0,65.44,normal,0,0
2025-03-22,B,169,304.11,137.83,102.93,56.95,601.81,45.19,normal,0,0
2025-03-22,C,170,364.19,148.43,125.88,93.0,731.5,56.52,normal,0,0
2025-03-22,D,171,201.53,73.74,49.94,29.72,354.93,26.81,saver,0,0
2025-03-22,A,172,695.77,282.47,221.83,102.17,1302.24,89.87,heavy,0,0
2025-03-22,B,173,276.2,94.02,81.86,80.46,532.54,48.97,normal,0,0
2025-03-22,C,174,600.78,195.3,171.67,73.3,1041.06,105.7,heavy,0,0
2025-03-22,D,175,402.63,159.21,127.5,99.66,789.0,68.01,normal,0,0
2025-03-22,A,176,280.52,98.74,61.94,73.09,514.29,43.22,normal,0,0
2025-03-22,B,177,282.59,111.88,94.95,32.06,521.48,44.43,normal,0,0
2025-03-22,C,178,341.82,121.74,129.97,63.63,657.16,44.04,normal,0,0
2025-03-22,D,179,475.22,181.06,110.15,54.63,821.05,65.61,heavy,0,0
2025-03-22,A,180,323.31,178.57,134.52,109.76,1140.75,144.22,normal,1,0
2025-03-23,B,101,321.15,103.06,97.79,52.55,574.56,58.03,normal,0,0
2025-03-23,C,102,318.12,142.22,116.99,77.59,654.92,66.3,normal,0,0
2025-03-23,D,103,444.54,165.27,100.93,69.34,780.09,62.76,heavy,0,0
2025-03-23,A,104,182.72,92.06,80.58,54.58,409.94,32.05,saver,0,0
2025-03-23,B,105,434.16,174.19,93.1,50.52,751.97,66.32,normal,0,0
2025-03-23,C,106,303.46,111.82,95.96,62.32,573.56,54.93,normal,0,0
2025-03-23,D,107,340.91,160.73,83.19,41.2,626.04,54.71,normal,0,0
2025-03-23,A,108,342.81,148.51,85.41,64.59,641.3,63.43,normal,0,0
2025-03-23,B,109,624.3,210.24,169.62,174.1,1993.55,94.24,heavy,0,1
2025-03-23,C,110,221.95,103.86,96.5,40.17,462.47,53.97,saver,0,0
2025-03-23,D,111,420.34,224.95,184.54,129.53,1638.3,77.43,heavy,0,1
2025-03-23,A,112,241.66,95.15,61.75,57.82,456.39,36.13,normal,0,0
2025-03-23,B,113,603.91,299.27,254.7,94.08,1251.95,140.66,heavy,0,0
2025-03-23,C,114,509.75,150.88,99.8,104.67,865.1,59.37,normal,0,0
2025-03-23,D,115,498.64,236.22,168.54,106.07,1009.47,107.17,heavy,0,0
2025-03-23,A,116,352.04,136.11,123.27,39.77,651.19,57.63,normal,0,0
2025-03-23,B,117,363.77,100.48,91.62,62.67,1385.92,84.1,normal,1,0
2025-03-23,C,118,269.12,100.48,96.89,39.11,505.6,60.97,normal,0,0
2025-03-23,D,119,345.33,104.55,114.63,48.12,612.62,63.68,normal,0,0
2025-03-23,A,120,340.64,134.04,82.57,47.17,604.43,61.08,normal,0,0
2025-03-23,B,121,266.68,108.79,67.2,71.04,849.01,45.0,saver,0,1
2025-03-23,C,122,410.26,152.54,112.86,119.61,795.26,68.0,normal,0,0
2025-03-23,D,123,362.58,118.46,76.19,84.32,641.55,75.16,normal,0,0
2025-03-23,A,124,158.46,54.42,44.44,45.88,481.08,22.23,saver,0,1
2025-03-23,B,125,367.89,186.57,123.72,92.41,770.59,75.49,normal,0,0
2025-03-23,C,126,206.58,55.3,53.51,28.81,344.21,33.1,saver,0,0
2025-03-23,D,127,398.27,150.39,106.53,56.36,711.55,72.85,normal,0,0
2025-03-23,A,128,403.91,203.24,88.45,88.59,784.18,82.79,normal,0,0
2025-03-23,B,129,239.74,79.08,91.46,29.42,439.69,34.0,normal,0,0
2025-03-23,C,130,800.31,310.79,191.72,167.53,1470.35,131.59,heavy,0,0
2025-03-23,D,131,290.23,110.18,97.3,26.01,523.72,48.46,saver,0,0
2025-03-23,A,132,413.82,163.93,157.76,75.34,810.85,58.41,normal,0,0
2025-03-23,B,133,263.74,127.51,67.95,68.55,527.75,39.9,normal,0,0
2025-03-23,C,134,358.95,134.77,100.67,102.29,696.68,67.54,normal,0,0
2025-03-23,D,135,238.81,66.11,82.14,24.25,641.92,28.84,saver,0,1
2025-03-23,A,136,319.26,152.25,72.88,70.07,614.46,42.78,normal,0,0
2025-03-23,B,137,278.34,105.75,118.09,69.76,571.94,41.89,normal,0,0
2025-03-23,C,138,384.9,175.35,105.18,58.07,723.5,81.63,normal,0,0
2025-03-23,D,139,363.62,151.8,128.29,47.63,691.35,49.98,normal,0,0
2025-03-23,A,140,192.26,65.45,66.03,47.73,371.47,27.44,saver,0,0
2025-03-23,B,141,406.71,173.32,114.46,119.41,813.9,95.63,heavy,0,0
2025-03-23,C,142,240.01,98.67,64.71,42.43,445.82,37.23,normal,0,0
2025-03-23,D,143,241.3,141.16,90.71,84.43,557.59,39.74,normal,0,0
2025-03-23,A,144,242.97,91.58,109.42,69.31,513.28,38.45,normal,0,0
2025-03-23,B,145,447.04,185.67,151.94,109.5,894.15,87.02,heavy,0,0
2025-03-23,C,146,444.16,188.68,108.24,51.44,792.53,67.57,normal,0,0
2025-03-23,D,147,387.08,146.52,115.84,66.43,715.88,64.4,normal,0,0
2025-03-23,A,148,532.15,201.02,194.06,140.96,1830.61,103.19,heavy,0,1
2025-03-23,B,149,253.77,91.86,64.46,74.61,484.7,34.58,normal,0,0
2025-03-23,C,150,297.46,86.95,100.77,51.81,536.99,58.43,saver,0,0
2025-03-23,D,151,333.55,150.76,72.12,96.28,652.71,47.75,normal,0,0
2025-03-23,A,152,326.15,111.09,107.37,66.58,611.19,43.57,normal,0,0
2025-03-23,B,153,582.73,243.19,180.99,64.41,1071.32,95.17,heavy,0,0
2025-03-23,C,154,498.35,269.97,113.87,85.61,1437.58,89.22,heavy,0,1
2025-03-23,D,155,231.79,82.86,77.54,28.57,420.75,33.22,saver,0,0
2025-03-23,A,156,212.27,80.29,60.67,26.95,380.18,33.61,saver,0,0
2025-03-23,B,157,256.14,140.17,68.35,64.63,1169.44,115.08,normal,1,0
2025-03-23,C,158,367.39,149.57,138.04,65.0,720.0,61.44,normal,0,0
2025-03-23,D,159,367.8,158.66,113.55,45.85,685.85,55.26,normal,0,0
2025-03-23,A,160,259.48,134.64,99.21,71.55,564.87,62.49,normal,0,0
2025-03-23,B,161,274.86,130.4,101.62,86.15,593.03,50.17,normal,0,0
2025-03-23,C,162,591.84,270.87,212.06,65.41,1140.17,113.8,heavy,0,0
2025-03-23,D,163,497.78,186.51,107.63,45.81,837.73,70.48,normal,0,0
2025-03-23,A,164,419.12,163.8,152.14,61.14,796.2,65.73,normal,0,0
2025-03-23,B,165,531.68,153.03,149.7,139.17,973.59,79.82,normal,0,0
2025-03-23,C,166,194.79,60.84,52.75,45.27,484.46,24.78,saver,0,1
2025-03-23,D,167,260.04,127.44,98.43,77.33,563.24,57.91,normal,0,0
2025-03-23,A,168,522.67,266.54,136.61,91.84,1017.66,101.07,heavy,0,0
2025-03-23,B,169,275.06,110.9,101.38,32.68,520.03,63.29,normal,0,0
2025-03-23,C,170,464.57,148.36,128.67,99.34,840.94,79.37,normal,0,0
2025-03-23,D,171,478.81,163.01,166.25,120.32,928.4,94.08,normal,0,0
2025-03-23,A,172,579.42,234.54,238.09,164.8,1216.85,83.63,heavy,0,0
2025-03-23,B,173,247.52,116.22,68.75,78.39,510.88,41.54,normal,0,0
2025-03-23,C,174,151.9,80.27,53.64,41.45,442.7,25.45,saver,0,1
2025-03-23,D,175,620.36,277.04,155.12,135.31,1187.83,147.95,heavy,0,0
2025-03-23,A,176,480.15,210.89,125.19,103.87,920.1,87.67,normal,0,0
2025-03-23,B,177,414.91,148.3,153.22,106.64,823.07,57.93,normal,0,0
2025-03-23,C,178,227.02,103.41,83.8,47.84,462.08,42.95,saver,0,0
2025-03-23,D,179,727.03,280.91,225.28,113.06,1346.28,158.42,heavy,0,0
2025-03-23,A,180,419.79,170.98,106.94,87.63,785.34,96.34,normal,0,0
2025-03-24,B,101,288.57,85.71,99.12,74.97,548.37,42.58,normal,0,0
2025-03-24,C,102,153.03,54.71,43.39,25.06,276.19,29.77,saver,0,0
2025-03-24,D,103,413.36,153.13,126.95,124.4,817.85,61.13,heavy,0,0
2025-03-24,A,104,248.58,144.55,84.39,38.96,516.48,38.87,normal,0,0
2025-03-24,B,105,616.97,264.2,205.69,65.08,1151.94,87.56,heavy,0,0
2025-03-24,C,106,298.79,144.57,97.15,72.15,612.66,69.54,normal,0,0
2025-03-24,D,107,483.65,202.29,115.16,81.02,882.12,61.35,heavy,0,0
2025-03-24,A,108,240.68,91.41,59.36,28.87,420.32,28.45,normal,0,0
2025-03-24,B,109,243.94,93.84,67.06,55.64,460.48,52.48,saver,0,0
2025-03-24,C,110,201.25,67.61,48.3,46.24,363.4,30.39,saver,0,0
2025-03-24,D,111,339.56,87.22,93.21,42.39,562.38,42.94,normal,0,0
2025-03-24,A,112,348.94,154.51,129.07,64.3,696.83,71.69,normal,0,0
2025-03-24,B,113,188.46,100.13,83.33,62.79,434.71,32.14,normal,0,0
2025-03-24,C,114,327.94,155.08,120.45,75.53,679.0,54.02,heavy,0,0
2025-03-24,D,115,378.09,123.52,111.91,52.14,665.67,50.66,heavy,0,0
2025-03-24,A,116,367.49,160.48,116.1,42.06,686.13,65.11,heavy,0,0
2025-03-24,B,117,432.79,138.48,147.75,64.45,783.48,85.19,heavy,0,0
2025-03-24,C,118,543.81,251.97,162.04,70.81,1028.63,120.61,heavy,0,0
2025-03-24,D,119,288.27,102.05,89.48,79.59,999.25,42.32,normal,0,1
2025-03-24,A,120,199.37,109.51,80.89,62.52,452.29,30.17,normal,0,0
2025-03-24,B,121,256.98,77.55,80.75,36.85,452.12,33.08,normal,0,0
2025-03-24,C,122,466.09,162.22,137.29,122.38,887.98,105.56,heavy,0,0
2025-03-24,D,123,360.15,123.76,88.59,94.35,666.85,56.19,normal,0,0
2025-03-24,A,124,229.77,101.35,85.74,43.65,460.52,32.06,normal,0,0
2025-03-24,B,125,336.9,125.29,79.22,38.87,580.28,62.81,normal,0,0
2025-03-24,C,126,260.38,81.06,56.57,55.5,453.51,40.68,normal,0,0
2025-03-24,D,127,292.45,115.85,101.31,42.03,551.65,37.06,normal,0,0
2025-03-24,A,128,283.85,93.33,93.9,29.76,829.02,43.28,normal,0,1
2025-03-24,B,129,487.88,260.77,172.97,55.87,977.49,93.78,heavy,0,0
2025-03-24,C,130,281.66,88.99,98.32,72.65,541.62,65.36,normal,0,0
2025-03-24,D,131,223.51,112.08,66.44,44.04,644.93,52.63,normal,0,1
2025-03-24,A,132,282.64,94.25,53.41,40.01,470.31,44.3,normal,0,0
2025-03-24,B,133,239.18,117.31,67.38,26.47,693.05,42.65,normal,0,1
2025-03-24,C,134,283.18,121.01,93.66,59.1,556.95,54.4,normal,0,0
2025-03-24,D,135,401.23,165.7,105.07,81.64,753.65,73.87,heavy,0,0
2025-03-24,A,136,472.45,242.93,128.52,67.22,911.12,60.9,heavy,0,0
2025-03-24,B,137,141.19,54.98,37.58,34.79,268.54,21.23,saver,0,0
2025-03-24,C,138,384.88,179.74,132.3,97.75,794.67,76.37,heavy,0,0
2025-03-24,D,139,348.62,115.81,102.7,88.53,655.67,51.6,normal,0,0
2025-03-24,A,140,218.18,74.07,57.08,35.71,385.05,34.31,normal,0,0
2025-03-24,B,141,575.47,184.06,139.47,115.4,1014.4,122.86,heavy,0,0
2025-03-24,C,142,276.21,129.99,112.47,98.36,617.02,52.97,normal,0,0
2025-03-24,D,143,331.94,128.62,91.99,74.06,626.6,58.35,normal,0,0
2025-03-24,A,144,319.66,162.17,80.23,92.65,654.7,53.18,normal,0,0
2025-03-24,B,145,288.73,119.7,74.57,48.28,531.28,42.56,normal,0,0
2025-03-24,C,146,229.2,74.33,48.79,48.45,400.76,31.9,normal,0,0
2025-03-24,D,147,465.84,165.45,169.74,43.14,844.18,66.37,heavy,0,0
2025-03-24,A,148,351.37,160.03,82.14,54.2,647.74,61.46,normal,0,0
2025-03-24,B,149,207.0,108.69,50.53,35.51,566.96,32.12,saver,0,1
2025-03-24,C,150,295.08,86.05,88.54,31.83,501.49,57.89,normal,0,0
2025-03-24,D,151,277.11,131.68,91.86,60.2,560.85,55.03,normal,0,0
2025-03-24,A,152,189.17,103.81,57.3,28.87,854.13,72.55,saver,1,0
2025-03-24,B,153,219.5,98.15,68.19,39.62,425.46,52.97,normal,0,0
2025-03-24,C,154,160.18,74.25,45.21,34.28,313.92,23.9,saver,0,0
2025-03-24,D,155,623.06,172.31,191.37,113.04,1099.78,86.27,heavy,0,0
2025-03-24,A,156,437.92,139.47,92.11,87.22,1090.31,88.35,heavy,0,1
2025-03-24,B,157,323.95,131.34,101.59,49.91,606.79,40.95,normal,0,0
2025-03-24,C,158,231.81,90.24,46.51,25.69,601.46,33.52,saver,0,1
2025-03-24,D,159,144.63,45.68,52.96,39.2,282.46,28.63,saver,0,0
2025-03-24,A,160,228.54,102.59,56.12,43.82,431.07,38.21,normal,0,0
2025-03-24,B,161,228.69,119.45,72.44,51.42,472.0,53.19,normal,0,0
2025-03-24,C,162,358.0,133.15,84.43,103.33,678.9,49.28,heavy,0,0
2025-03-24,D,163,351.54,100.65,119.69,86.57,1148.09,44.5,normal,0,1
2025-03-24,A,164,178.55,87.95,65.78,61.15,393.43,26.6,normal,0,0
2025-03-24,B,165,247.82,97.44,54.73,44.06,444.05,36.57,normal,0,0
2025-03-24,C,166,299.38,91.85,75.76,73.96,540.95,42.04,normal,0,0
2025-03-24,D,167,234.07,96.65,80.22,27.8,734.36,34.1,normal,0,1
2025-03-24,A,168,177.09,80.9,81.63,50.5,390.12,41.21,saver,0,0
2025-03-24,B,169,268.18,132.47,110.15,64.52,816.04,59.74,normal,0,1
2025-03-24,C,170,226.41,78.54,83.85,39.68,428.48,46.04,normal,0,0
2025-03-24,D,171,198.48,86.69,58.52,63.15,671.73,43.81,normal,0,1
2025-03-24,A,172,292.45,119.49,51.94,61.31,1066.55,97.39,normal,1,0
2025-03-24,B,173,328.21,106.78,63.62,82.93,581.54,50.17,normal,0,0
2025-03-24,C,174,241.1,90.33,59.75,54.38,748.16,42.71,normal,0,1
2025-03-24,D,175,455.32,147.23,162.04,121.51,2071.6,105.97,heavy,1,0
2025-03-24,A,176,332.21,128.38,122.76,69.68,653.04,65.05,heavy,0,0
2025-03-24,B,177,494.24,193.18,158.9,157.52,1003.84,97.72,heavy,0,0
2025-03-24,C,178,323.3,119.89,76.49,56.52,576.2,48.94,normal,0,0
2025-03-24,D,179,354.35,119.87,103.27,51.71,928.49,43.31,heavy,0,1
2025-03-24,A,180,311.16,130.04,106.6,32.32,580.12,51.2,normal,0,0
2025-03-25,B,101,283.45,123.93,121.22,89.98,618.58,62.16,normal,0,0
2025-03-25,C,102,198.98,67.88,52.49,51.71,371.07,26.43,normal,0,0
2025-03-25,D,103,195.61,84.68,65.91,54.1,400.3,28.22,normal,0,0
2025-03-25,A,104,274.51,84.49,69.07,37.73,465.8,35.17,normal,0,0
2025-03-25,B,105,186.1,80.38,49.25,23.59,462.78,30.78,saver,0,1
2025-03-25,C,106,410.71,243.45,141.38,91.57,887.1,102.83,heavy,0,0
2025-03-25,D,107,230.27,136.45,71.06,81.48,519.27,43.28,normal,0,0
2025-03-25,A,108,276.83,134.85,106.49,96.56,913.88,48.3,normal,0,1
2025-03-25,B,109,316.09,95.79,117.57,75.75,605.19,50.99,normal,0,0
2025-03-25,C,110,251.83,82.98,55.21,55.78,445.79,55.47,normal,0,0
2025-03-25,D,111,334.53,109.51,90.54,96.26,630.84,53.19,normal,0,0
2025-03-25,A,112,337.45,126.06,77.0,52.92,593.44,55.84,normal,0,0
2025-03-25,B,113,168.07,75.6,42.89,20.87,307.44,24.55,normal,0,0
2025-03-25,C,114,319.5,115.83,84.51,56.07,575.91,69.7,normal,0,0
2025-03-25,D,115,248.34,108.9,103.64,50.15,511.04,43.68,normal,0,0
2025-03-25,A,116,320.41,115.2,78.61,81.77,595.98,44.97,normal,0,0
2025-03-25,B,117,144.64,84.28,57.44,35.94,565.89,32.97,saver,0,1
2025-03-25,C,118,394.18,164.92,125.99,82.52,767.6,83.98,heavy,0,0
2025-03-25,D,119,339.36,136.3,104.33,41.49,621.49,59.49,normal,0,0
2025-03-25,A,120,231.64,120.78,93.41,52.7,498.53,38.95,normal,0,0
2025-03-25,B,121,326.53,165.68,127.93,48.9,669.05,65.45,heavy,0,0
2025-03-25,C,122,221.27,103.53,50.21,58.55,433.56,37.1,normal,0,0
2025-03-25,D,123,270.1,128.48,86.48,57.08,814.75,84.27,normal,1,0
2025-03-25,A,124,517.11,182.94,164.99,49.16,914.21,93.75,heavy,0,0
2025-03-25,B,125,128.94,50.4,40.9,17.21,237.45,18.51,saver,0,0
2025-03-25,C,126,179.06,49.4,37.7,29.74,295.89,25.37,saver,0,0
2025-03-25,D,127,173.05,79.23,77.85,21.92,352.05,28.44,saver,0,0
2025-03-25,A,128,320.86,107.53,117.83,43.5,589.71,43.84,normal,0,0
2025-03-25,B,129,204.67,90.66,69.52,49.62,414.47,37.95,saver,0,0
2025-03-25,C,130,275.48,115.66,121.87,52.74,951.76,57.03,normal,0,1
2025-03-25,D,131,263.75,122.17,83.35,82.85,552.13,52.73,normal,0,0
2025-03-25,A,132,202.55,67.75,60.88,20.52,351.69,28.93,saver,0,0
2025-03-25,B,133,520.4,143.88,103.25,131.3,1606.6,75.1,heavy,0,1
2025-03-25,C,134,191.63,64.86,68.02,55.41,379.91,31.94,saver,0,0
2025-03-25,D,135,237.05,75.53,50.25,51.44,414.27,47.97,saver,0,0
2025-03-25,A,136,181.74,70.6,73.33,45.08,370.76,29.81,normal,0,0
2025-03-25,B,137,267.06,128.03,106.85,62.29,564.22,51.43,normal,0,0
2025-03-25,C,138,183.28,75.05,86.66,66.17,411.15,49.02,normal,0,0
2025-03-25,D,139,398.57,170.29,119.49,57.41,745.76,56.15,heavy,0,0
2025-03-25,A,140,147.06,42.88,46.82,25.36,262.13,28.64,saver,0,0
2025-03-25,B,141,308.27,183.72,120.66,40.21,652.86,47.19,heavy,0,0
2025-03-25,C,142,410.82,170.07,90.46,66.02,737.36,56.17,heavy,0,0
2025-03-25,D,143,166.01,73.25,66.36,60.24,365.86,24.51,normal,0,0
2025-03-25,A,144,547.48,205.14,181.76,108.67,1881.5,237.52,heavy,1,0
2025-03-25,B,145,196.62,56.63,39.24,37.62,330.1,26.91,saver,0,0
2025-03-25,C,146,559.44,227.06,163.35,71.65,1021.49,82.96,heavy,0,0
2025-03-25,D,147,236.82,74.62,93.91,28.12,433.48,47.67,normal,0,0
2025-03-25,A,148,634.95,269.34,200.74,78.02,1183.05,108.38,heavy,0,0
2025-03-25,B,149,286.51,111.93,88.62,45.18,532.24,41.62,normal,0,0
2025-03-25,C,150,247.84,98.98,102.37,49.1,498.3,36.92,normal,0,0
2025-03-25,D,151,416.71,215.82,137.8,77.8,848.13,59.53,heavy,0,0
2025-03-25,A,152,198.09,66.68,42.95,33.84,341.57,27.29,saver,0,0
2025-03-25,B,153,242.19,91.46,69.11,53.38,456.15,55.54,normal,0,0
2025-03-25,C,154,230.03,71.72,55.37,50.44,407.56,31.38,normal,0,0
2025-03-25,D,155,479.26,157.59,163.18,124.92,924.95,86.13,heavy,0,0
2025-03-25,A,156,262.02,120.01,115.03,72.11,569.17,43.05,normal,0,0
2025-03-25,B,157,307.78,148.55,70.27,59.91,586.51,71.12,normal,0,0
2025-03-25,C,158,295.55,88.0,69.9,60.45,513.91,60.15,normal,0,0
2025-03-25,D,159,180.44,101.03,59.12,53.13,393.71,42.96,normal,0,0
2025-03-25,A,160,501.18,251.41,140.99,109.17,1002.76,102.05,heavy,0,0
2025-03-25,B,161,417.05,163.18,101.38,114.96,796.57,63.29,heavy,0,0
2025-03-25,C,162,396.03,131.68,85.82,45.81,659.35,52.54,normal,0,0
2025-03-25,D,163,336.54,115.49,93.22,72.86,876.93,68.41,normal,0,1
2025-03-25,A,164,221.48,119.5,64.34,67.92,473.23,38.39,normal,0,0
2025-03-25,B,165,478.86,225.79,199.98,105.75,1557.51,107.88,heavy,0,1
2025-03-25,C,166,461.96,141.11,115.19,112.95,831.21,68.7,heavy,0,0
2025-03-25,D,167,186.15,77.66,79.18,51.34,394.34,41.92,normal,0,0
2025-03-25,A,168,162.57,96.83,53.94,39.18,352.52,40.36,saver,0,0
2025-03-25,B,169,275.77,120.9,82.33,49.54,528.53,49.65,normal,0,0
2025-03-25,C,170,452.71,253.36,131.36,90.12,1464.68,66.57,heavy,0,1
2025-03-25,D,171,600.36,178.0,200.67,54.19,1033.22,73.61,heavy,0,0
2025-03-25,A,172,297.07,130.41,126.89,58.76,613.13,73.07,normal,0,0
2025-03-25,B,173,270.37,140.17,74.06,62.31,546.92,39.83,normal,0,0
2025-03-25,C,174,201.96,100.53,71.44,30.65,404.57,37.78,saver,0,0
2025-03-25,D,175,227.84,78.46,56.04,23.78,386.13,26.61,normal,0,0
2025-03-25,A,176,180.41,49.52,33.48,17.6,281.01,19.03,saver,0,0
2025-03-25,B,177,216.49,84.68,55.18,41.99,545.28,29.78,saver,0,1
2025-03-25,C,178,197.94,58.88,71.39,29.59,357.8,27.07,saver,0,0
2025-03-25,D,179,159.63,58.19,53.7,28.6,300.12,36.5,saver,0,0
2025-03-25,A,180,221.9,88.61,95.31,27.81,634.62,42.8,normal,0,1
2025-03-26,B,101,380.49,141.32,102.91,106.54,1120.37,67.64,heavy,0,1
2025-03-26,C,102,145.26,74.22,43.66,37.22,300.36,21.18,saver,0,0
2025-03-26,D,103,196.04,88.57,66.19,25.75,376.55,37.89,saver,0,0
2025-03-26,A,104,396.54,196.51,159.9,91.84,844.78,83.98,heavy,0,0
2025-03-26,B,105,316.56,104.28,84.81,64.42,570.07,48.58,normal,0,0
2025-03-26,C,106,125.82,54.75,28.41,28.25,237.22,17.35,saver,0,0
2025-03-26,D,107,311.1,146.05,118.28,87.82,663.25,46.99,normal,0,0
2025-03-26,A,108,272.52,116.28,82.3,45.89,517.0,41.96,normal,0,0
2025-03-26,B,109,305.77,96.86,111.6,71.72,585.95,73.0,normal,0,0
2025-03-26,C,110,327.8,150.64,81.04,76.19,635.67,49.6,normal,0,0
2025-03-26,D,111,213.96,84.39,82.39,56.5,437.24,39.32,normal,0,0
2025-03-26,A,112,230.29,94.77,46.17,31.81,403.04,41.56,normal,0,0
2025-03-26,B,113,200.67,75.42,84.02,44.22,404.32,32.94,normal,0,0
2025-03-26,C,114,155.0,56.05,37.53,39.59,288.18,21.22,saver,0,0
2025-03-26,D,115,308.08,149.09,60.91,82.75,978.88,74.18,normal,0,1
2025-03-26,A,116,392.12,110.27,83.94,62.99,649.32,73.09,normal,0,0
2025-03-26,B,117,261.8,90.18,77.71,31.27,708.53,38.93,saver,0,1
2025-03-26,C,118,475.79,185.7,144.82,69.32,875.63,65.92,heavy,0,0
2025-03-26,D,119,274.47,122.03,85.34,44.62,526.46,43.39,normal,0,0
2025-03-26,A,120,348.01,117.23,87.24,37.98,590.46,61.8,normal,0,0
2025-03-26,B,121,273.67,117.42,119.89,75.32,586.3,49.81,normal,0,0
2025-03-26,C,122,461.99,183.33,113.49,89.7,848.5,65.14,heavy,0,0
2025-03-26,D,123,288.86,123.93,81.76,50.15,544.7,44.17,normal,0,0
2025-03-26,A,124,448.76,143.25,119.96,135.74,847.72,104.21,heavy,0,0
2025-03-26,B,125,307.43,158.6,147.94,43.72,657.69,68.93,heavy,0,0
2025-03-26,C,126,439.27,119.08,146.07,103.71,808.13,68.62,heavy,0,0
2025-03-26,D,127,236.49,110.36,71.89,54.3,473.04,37.07,normal,0,0
2025-03-26,A,128,183.31,73.89,53.04,19.39,329.63,32.09,saver,0,0
2025-03-26,B,129,359.76,111.19,107.83,94.98,673.75,52.92,normal,0,0
2025-03-26,C,130,347.94,160.09,112.01,45.36,665.4,53.45,heavy,0,0
2025-03-26,D,131,425.41,223.12,113.48,148.06,910.06,88.14,heavy,0,0
2025-03-26,A,132,281.61,115.54,61.61,60.46,519.22,60.1,normal,0,0
2025-03-26,B,133,291.26,88.44,54.28,56.98,490.96,49.82,normal,0,0
2025-03-26,C,134,154.03,52.39,43.63,17.69,267.74,22.19,saver,0,0
2025-03-26,D,135,324.75,128.6,76.7,31.54,561.58,37.46,normal,0,0
2025-03-26,A,136,537.65,194.56,180.49,89.14,1001.84,98.99,heavy,0,0
2025-03-26,B,137,627.89,210.46,156.65,147.08,1142.09,113.39,heavy,0,0
2025-03-26,C,138,366.95,117.3,121.53,61.22,667.0,82.05,normal,0,0
2025-03-26,D,139,299.9,150.27,87.26,68.06,605.5,47.15,normal,0,0
2025-03-26,A,140,269.43,100.96,76.42,88.88,535.69,51.04,normal,0,0
2025-03-26,B,141,604.35,185.8,202.14,141.97,1134.27,107.68,heavy,0,0
2025-03-26,C,142,270.19,102.4,63.53,40.71,476.83,38.21,normal,0,0
2025-03-26,D,143,431.83,188.53,124.38,72.28,817.02,56.44,heavy,0,0
2025-03-26,A,144,158.81,64.93,52.39,29.46,305.59,22.45,saver,0,0
2025-03-26,B,145,378.52,164.81,104.41,40.36,912.62,48.42,heavy,0,1
2025-03-26,C,146,534.88,220.19,173.24,92.96,1021.28,85.79,heavy,0,0
2025-03-26,D,147,390.52,190.56,100.69,98.94,780.72,87.65,heavy,0,0
2025-03-26,A,148,496.57,204.66,102.48,58.67,862.39,63.57,heavy,0,0
2025-03-26,B,149,410.97,195.59,142.73,80.42,829.71,64.4,heavy,0,0
2025-03-26,C,150,436.09,140.69,134.94,56.11,1435.02,147.65,heavy,1,0
2025-03-26,D,151,259.01,98.4,63.59,58.35,479.35,34.13,normal,0,0
2025-03-26,A,152,273.35,105.33,60.02,24.07,606.71,35.36,normal,0,1
2025-03-26,B,153,295.36,154.66,128.15,47.73,625.9,65.91,normal,0,0
2025-03-26,C,154,264.45,124.84,112.04,36.22,537.55,40.97,normal,0,0
2025-03-26,D,155,374.75,152.6,120.08,84.75,1212.38,55.76,normal,0,1
2025-03-26,A,156,391.84,196.12,139.48,138.62,866.06,58.74,heavy,0,0
2025-03-26,B,157,235.85,66.13,72.86,27.41,402.24,29.79,normal,0,0
2025-03-26,C,158,453.68,171.14,145.87,134.92,905.61,104.06,heavy,0,0
2025-03-26,D,159,371.65,161.19,130.13,73.67,736.64,71.44,heavy,0,0
2025-03-26,A,160,315.81,102.97,89.9,54.56,563.24,38.15,normal,0,0
2025-03-26,B,161,318.71,103.4,110.27,84.69,617.07,62.49,normal,0,0
2025-03-26,C,162,460.17,161.34,167.15,83.07,871.72,75.91,heavy,0,0
2025-03-26,D,163,282.12,91.74,64.02,72.68,510.56,62.13,normal,0,0
2025-03-26,A,164,282.59,113.12,63.87,76.0,535.58,58.36,normal,0,0
2025-03-26,B,165,303.98,121.7,86.07,79.62,591.37,41.56,heavy,0,0
2025-03-26,C,166,128.05,44.66,50.28,37.35,260.34,27.45,saver,0,0
2025-03-26,D,167,120.74,55.47,30.86,17.35,224.42,21.06,saver,0,0
2025-03-26,A,168,255.89,93.72,44.64,36.32,430.58,35.32,saver,0,0
2025-03-26,B,169,301.24,83.47,62.12,37.99,484.82,34.63,normal,0,0
2025-03-26,C,170,362.21,133.89,147.27,92.32,735.69,70.81,heavy,0,0
2025-03-26,D,171,292.93,125.74,59.2,36.8,514.66,54.07,normal,0,0
2025-03-26,A,172,228.6,121.3,88.65,60.0,498.55,55.83,normal,0,0
2025-03-26,B,173,305.14,120.52,83.02,53.59,562.28,43.03,normal,0,0
2025-03-26,C,174,602.21,225.48,143.01,74.55,1045.25,92.85,heavy,0,0
2025-03-26,D,175,324.0,130.18,87.7,51.7,950.41,90.48,normal,1,0
2025-03-26,A,176,238.36,101.64,94.59,43.29,477.88,57.05,normal,0,0
2025-03-26,B,177,200.81,94.19,75.4,34.02,646.37,34.18,normal,0,1
2025-03-26,C,178,246.98,93.37,50.95,33.52,424.82,31.49,saver,0,0
2025-03-26,D,179,362.08,148.8,175.99,52.13,739.0,56.1,heavy,0,0
2025-03-26,A,180,243.5,90.81,98.66,70.25,503.22,36.63,normal,0,0
2025-03-27,B,101,516.98,232.15,100.61,94.0,943.73,72.93,heavy,0,0
2025-03-27,C,102,229.07,98.46,60.43,63.02,450.98,30.61,normal,0,0
2025-03-27,D,103,453.56,171.09,101.32,127.16,853.13,77.59,heavy,0,0
2025-03-27,A,104,356.7,100.97,110.38,54.07,622.13,42.88,normal,0,0
2025-03-27,B,105,266.59,101.16,64.65,69.36,501.77,45.48,normal,0,0
2025-03-27,C,106,230.69,92.1,80.64,38.54,441.97,31.56,normal,0,0
2025-03-27,D,107,331.06,163.47,128.07,60.77,683.37,57.21,normal,0,0
2025-03-27,A,108,305.16,140.34,75.18,78.85,599.52,74.15,normal,0,0
2025-03-27,B,109,225.68,83.44,45.38,30.47,384.97,31.29,saver,0,0
2025-03-27,C,110,207.17,64.69,43.73,40.65,356.24,29.86,normal,0,0
2025-03-27,D,111,382.07,162.6,139.59,44.09,728.35,75.93,heavy,0,0
2025-03-27,A,112,202.21,73.99,47.81,22.89,346.9,24.66,saver,0,0
2025-03-27,B,113,417.46,196.35,142.63,89.62,846.06,95.1,heavy,0,0
2025-03-27,C,114,633.18,211.67,112.68,109.42,1066.95,80.97,heavy,0,0
2025-03-27,D,115,234.07,70.95,74.29,31.66,410.97,27.5,normal,0,0
2025-03-27,A,116,510.15,169.62,138.22,89.14,1414.29,195.49,heavy,1,0
2025-03-27,B,117,273.63,100.59,51.14,57.29,1027.41,77.6,normal,1,0
2025-03-27,C,118,316.32,124.09,98.97,74.42,807.95,60.31,heavy,0,1
2025-03-27,D,119,143.87,79.39,54.71,31.74,309.72,33.12,saver,0,0
2025-03-27,A,120,213.28,61.15,40.66,24.64,339.72,25.39,normal,0,0
2025-03-27,B,121,545.68,188.36,190.28,144.63,1068.96,119.06,heavy,0,0
2025-03-27,C,122,425.96,151.09,105.83,58.29,741.16,85.7,heavy,0,0
2025-03-27,D,123,532.1,218.87,168.25,83.94,1003.16,75.85,heavy,0,0
2025-03-27,A,124,268.89,143.1,91.98,86.96,590.93,45.3,normal,0,0
2025-03-27,B,125,218.02,71.3,70.92,39.81,400.05,28.19,normal,0,0
2025-03-27,C,126,448.9,187.53,136.39,124.71,897.53,83.02,heavy,0,0
2025-03-27,D,127,303.59,177.96,129.63,103.22,714.39,86.1,heavy,0,0
2025-03-27,A,128,408.55,236.2,174.86,122.36,1628.96,70.93,heavy,0,1
2025-03-27,B,129,226.99,108.48,80.68,38.75,662.87,41.9,normal,0,1
2025-03-27,C,130,318.41,110.17,75.45,65.72,939.46,80.87,normal,1,0
2025-03-27,D,131,207.51,105.39,51.52,53.89,418.31,41.39,normal,0,0
2025-03-27,A,132,271.09,118.34,109.7,41.7,540.83,47.77,normal,0,0
2025-03-27,B,133,290.68,100.91,75.84,71.04,538.47,50.08,normal,0,0
2025-03-27,C,134,281.27,88.56,92.19,72.23,916.59,45.19,normal,0,1
2025-03-27,D,135,195.05,94.18,53.84,55.64,398.7,39.17,normal,0,0
2025-03-27,A,136,329.43,154.69,74.65,80.22,639.0,55.36,normal,0,0
2025-03-27,B,137,453.05,190.23,113.5,93.8,850.58,78.89,heavy,0,0
2025-03-27,C,138,603.53,213.68,177.37,159.68,1154.25,100.35,heavy,0,0
2025-03-27,D,139,244.19,83.42,73.42,25.22,762.1,72.43,saver,1,0
2025-03-27,A,140,325.65,116.72,117.8,57.75,1053.74,45.61,normal,0,1
2025-03-27,B,141,177.72,50.47,33.08,31.29,407.42,21.23,saver,0,1
2025-03-27,C,142,435.31,158.65,115.55,43.37,1335.88,142.1,heavy,1,0
2025-03-27,D,143,263.62,97.93,110.19,42.85,514.59,43.25,normal,0,0
2025-03-27,A,144,242.74,101.03,54.31,57.19,455.27,32.16,normal,0,0
2025-03-27,B,145,164.32,65.66,41.02,59.05,330.05,32.38,saver,0,0
2025-03-27,C,146,331.72,141.54,122.4,49.33,644.99,44.62,heavy,0,0
2025-03-27,D,147,461.83,172.57,100.96,52.24,787.6,54.72,heavy,0,0
2025-03-27,A,148,460.84,183.5,140.45,85.99,1182.7,78.22,heavy,0,1
2025-03-27,B,149,283.1,81.57,103.01,49.71,517.38,43.11,normal,0,0
2025-03-27,C,150,268.32,83.64,96.75,70.08,518.79,40.17,normal,0,0
2025-03-27,D,151,206.66,73.14,47.44,32.35,883.39,36.39,normal,1,0
2025-03-27,A,152,376.8,143.77,69.65,83.57,673.8,82.34,normal,0,0
2025-03-27,B,153,572.71,235.33,186.42,84.4,1078.86,94.26,heavy,0,0
2025-03-27,C,154,305.94,88.03,65.78,74.41,957.07,43.9,normal,0,1
2025-03-27,D,155,369.28,161.74,134.74,71.14,736.9,50.54,heavy,0,0
2025-03-27,A,156,252.27,154.81,73.64,57.84,538.56,43.98,normal,0,0
2025-03-27,B,157,288.68,125.37,56.83,49.31,753.68,61.22,normal,0,1
2025-03-27,C,158,190.13,88.51,76.75,36.91,392.3,29.78,normal,0,0
2025-03-27,D,159,191.1,85.68,56.8,55.12,388.69,29.04,saver,0,0
2025-03-27,A,160,192.78,79.79,74.06,45.38,544.88,48.38,saver,0,1
2025-03-27,B,161,280.94,124.57,69.72,45.92,521.16,39.86,normal,0,0
2025-03-27,C,162,269.1,109.88,86.49,63.39,1174.73,94.52,normal,1,1
2025-03-27,D,163,286.0,96.75,72.17,77.19,532.11,43.32,normal,0,0
2025-03-27,A,164,544.54,216.22,138.7,74.85,974.31,69.69,heavy,0,0
2025-03-27,B,165,436.14,205.33,153.02,88.19,882.68,60.5,heavy,0,0
2025-03-27,C,166,254.98,82.9,74.4,57.57,469.85,35.09,normal,0,0
2025-03-27,D,167,295.42,159.48,135.57,50.48,640.96,47.98,normal,0,0
2025-03-27,A,168,131.57,52.68,51.15,19.97,255.38,21.29,saver,0,0
2025-03-27,B,169,274.57,141.29,70.82,74.16,560.84,68.17,normal,0,0
2025-03-27,C,170,408.55,208.15,167.88,110.71,895.3,72.04,heavy,0,0
2025-03-27,D,171,278.9,110.94,83.39,75.24,1342.29,98.46,normal,1,0
2025-03-27,A,172,309.98,92.89,89.25,27.61,519.72,41.05,normal,0,0
2025-03-27,B,173,288.08,109.35,74.21,56.37,856.28,66.72,normal,1,0
2025-03-27,C,174,279.84,116.9,85.95,59.62,542.3,63.84,normal,0,0
2025-03-27,D,175,385.47,163.77,130.73,67.39,747.35,51.74,normal,0,0
2025-03-27,A,176,179.35,67.68,49.91,49.64,346.59,27.53,normal,0,0
2025-03-27,B,177,204.82,90.91,56.46,56.85,409.05,39.52,normal,0,0
2025-03-27,C,178,196.81,114.11,50.43,53.85,415.2,50.92,normal,0,0
2025-03-27,D,179,351.37,129.21,118.92,64.57,1069.41,50.91,heavy,0,1
2025-03-27,A,180,253.3,123.47,120.84,66.79,930.85,47.48,normal,0,1
2025-03-28,B,101,182.87,50.16,56.07,42.14,331.24,30.12,saver,0,0
2025-03-28,C,102,312.28,111.26,52.74,40.47,1747.84,61.41,normal,1,1
2025-03-28,D,103,167.75,93.81,47.77,33.02,342.36,30.12,saver,0,0
2025-03-28,A,104,379.14,130.43,74.39,91.71,675.67,50.12,normal,0,0
2025-03-28,B,105,217.97,91.55,39.4,23.32,372.24,46.33,saver,0,0
2025-03-28,C,106,280.99,114.21,87.73,51.62,534.55,59.58,normal,0,0
2025-03-28,D,107,177.5,74.09,34.92,44.3,330.82,23.16,saver,0,0
2025-03-28,A,108,315.44,152.73,113.67,103.24,685.08,73.9,heavy,0,0
2025-03-28,B,109,209.09,81.04,56.9,37.87,384.9,32.74,normal,0,0
2025-03-28,C,110,352.98,160.75,87.18,64.85,665.76,73.38,normal,0,0
2025-03-28,D,111,254.3,101.14,66.53,48.05,470.01,38.33,normal,0,0
2025-03-28,A,112,340.67,118.84,109.71,34.55,603.78,71.94,normal,0,0
2025-03-28,B,113,260.92,99.84,81.27,34.14,476.17,50.12,normal,0,0
2025-03-28,C,114,455.89,129.19,107.56,103.26,795.9,83.35,heavy,0,0
2025-03-28,D,115,405.06,149.89,123.72,51.65,1194.14,57.71,normal,0,1
2025-03-28,A,116,368.93,115.8,117.84,35.29,637.86,60.35,normal,0,0
2025-03-28,B,117,532.57,152.5,116.84,90.38,892.29,72.56,heavy,0,0
2025-03-28,C,118,331.59,129.11,77.62,52.3,590.62,67.46,heavy,0,0
2025-03-28,D,119,265.79,114.23,123.48,85.17,588.67,46.13,normal,0,0
2025-03-28,A,120,221.46,81.21,61.53,52.49,416.68,36.16,normal,0,0
2025-03-28,B,121,306.96,119.0,72.82,45.1,543.88,65.76,normal,0,0
2025-03-28,C,122,314.6,178.66,110.17,74.05,677.49,63.31,heavy,0,0
2025-03-28,D,123,350.76,149.86,124.98,80.76,1205.27,50.48,normal,0,1
2025-03-28,A,124,141.54,52.56,40.95,15.85,250.9,19.41,saver,0,0
2025-03-28,B,125,284.34,110.0,114.89,52.46,758.42,64.89,normal,0,1
2025-03-28,C,126,136.56,60.56,26.41,34.02,257.55,20.4,saver,0,0
2025-03-28,D,127,250.55,119.68,68.62,43.8,482.64,45.24,normal,0,0
2025-03-28,A,128,186.52,75.58,71.0,28.16,361.26,28.64,normal,0,0
2025-03-28,B,129,353.4,125.07,100.91,46.12,625.5,62.82,heavy,0,0
2025-03-28,C,130,508.12,244.61,181.47,73.55,1007.75,106.14,heavy,0,0
2025-03-28,D,131,308.15,127.72,56.3,38.32,530.5,42.36,normal,0,0
2025-03-28,A,132,330.23,152.67,91.7,69.43,644.03,52.59,normal,0,0
2025-03-28,B,133,168.97,99.74,69.88,22.31,360.9,39.57,normal,0,0
2025-03-28,C,134,266.31,142.39,105.87,71.02,585.58,53.47,normal,0,0
2025-03-28,D,135,179.2,80.32,50.83,37.25,347.61,31.93,saver,0,0
2025-03-28,A,136,463.43,155.09,175.01,109.87,903.4,72.69,heavy,0,0
2025-03-28,B,137,258.71,105.76,71.08,34.86,732.77,39.02,normal,0,1
2025-03-28,C,138,385.3,134.14,90.75,73.69,683.89,60.07,normal,0,0
2025-03-28,D,139,214.15,71.06,84.22,51.83,421.25,37.32,normal,0,0
2025-03-28,A,140,223.84,72.47,47.86,58.04,402.21,28.63,normal,0,0
2025-03-28,B,141,494.96,220.15,179.14,65.1,959.34,94.57,heavy,0,0
2025-03-28,C,142,142.02,57.3,50.78,17.33,267.42,31.72,saver,0,0
2025-03-28,D,143,327.34,101.41,97.19,44.11,570.05,61.63,normal,0,0
2025-03-28,A,144,238.89,119.13,62.05,56.31,476.38,43.57,normal,0,0
2025-03-28,B,145,191.76,65.36,62.57,57.45,377.15,37.85,normal,0,0
2025-03-28,C,146,319.25,97.38,64.66,35.2,516.49,45.44,normal,0,0
2025-03-28,D,147,193.97,84.98,65.38,31.19,375.52,44.84,normal,0,0
2025-03-28,A,148,196.43,87.88,58.49,59.36,402.17,34.89,normal,0,0
2025-03-28,B,149,417.8,186.34,111.18,117.15,832.46,62.09,heavy,0,0
2025-03-28,C,150,329.55,108.67,80.88,60.81,579.91,45.81,normal,0,0
2025-03-28,D,151,297.54,122.5,83.61,69.78,933.74,38.95,normal,0,1
2025-03-28,A,152,520.49,171.87,105.86,85.77,883.99,64.2,heavy,0,0
2025-03-28,B,153,384.65,128.88,140.76,53.95,708.25,60.71,heavy,0,0
2025-03-28,C,154,233.4,107.41,80.43,31.16,452.4,52.92,normal,0,0
2025-03-28,D,155,161.48,59.31,57.04,27.7,305.52,20.5,saver,0,0
2025-03-28,A,156,173.18,57.82,71.99,23.03,326.03,25.25,saver,0,0
2025-03-28,B,157,318.92,158.18,128.58,93.71,699.39,52.82,normal,0,0
2025-03-28,C,158,482.06,203.62,178.59,93.4,957.68,72.04,heavy,0,0
2025-03-28,D,159,582.71,155.32,142.62,102.31,982.96,66.39,heavy,0,0
2025-03-28,A,160,305.23,158.0,110.93,88.46,662.62,47.81,normal,0,0
2025-03-28,B,161,472.82,256.29,182.24,148.13,1059.48,73.59,heavy,0,0
2025-03-28,C,162,210.81,68.8,60.19,54.98,394.78,44.53,normal,0,0
2025-03-28,D,163,332.2,127.86,99.9,42.88,997.32,84.98,normal,1,0
2025-03-28,A,164,404.81,125.19,91.41,71.66,693.07,60.96,heavy,0,0
2025-03-28,B,165,169.35,70.06,41.42,19.51,300.33,30.64,saver,0,0
2025-03-28,C,166,267.61,79.86,62.93,28.53,733.14,35.65,normal,0,1
2025-03-28,D,167,638.47,234.82,116.51,109.05,1098.84,132.14,heavy,0,0
2025-03-28,A,168,329.27,124.66,72.13,76.16,1053.79,40.22,normal,0,1
2025-03-28,B,169,198.24,71.57,64.55,39.9,374.26,29.42,saver,0,0
2025-03-28,C,170,648.12,191.93,144.8,74.82,1059.67,113.87,heavy,0,0
2025-03-28,D,171,327.26,103.04,105.35,82.15,1049.55,61.42,normal,0,1
2025-03-28,A,172,213.72,112.82,48.27,62.97,758.94,51.37,normal,0,1
2025-03-28,B,173,267.96,118.6,61.13,46.04,493.73,36.14,normal,0,0
2025-03-28,C,174,263.82,95.67,82.85,67.76,510.11,37.42,normal,0,0
2025-03-28,D,175,203.3,73.24,57.62,57.31,777.52,43.01,normal,1,0
2025-03-28,A,176,246.14,103.13,51.96,51.82,453.04,33.02,normal,0,0
2025-03-28,B,177,240.4,78.01,42.28,27.57,388.26,27.73,normal,0,0
2025-03-28,C,178,466.38,204.33,174.1,92.65,937.46,87.89,heavy,0,0
2025-03-28,D,179,607.92,218.03,217.67,135.72,1179.35,92.26,heavy,0,0
2025-03-28,A,180,358.09,144.23,97.33,68.83,668.48,64.15,normal,0,0
2025-03-29,B,101,631.95,185.53,134.5,96.55,2215.9,164.09,heavy,1,0
2025-03-29,C,102,232.2,80.24,53.84,50.95,417.23,38.2,saver,0,0
2025-03-29,D,103,561.99,204.97,134.89,107.1,1008.95,108.54,heavy,0,0
2025-03-29,A,104,227.0,81.96,61.06,54.43,424.44,32.79,normal,0,0
2025-03-29,B,105,305.9,110.84,81.58,58.74,557.06,53.03,saver,0,0
2025-03-29,C,106,265.63,130.26,81.79,92.5,570.19,40.82,normal,0,0
2025-03-29,D,107,361.62,110.81,75.15,70.43,618.0,69.73,saver,0,0
2025-03-29,A,108,741.25,268.26,177.88,116.5,1303.89,131.11,heavy,0,0
2025-03-29,B,109,788.26,258.57,140.71,86.0,1273.54,110.48,heavy,0,0
2025-03-29,C,110,289.06,166.21,94.13,51.48,600.88,58.21,normal,0,0
2025-03-29,D,111,374.74,112.58,140.69,62.16,1009.96,50.68,normal,0,1
2025-03-29,A,112,175.19,53.57,40.99,39.75,309.5,20.88,saver,0,0
2025-03-29,B,113,307.33,125.48,114.45,32.16,579.42,41.22,normal,0,0
2025-03-29,C,114,381.35,134.09,106.72,84.31,706.46,71.69,normal,0,0
2025-03-29,D,115,161.66,62.35,54.18,28.56,306.75,32.17,saver,0,0
2025-03-29,A,116,342.0,167.92,158.69,59.08,727.68,49.48,normal,0,0
2025-03-29,B,117,637.73,215.63,169.93,72.12,2013.65,221.48,heavy,1,0
2025-03-29,C,118,538.52,279.53,195.64,73.09,1086.78,92.45,heavy,0,0
2025-03-29,D,119,527.32,239.72,201.14,105.63,1073.8,90.47,heavy,0,0
2025-03-29,A,120,226.89,99.98,53.16,65.83,445.86,44.65,saver,0,0
2025-03-29,B,121,297.99,141.97,101.48,39.09,580.52,52.32,normal,0,0
2025-03-29,C,122,365.25,152.24,122.82,36.4,676.72,82.36,normal,0,0
2025-03-29,D,123,502.7,251.0,143.02,113.15,1009.87,105.02,heavy,0,0
2025-03-29,A,124,278.96,84.12,69.68,77.0,833.59,35.14,saver,0,1
2025-03-29,B,125,151.84,74.79,39.75,41.53,307.91,21.17,saver,0,0
2025-03-29,C,126,320.31,107.32,110.19,88.97,927.05,62.88,normal,0,1
2025-03-29,D,127,300.37,126.32,112.64,51.41,590.74,56.5,normal,0,0
2025-03-29,A,128,166.58,66.81,57.57,20.48,311.44,22.65,saver,0,0
2025-03-29,B,129,451.86,173.3,152.84,110.46,1172.37,65.45,normal,0,1
2025-03-29,C,130,426.29,163.68,141.24,42.99,774.2,83.07,normal,0,0
2025-03-29,D,131,271.1,101.58,69.2,31.26,718.99,35.43,normal,0,1
2025-03-29,A,132,603.14,175.61,187.37,134.77,1100.89,122.48,heavy,0,0
2025-03-29,B,133,349.01,91.01,75.89,77.87,1434.27,78.03,saver,1,0
2025-03-29,C,134,439.13,202.56,189.73,94.59,926.01,75.92,heavy,0,0
2025-03-29,D,135,332.87,122.3,92.43,67.86,615.46,54.59,normal,0,0
2025-03-29,A,136,406.44,124.04,126.89,83.76,741.13,53.96,normal,0,0
2025-03-29,B,137,703.08,184.53,120.78,118.36,1126.75,80.83,heavy,0,0
2025-03-29,C,138,394.5,111.41,125.56,77.19,708.66,48.45,normal,0,0
2025-03-29,D,139,485.93,143.43,100.47,97.01,826.84,82.34,normal,0,0
2025-03-29,A,140,361.41,150.99,83.71,87.51,683.62,56.33,normal,0,0
2025-03-29,B,141,485.45,199.75,116.16,95.93,897.3,78.16,normal,0,0
2025-03-29,C,142,436.06,175.33,89.56,109.53,810.48,55.16,normal,0,0
2025-03-29,D,143,672.5,233.52,238.65,193.76,1338.42,101.44,heavy,0,0
2025-03-29,A,144,285.6,120.06,85.33,74.61,565.6,65.39,normal,0,0
2025-03-29,B,145,240.74,127.53,60.77,60.69,489.73,36.04,normal,0,0
2025-03-29,C,146,345.21,152.71,74.6,61.98,634.5,73.44,normal,0,0
2025-03-29,D,147,292.97,109.94,106.31,84.05,593.27,47.8,normal,0,0
2025-03-29,A,148,384.37,151.83,138.36,70.18,744.73,78.89,heavy,0,0
2025-03-29,B,149,171.86,94.54,80.67,56.18,403.25,38.27,saver,0,0
2025-03-29,C,150,588.87,243.29,145.44,65.34,1042.94,85.07,heavy,0,0
2025-03-29,D,151,265.46,155.01,69.85,34.66,524.99,42.73,normal,0,0
2025-03-29,A,152,335.86,166.24,93.94,45.31,641.35,46.37,normal,0,0
2025-03-29,B,153,250.27,130.16,109.79,36.03,526.25,38.47,normal,0,0
2025-03-29,C,154,360.53,145.57,77.77,80.78,664.65,46.75,normal,0,0
2025-03-29,D,155,282.78,96.43,72.93,58.46,510.6,34.88,normal,0,0
2025-03-29,A,156,478.56,143.56,144.42,79.49,846.02,96.69,normal,0,0
2025-03-29,B,157,372.45,119.69,99.06,62.43,653.62,54.9,normal,0,0
2025-03-29,C,158,428.86,225.33,196.65,67.99,918.83,61.68,heavy,0,0
2025-03-29,D,159,302.11,109.94,128.66,54.54,595.24,47.0,normal,0,0
2025-03-29,A,160,557.91,234.29,195.19,152.44,1139.83,128.2,heavy,0,0
2025-03-29,B,161,500.23,209.51,182.36,144.53,1036.62,108.17,heavy,0,0
2025-03-29,C,162,402.0,142.66,99.27,96.55,740.48,80.37,normal,0,0
2025-03-29,D,163,365.32,133.72,68.91,39.01,606.96,48.41,normal,0,0
2025-03-29,A,164,591.47,222.82,188.49,110.91,1113.7,118.32,heavy,0,0
2025-03-29,B,165,506.64,226.57,150.39,124.81,1008.41,92.59,heavy,0,0
2025-03-29,C,166,494.02,138.17,98.42,93.4,824.02,92.91,normal,0,0
2025-03-29,D,167,593.77,220.01,161.17,63.52,1038.48,89.71,heavy,0,0
2025-03-29,A,168,282.92,119.52,108.66,42.71,553.81,42.96,normal,0,0
2025-03-29,B,169,495.62,179.23,107.84,97.0,879.69,65.63,normal,0,0
2025-03-29,C,170,302.31,139.06,66.26,65.61,573.24,61.79,normal,0,0
2025-03-29,D,171,434.19,191.77,177.52,76.28,879.75,105.37,heavy,0,0
2025-03-29,A,172,334.22,127.89,143.72,77.46,683.29,49.1,normal,0,0
2025-03-29,B,173,311.44,124.11,69.81,79.92,585.28,49.55,normal,0,0
2025-03-29,C,174,266.22,105.25,65.65,49.2,486.32,47.09,normal,0,0
2025-03-29,D,175,561.24,196.11,166.81,99.04,1023.19,68.75,heavy,0,0
2025-03-29,A,176,525.2,180.9,127.37,103.9,937.38,81.98,heavy,0,0
2025-03-29,B,177,319.48,178.8,102.13,48.17,648.58,52.87,normal,0,0
2025-03-29,C,178,452.86,125.66,91.46,103.73,773.7,76.44,normal,0,0
2025-03-29,D,179,212.1,94.76,55.94,49.31,412.11,29.39,saver,0,0
2025-03-29,A,180,328.44,127.67,91.64,55.72,603.46,60.49,normal,0,0
2025-03-30,B,101,202.52,113.67,92.99,34.76,721.49,46.35,saver,0,1
2025-03-30,C,102,257.09,92.84,82.81,31.28,464.02,35.68,saver,0,0
2025-03-30,D,103,349.41,191.94,149.82,81.82,772.99,81.89,normal,0,0
2025-03-30,A,104,502.02,208.97,155.66,94.28,960.94,82.07,normal,0,0
2025-03-30,B,105,641.82,200.58,120.28,150.07,1112.74,83.37,heavy,0,0
2025-03-30,C,106,218.54,133.12,89.82,78.44,838.81,41.01,normal,0,1
2025-03-30,D,107,454.24,141.39,154.87,55.11,805.61,57.1,normal,0,0
2025-03-30,A,108,320.72,112.27,121.1,68.98,623.08,52.22,normal,0,0
2025-03-30,B,109,332.39,124.71,107.02,84.03,648.15,57.07,normal,0,0
2025-03-30,C,110,218.21,96.99,50.45,46.1,933.84,64.78,saver,1,0
2025-03-30,D,111,252.9,94.94,77.77,81.59,1482.27,62.13,normal,1,1
2025-03-30,A,112,327.09,130.75,120.4,46.09,624.33,43.9,normal,0,0
2025-03-30,B,113,410.6,154.89,112.64,89.35,1043.34,73.22,normal,0,1
2025-03-30,C,114,560.36,212.01,150.82,121.47,1044.67,88.04,heavy,0,0
2025-03-30,D,115,509.93,193.62,182.48,101.41,987.43,108.67,heavy,0,0
2025-03-30,A,116,622.29,247.74,224.01,111.21,1594.38,128.55,heavy,0,1
2025-03-30,B,117,216.64,101.66,53.19,39.12,410.6,36.92,saver,0,0
2025-03-30,C,118,306.26,147.55,100.64,95.69,650.15,55.23,normal,0,0
2025-03-30,D,119,510.45,135.98,162.22,85.36,894.01,60.53,normal,0,0
2025-03-30,A,120,449.63,229.82,102.93,92.62,875.01,63.12,heavy,0,0
2025-03-30,B,121,478.07,188.12,164.57,138.09,968.85,113.42,heavy,0,0
2025-03-30,C,122,477.43,206.31,180.3,79.31,943.35,101.32,heavy,0,0
2025-03-30,D,123,325.54,132.17,125.09,75.1,657.91,75.17,normal,0,0
2025-03-30,A,124,350.1,145.26,165.1,81.41,741.86,54.22,normal,0,0
2025-03-30,B,125,523.96,291.45,137.72,96.38,1049.51,91.52,heavy,0,0
2025-03-30,C,126,322.85,137.94,90.18,54.25,605.22,57.36,normal,0,0
2025-03-30,D,127,358.46,154.11,121.53,88.06,722.16,84.96,normal,0,0
2025-03-30,A,128,211.75,81.97,86.66,56.52,436.9,35.16,normal,0,0
2025-03-30,B,129,675.97,307.73,218.46,99.39,1301.55,92.35,heavy,0,0
2025-03-30,C,130,689.87,217.09,147.96,87.53,1142.45,78.56,heavy,0,0
2025-03-30,D,131,231.75,121.53,59.63,40.18,756.41,32.72,normal,0,1
2025-03-30,A,132,178.1,71.99,75.6,47.78,604.12,29.37,saver,0,1
2025-03-30,B,133,314.87,142.78,90.99,85.6,634.25,67.97,normal,0,0
2025-03-30,C,134,393.12,189.17,94.78,70.64,747.72,91.49,normal,0,0
2025-03-30,D,135,259.63,139.34,77.73,53.19,529.9,48.71,saver,0,0
2025-03-30,A,136,692.6,314.59,247.71,156.47,1411.36,151.09,heavy,0,0
2025-03-30,B,137,188.34,66.18,55.73,55.72,365.98,25.12,saver,0,0
2025-03-30,C,138,320.96,136.25,102.27,41.29,600.78,56.9,normal,0,0
2025-03-30,D,139,441.89,166.3,145.03,82.94,836.17,81.59,normal,0,0
2025-03-30,A,140,339.45,138.94,85.25,52.22,615.86,56.35,normal,0,0
2025-03-30,B,141,661.69,253.08,228.08,80.77,1223.62,152.13,heavy,0,0
2025-03-30,C,142,449.28,187.03,121.27,128.32,885.9,59.81,normal,0,0
2025-03-30,D,143,252.66,107.45,82.44,39.45,482.0,32.3,saver,0,0
2025-03-30,A,144,342.12,131.48,76.28,91.82,641.69,71.78,normal,0,0
2025-03-30,B,145,449.4,175.45,126.55,94.46,845.86,60.96,normal,0,0
2025-03-30,C,146,317.52,133.58,77.69,58.91,796.97,72.14,saver,0,1
2025-03-30,D,147,312.34,102.9,127.82,40.07,1166.46,122.19,normal,1,0
2025-03-30,A,148,162.34,73.79,56.09,20.46,312.68,32.38,saver,0,0
2025-03-30,B,149,313.29,95.38,72.8,30.17,511.64,42.39,normal,0,0
2025-03-30,C,150,304.59,104.31,92.1,32.39,533.39,38.54,normal,0,0
2025-03-30,D,151,401.86,174.11,138.67,46.18,760.83,59.42,normal,0,0
2025-03-30,A,152,260.14,88.81,90.11,38.15,477.2,53.21,saver,0,0
2025-03-30,B,153,266.58,106.08,65.29,75.56,513.51,39.72,normal,0,0
2025-03-30,C,154,492.05,196.88,115.64,118.4,922.97,86.08,normal,0,0
2025-03-30,D,155,293.64,158.48,101.94,41.21,925.05,69.81,normal,0,1
2025-03-30,A,156,477.1,127.9,126.22,88.2,819.42,74.01,normal,0,0
2025-03-30,B,157,311.73,139.7,137.71,91.55,1069.41,59.66,normal,0,1
2025-03-30,C,158,390.88,183.85,119.42,58.47,752.61,90.63,normal,0,0
2025-03-30,D,159,396.72,206.51,118.72,71.66,793.62,70.59,heavy,0,0
2025-03-30,A,160,253.75,83.76,94.37,41.05,472.93,51.6,normal,0,0
2025-03-30,B,161,257.78,116.33,81.75,66.45,522.3,54.88,saver,0,0
2025-03-30,C,162,384.54,127.51,110.94,117.5,740.49,64.26,normal,0,0
2025-03-30,D,163,151.95,78.89,63.02,49.57,343.44,23.62,saver,0,0
2025-03-30,A,164,316.18,116.94,101.91,34.41,933.24,40.54,normal,0,1
2025-03-30,B,165,388.36,160.01,128.04,89.66,766.07,64.53,normal,0,0
2025-03-30,C,166,308.57,138.45,63.06,89.86,599.94,40.17,normal,0,0
2025-03-30,D,167,299.29,111.94,95.37,55.82,562.43,52.84,normal,0,0
2025-03-30,A,168,369.17,170.89,110.37,88.42,738.85,53.25,normal,0,0
2025-03-30,B,169,526.57,219.9,143.94,94.29,984.7,95.52,heavy,0,0
2025-03-30,C,170,350.4,184.92,112.86,110.07,758.24,53.59,normal,0,0
2025-03-30,D,171,471.77,222.58,120.51,63.72,878.58,60.69,heavy,0,0
2025-03-30,A,172,335.56,123.96,107.43,43.8,610.76,46.68,normal,0,0
2025-03-30,B,173,243.75,100.75,63.59,66.48,474.57,49.81,normal,0,0
2025-03-30,C,174,482.66,154.92,161.36,84.65,1374.52,151.99,heavy,1,0
2025-03-30,D,175,312.21,159.18,91.92,67.94,631.25,49.48,normal,0,0
2025-03-30,A,176,558.38,230.71,145.4,69.98,1004.47,80.95,heavy,0,0
2025-03-30,B,177,427.13,154.82,108.38,47.44,737.76,73.57,normal,0,0
2025-03-30,C,178,408.2,141.53,118.08,84.27,752.08,51.3,normal,0,0
2025-03-30,D,179,300.02,135.57,84.8,82.24,602.63,53.15,normal,0,0
2025-03-30,A,180,321.25,175.9,130.14,102.8,730.09,57.59,normal,0,0
2025-03-31,B,101,564.1,201.65,107.66,131.04,1004.45,91.89,heavy,0,0
2025-03-31,C,102,303.34,90.09,102.87,37.08,533.38,48.67,normal,0,0
2025-03-31,D,103,239.53,111.1,58.57,28.3,437.5,53.85,normal,0,0
2025-03-31,A,104,299.84,155.2,115.3,55.22,625.56,43.91,normal,0,0
2025-03-31,B,105,222.93,93.16,89.89,69.4,475.37,38.49,normal,0,0
2025-03-31,C,106,547.02,258.88,191.76,150.7,1148.36,115.45,heavy,0,0
2025-03-31,D,107,394.87,110.04,131.85,72.39,709.15,58.81,heavy,0,0
2025-03-31,A,108,126.56,60.32,47.77,24.72,259.37,17.38,saver,0,0
2025-03-31,B,109,270.08,79.31,91.27,63.89,504.56,58.27,normal,0,0
2025-03-31,C,110,369.87,168.38,118.19,62.38,718.81,73.98,heavy,0,0
2025-03-31,D,111,184.11,70.07,43.07,57.16,560.56,24.85,saver,0,1
2025-03-31,A,112,327.07,112.01,104.58,34.46,578.13,51.54,normal,0,0
2025-03-31,B,113,231.47,107.09,101.38,54.14,494.08,36.13,normal,0,0
2025-03-31,C,114,272.22,140.06,62.42,88.23,562.93,42.07,normal,0,0
2025-03-31,D,115,197.29,83.46,64.5,29.36,838.3,65.3,saver,1,0
2025-03-31,A,116,444.3,193.48,210.03,118.34,966.15,93.08,heavy,0,0
2025-03-31,B,117,198.01,82.8,66.57,41.0,388.38,44.88,normal,0,0
2025-03-31,C,118,399.21,174.34,128.92,58.57,761.04,57.38,heavy,0,0
2025-03-31,D,119,479.63,225.69,168.98,87.22,961.51,67.39,heavy,0,0
2025-03-31,A,120,423.33,196.44,177.5,84.71,1293.51,77.04,heavy,0,1
2025-03-31,B,121,503.14,173.63,132.02,154.05,962.85,83.06,heavy,0,0
2025-03-31,C,122,283.78,82.34,89.62,40.21,495.96,58.37,normal,0,0
2025-03-31,D,123,343.13,161.93,130.74,54.45,690.26,67.22,normal,0,0
2025-03-31,A,124,247.16,80.58,92.83,73.73,494.3,49.08,normal,0,0
2025-03-31,B,125,238.21,96.63,54.88,36.55,426.27,35.03,normal,0,0
2025-03-31,C,126,223.21,134.07,93.61,78.83,529.71,35.66,normal,0,0
2025-03-31,D,127,404.89,118.26,142.49,68.19,733.82,56.03,heavy,0,0
2025-03-31,A,128,589.27,156.89,149.57,75.63,971.36,86.04,heavy,0,0
2025-03-31,B,129,275.52,113.4,72.28,56.4,517.6,48.82,normal,0,0
2025-03-31,C,130,433.73,164.04,94.56,48.1,740.43,59.85,heavy,0,0
2025-03-31,D,131,360.69,104.6,110.01,39.86,615.16,53.21,normal,0,0
2025-03-31,A,132,333.25,123.32,117.91,59.16,633.64,58.25,normal,0,0
2025-03-31,B,133,324.66,129.43,75.25,89.72,619.06,72.16,normal,0,0
2025-03-31,C,134,381.13,112.38,94.77,88.74,677.01,69.51,heavy,0,0
2025-03-31,D,135,340.69,151.16,119.25,43.95,655.05,66.02,normal,0,0
2025-03-31,A,136,271.7,120.59,56.5,29.21,478.01,53.86,normal,0,0
2025-03-31,B,137,291.15,119.18,95.71,65.6,571.64,67.8,normal,0,0
2025-03-31,C,138,303.9,175.55,121.68,57.16,658.29,81.86,heavy,0,0
2025-03-31,D,139,142.3,54.94,40.59,34.6,272.43,23.39,saver,0,0
2025-03-31,A,140,120.13,55.27,42.15,39.59,435.43,17.76,saver,0,1
2025-03-31,B,141,388.98,134.96,121.67,96.11,741.72,71.73,normal,0,0
2025-03-31,C,142,364.56,127.35,96.74,90.01,678.66,47.37,normal,0,0
2025-03-31,D,143,205.38,81.69,49.87,28.86,365.8,39.97,saver,0,0
2025-03-31,A,144,301.84,101.24,97.43,51.54,552.06,64.95,normal,0,0
2025-03-31,B,145,331.57,114.13,100.7,65.09,611.48,44.0,normal,0,0
2025-03-31,C,146,132.32,66.02,44.57,40.2,283.11,23.33,saver,0,0
2025-03-31,D,147,382.76,97.53,116.59,38.33,635.21,74.18,normal,0,0
2025-03-31,A,148,495.89,170.68,132.15,78.33,877.05,65.43,heavy,0,0
2025-03-31,B,149,331.53,121.94,80.44,57.77,931.21,67.55,normal,0,1
2025-03-31,C,150,247.45,85.88,53.05,52.95,439.33,30.96,normal,0,0
2025-03-31,D,151,363.31,130.16,80.7,98.91,673.09,69.56,normal,0,0
2025-03-31,A,152,416.37,157.56,128.01,97.59,799.54,69.43,heavy,0,0
2025-03-31,B,153,353.7,149.42,110.38,96.33,709.83,48.87,normal,0,0
2025-03-31,C,154,372.18,142.29,114.24,83.38,712.09,77.54,normal,0,0
2025-03-31,D,155,262.29,96.73,83.93,36.4,479.35,34.43,normal,0,0
2025-03-31,A,156,410.79,185.55,135.24,122.36,853.94,96.67,heavy,0,0
2025-03-31,B,157,228.78,103.04,63.05,43.99,631.09,31.31,normal,0,1
2025-03-31,C,158,169.27,51.92,47.06,42.09,547.63,24.74,saver,0,1
2025-03-31,D,159,562.69,158.12,119.95,111.72,952.47,94.28,heavy,0,0
2025-03-31,A,160,242.83,113.27,107.64,77.55,541.29,37.76,normal,0,0
2025-03-31,B,161,389.97,160.0,154.03,88.01,792.01,96.23,heavy,0,0
2025-03-31,C,162,337.75,161.52,71.49,82.06,652.82,69.17,normal,0,0
2025-03-31,D,163,239.13,96.97,106.71,79.16,521.97,38.47,normal,0,0
2025-03-31,A,164,178.1,88.6,52.05,22.08,340.82,24.65,normal,0,0
2025-03-31,B,165,202.03,91.5,80.98,36.78,411.3,41.12,saver,0,0
2025-03-31,C,166,193.76,71.33,52.59,54.18,371.86,41.24,normal,0,0
2025-03-31,D,167,211.54,84.0,101.42,75.97,472.94,33.49,normal,0,0
2025-03-31,A,168,574.8,199.67,185.65,84.01,1044.14,77.8,heavy,0,0
2025-03-31,B,169,299.93,125.39,109.72,40.44,575.48,39.85,normal,0,0
2025-03-31,C,170,386.61,170.36,127.5,56.62,741.09,74.78,heavy,0,0
2025-03-31,D,171,254.24,88.48,76.77,56.09,849.22,54.19,normal,0,1
2025-03-31,A,172,178.58,80.96,77.88,30.62,368.04,24.98,normal,0,0
2025-03-31,B,173,261.7,99.87,93.59,88.3,543.47,60.98,normal,0,0
2025-03-31,C,174,208.53,74.69,62.1,50.82,396.15,29.53,normal,0,0
2025-03-31,D,175,206.23,66.41,73.48,50.65,641.67,33.58,normal,0,1
2025-03-31,A,176,287.79,115.6,100.11,57.94,869.38,99.55,normal,1,0
2025-03-31,B,177,574.12,239.04,177.52,52.91,1043.59,104.42,heavy,0,0
2025-03-31,C,178,440.12,152.06,121.65,44.52,758.35,69.0,heavy,0,0
2025-03-31,D,179,307.97,96.57,105.26,51.81,561.61,45.26,normal,0,0
2025-03-31,A,180,244.87,81.29,59.04,27.77,657.5,32.53,normal,0,1
2025-04-01,B,101,446.85,205.69,123.44,64.52,1478.55,56.91,normal,0,1
2025-04-01,C,102,346.25,157.69,85.3,57.55,646.8,43.89,normal,0,0
2025-04-01,D,103,165.98,61.0,59.96,33.09,320.03,27.63,saver,0,0
2025-04-01,A,104,241.49,123.58,93.75,29.77,488.59,51.94,normal,0,0
2025-04-01,B,105,286.65,150.67,128.12,52.69,618.12,50.35,normal,0,0
2025-04-01,C,106,310.44,97.02,93.08,60.4,560.94,44.6,normal,0,0
2025-04-01,D,107,501.67,191.86,200.75,130.69,1024.97,79.51,heavy,0,0
2025-04-01,A,108,553.1,177.88,129.24,53.95,914.17,105.21,heavy,0,0
2025-04-01,B,109,364.05,127.27,114.21,44.91,650.44,55.04,normal,0,0
2025-04-01,C,110,485.77,163.64,147.06,90.2,886.68,82.38,normal,0,0
2025-04-01,D,111,542.67,256.5,204.01,146.21,1149.39,96.13,heavy,0,0
2025-04-01,A,112,436.68,113.3,75.09,54.09,679.15,45.41,normal,0,0
2025-04-01,B,113,468.92,197.99,151.21,62.52,880.64,62.2,normal,0,0
2025-04-01,C,114,345.42,122.46,80.67,74.47,623.02,60.23,normal,0,0
2025-04-01,D,115,339.82,131.21,66.16,63.59,600.79,73.36,normal,0,0
2025-04-01,A,116,737.57,248.68,135.29,137.09,1258.62,90.46,heavy,0,0
2025-04-01,B,117,671.74,228.66,172.59,129.22,1202.2,135.7,heavy,0,0
2025-04-01,C,118,381.48,145.8,119.14,102.34,748.76,70.88,normal,0,0
2025-04-01,D,119,381.25,140.96,121.2,124.05,767.47,54.51,normal,0,0
2025-04-01,A,120,348.07,133.7,76.83,93.47,652.07,59.44,normal,0,0
2025-04-01,B,121,343.85,201.12,146.99,77.39,769.35,51.79,normal,0,0
2025-04-01,C,122,404.64,191.78,102.59,80.68,779.69,60.81,normal,0,0
2025-04-01,D,123,236.56,84.95,58.85,81.58,461.94,34.87,normal,0,0
2025-04-01,A,124,346.62,141.42,106.0,54.04,648.08,51.08,normal,0,0
2025-04-01,B,125,438.23,189.28,97.32,118.04,842.87,87.18,normal,0,0
2025-04-01,C,126,579.41,185.69,174.81,140.31,1080.22,76.01,heavy,0,0
2025-04-01,D,127,606.18,319.68,155.41,127.75,1209.02,110.62,heavy,0,0
2025-04-01,A,128,473.98,190.02,131.68,115.36,911.04,85.45,normal,0,0
2025-04-01,B,129,410.08,188.26,110.9,114.06,1333.87,88.43,normal,0,1
2025-04-01,C,130,492.73,211.18,125.88,110.16,939.95,64.66,normal,0,0
2025-04-01,D,131,214.8,73.83,60.26,41.93,390.83,33.28,saver,0,0
2025-04-01,A,132,666.16,264.86,222.36,78.32,1231.7,104.78,heavy,0,0
2025-04-01,B,133,289.06,97.73,73.85,51.87,512.52,48.49,normal,0,0
2025-04-01,C,134,412.32,189.66,128.67,68.09,798.73,95.09,normal,0,0
2025-04-01,D,135,273.22,123.43,83.78,36.98,517.41,46.26,normal,0,0
2025-04-01,A,136,689.3,219.77,138.5,104.89,1152.46,85.68,heavy,0,0
2025-04-01,B,137,331.12,109.79,138.9,51.14,630.96,78.38,normal,0,0
2025-04-01,C,138,743.93,306.2,197.51,151.22,1398.85,128.6,heavy,0,0
2025-04-01,D,139,287.57,148.4,111.68,49.74,597.39,46.1,normal,0,0
2025-04-01,A,140,228.56,91.79,69.77,20.92,411.04,37.9,saver,0,0
2025-04-01,B,141,498.75,142.3,94.99,64.1,800.14,80.85,heavy,0,0
2025-04-01,C,142,348.11,159.11,91.53,82.69,681.44,46.37,normal,0,0
2025-04-01,D,143,510.97,230.96,143.97,108.79,994.7,121.23,heavy,0,0
2025-04-01,A,144,265.08,117.62,81.24,75.93,539.88,41.06,normal,0,0
2025-04-01,B,145,395.23,159.01,128.7,37.01,719.94,57.29,normal,0,0
2025-04-01,C,146,308.94,117.68,94.23,66.92,587.76,46.31,normal,0,0
2025-04-01,D,147,581.62,218.44,183.97,86.12,1070.15,96.97,heavy,0,0
2025-04-01,A,148,408.69,160.49,110.53,87.93,1075.29,55.13,normal,0,1
2025-04-01,B,149,283.23,127.13,94.04,41.91,546.31,39.47,saver,0,0
2025-04-01,C,150,371.22,142.11,133.26,77.01,723.6,64.5,normal,0,0
2025-04-01,D,151,333.2,152.32,114.23,65.57,665.32,56.5,normal,0,0
2025-04-01,A,152,292.36,122.99,61.42,62.77,539.53,49.98,normal,0,0
2025-04-01,B,153,366.77,139.19,107.0,91.79,704.75,62.05,normal,0,0
2025-04-01,C,154,568.19,230.55,123.97,160.88,1083.59,92.55,heavy,0,0
2025-04-01,D,155,288.35,96.96,69.82,53.93,509.05,44.31,normal,0,0
2025-04-01,A,156,355.51,134.52,76.49,69.97,636.5,61.74,normal,0,0
2025-04-01,B,157,298.86,107.32,73.0,96.11,575.3,55.21,normal,0,0
2025-04-01,C,158,449.49,249.54,202.63,89.59,991.24,87.77,heavy,0,0
2025-04-01,D,159,492.35,221.4,129.06,125.97,968.77,76.3,heavy,0,0
2025-04-01,A,160,370.59,143.35,105.67,78.6,698.22,64.16,normal,0,0
2025-04-01,B,161,406.61,154.43,159.26,85.07,805.37,66.27,normal,0,0
2025-04-01,C,162,260.39,95.72,66.9,48.15,471.16,41.21,saver,0,0
2025-04-01,D,163,321.76,157.71,90.04,82.53,652.04,48.27,normal,0,0
2025-04-01,A,164,390.51,141.07,112.58,72.45,716.6,60.07,normal,0,0
2025-04-01,B,165,323.64,119.29,99.98,81.81,624.72,58.83,normal,0,0
2025-04-01,C,166,660.6,280.91,168.67,139.91,1250.1,128.35,heavy,0,0
2025-04-01,D,167,556.08,234.07,176.75,118.93,1085.83,90.2,heavy,0,0
2025-04-01,A,168,270.75,100.97,96.19,40.69,508.6,39.65,normal,0,0
2025-04-01,B,169,332.57,99.02,57.08,53.39,542.06,57.85,normal,0,0
2025-04-01,C,170,242.3,121.55,109.57,75.5,548.91,63.15,normal,0,0
2025-04-01,D,171,650.21,307.56,245.15,152.58,1355.49,118.07,heavy,0,0
2025-04-01,A,172,398.71,160.08,143.63,65.61,768.03,71.13,normal,0,0
2025-04-01,B,173,286.56,150.27,76.69,71.16,584.68,40.85,normal,0,0
2025-04-01,C,174,354.57,160.28,126.15,116.28,757.28,69.76,normal,0,0
2025-04-01,D,175,486.53,175.21,123.75,60.51,846.0,86.58,normal,0,0
2025-04-01,A,176,666.23,252.51,226.92,141.6,1287.27,116.47,heavy,0,0
2025-04-01,B,177,330.03,168.74,136.94,48.9,684.61,46.59,normal,0,0
2025-04-01,C,178,289.58,87.22,61.63,44.6,483.03,53.82,normal,0,0
2025-04-01,D,179,375.0,206.71,155.99,104.19,841.89,80.94,normal,0,0
2025-04-01,A,180,430.29,130.31,123.83,68.15,752.58,82.49,normal,0,0
2025-04-02,B,101,338.0,109.02,100.79,75.95,623.75,61.8,normal,0,0
2025-04-02,C,102,412.88,146.68,106.79,62.06,728.41,57.14,normal,0,0
2025-04-02,D,103,650.2,307.32,215.7,134.85,1308.07,92.97,heavy,0,0
2025-04-02,A,104,630.57,283.06,198.05,67.57,1179.25,88.0,heavy,0,0
2025-04-02,B,105,343.86,115.07,84.42,71.06,614.41,71.0,normal,0,0
2025-04-02,C,106,416.8,142.92,128.65,71.7,760.08,63.54,normal,0,0
2025-04-02,D,107,481.23,156.98,133.77,123.4,895.38,61.33,heavy,0,0
2025-04-02,A,108,669.53,271.69,178.24,89.54,1209.0,127.9,heavy,0,0
2025-04-02,B,109,655.55,213.37,163.11,153.45,1185.48,107.88,heavy,0,0
2025-04-02,C,110,522.76,186.49,207.13,166.22,1082.6,133.38,heavy,0,0
2025-04-02,D,111,454.79,134.37,132.35,71.67,1043.1,53.75,normal,0,1
2025-04-02,A,112,476.85,213.83,107.23,116.32,914.23,94.32,normal,0,0
2025-04-02,B,113,533.62,184.06,177.98,75.74,971.4,81.0,heavy,0,0
2025-04-02,C,114,465.77,226.72,207.39,110.79,1010.68,100.5,heavy,0,0
2025-04-02,D,115,430.91,175.61,111.67,52.21,770.4,86.32,normal,0,0
2025-04-02,A,116,553.42,190.22,191.0,117.9,1052.53,120.35,heavy,0,0
2025-04-02,B,117,196.57,56.03,33.66,23.17,309.42,35.61,saver,0,0
2025-04-02,C,118,775.12,338.7,190.8,145.0,1449.63,115.74,heavy,0,0
2025-04-02,D,119,298.55,128.28,104.57,70.35,601.75,52.25,normal,0,0
2025-04-02,A,120,359.2,145.16,116.31,68.77,689.44,62.05,normal,0,0
2025-04-02,B,121,298.61,140.15,111.6,75.35,625.71,63.67,normal,0,0
2025-04-02,C,122,531.53,167.54,110.77,136.71,946.56,74.83,heavy,0,0
2025-04-02,D,123,257.43,111.66,89.06,67.99,526.14,58.04,normal,0,0
2025-04-02,A,124,635.3,184.36,215.83,78.94,1114.43,86.33,heavy,0,0
2025-04-02,B,125,273.21,110.84,85.25,46.04,927.55,66.93,normal,1,0
2025-04-02,C,126,261.7,67.76,59.33,51.08,439.87,47.54,saver,0,0
2025-04-02,D,127,205.19,71.64,73.6,53.3,643.66,32.19,saver,0,1
2025-04-02,A,128,519.92,151.29,146.69,130.31,948.21,64.64,normal,0,0
2025-04-02,B,129,399.1,210.29,151.72,69.78,830.89,86.94,normal,0,0
2025-04-02,C,130,402.15,184.02,92.79,112.45,791.41,67.9,normal,0,0
2025-04-02,D,131,446.1,173.74,127.64,87.49,834.97,102.49,heavy,0,0
2025-04-02,A,132,460.74,177.08,162.53,73.2,1201.68,70.07,normal,0,1
2025-04-02,B,133,186.65,84.15,71.15,49.66,391.61,42.63,saver,0,0
2025-04-02,C,134,380.24,198.08,161.98,43.38,783.68,52.88,normal,0,0
2025-04-02,D,135,245.64,108.55,59.76,35.12,449.07,52.4,normal,0,0
2025-04-02,A,136,479.25,132.66,115.5,98.68,826.09,58.6,normal,0,0
2025-04-02,B,137,494.39,206.64,199.28,154.34,1054.65,129.6,heavy,0,0
2025-04-02,C,138,369.01,160.87,134.13,97.03,761.04,87.29,normal,0,0
2025-04-02,D,139,299.83,79.39,90.1,32.07,501.4,37.04,saver,0,0
2025-04-02,A,140,323.79,107.19,97.53,54.47,582.98,55.33,normal,0,0
2025-04-02,B,141,281.82,157.8,93.79,80.57,613.99,52.37,normal,0,0
2025-04-02,C,142,437.85,236.67,108.06,110.99,893.57,73.68,heavy,0,0
2025-04-02,D,143,607.01,230.42,162.3,146.7,1146.43,87.01,heavy,0,0
2025-04-02,A,144,243.01,131.54,100.19,59.29,534.04,40.13,normal,0,0
2025-04-02,B,145,327.54,113.74,89.37,77.43,608.07,57.01,normal,0,0
2025-04-02,C,146,276.52,145.23,67.49,67.06,556.3,53.97,normal,0,0
2025-04-02,D,147,567.4,197.86,211.45,90.89,1067.6,86.5,heavy,0,0
2025-04-02,A,148,476.11,128.74,160.11,105.76,870.72,73.64,normal,0,0
2025-04-02,B,149,435.34,153.05,103.58,116.76,1748.11,120.46,normal,1,0
2025-04-02,C,150,575.73,241.63,146.18,87.53,1051.07,76.47,heavy,0,0
2025-04-02,D,151,437.85,177.33,112.3,99.08,826.56,83.81,normal,0,0
2025-04-02,A,152,209.29,99.64,60.58,26.63,396.15,36.06,saver,0,0
2025-04-02,B,153,218.0,117.08,92.72,50.89,478.7,40.68,normal,0,0
2025-04-02,C,154,718.92,278.29,138.17,69.24,1575.82,100.47,heavy,0,1
2025-04-02,D,155,429.46,147.9,115.36,55.33,748.05,68.04,heavy,0,0
2025-04-02,A,156,345.82,139.87,86.75,83.01,655.44,55.51,normal,0,0
2025-04-02,B,157,326.25,146.84,86.54,66.84,626.47,51.87,normal,0,0
2025-04-02,C,158,295.66,118.23,102.25,59.74,575.88,60.05,normal,0,0
2025-04-02,D,159,387.74,116.74,92.2,97.04,693.72,58.85,normal,0,0
2025-04-02,A,160,263.79,95.31,77.17,43.24,479.5,34.36,normal,0,0
2025-04-02,B,161,364.43,99.82,130.19,40.87,635.31,47.32,normal,0,0
2025-04-02,C,162,332.11,197.76,133.82,41.68,705.36,62.65,normal,0,0
2025-04-02,D,163,556.01,324.12,236.92,139.7,1256.74,84.18,heavy,0,0
2025-04-02,A,164,230.77,89.88,92.58,41.23,779.87,54.95,normal,0,1
2025-04-02,B,165,401.33,117.92,98.21,59.27,676.73,52.8,normal,0,0
2025-04-02,C,166,316.89,99.88,92.21,36.39,713.61,38.22,saver,0,1
2025-04-02,D,167,514.49,238.67,160.5,79.88,993.54,77.41,heavy,0,0
2025-04-02,A,168,335.07,178.16,86.0,60.85,660.08,45.52,normal,0,0
2025-04-02,B,169,344.68,137.49,140.73,51.75,674.66,60.55,normal,0,0
2025-04-02,C,170,172.25,98.59,44.35,51.03,366.22,28.48,saver,0,0
2025-04-02,D,171,317.99,114.13,93.34,88.05,613.5,47.58,normal,0,0
2025-04-02,A,172,299.54,95.01,111.61,42.52,548.68,43.68,normal,0,0
2025-04-02,B,173,313.44,135.83,93.76,90.6,633.63,43.24,normal,0,0
2025-04-02,C,174,374.06,163.81,109.48,57.69,1060.79,56.84,normal,0,1
2025-04-02,D,175,417.52,241.33,116.32,75.52,850.69,66.64,heavy,0,0
2025-04-02,A,176,207.9,68.35,51.82,51.74,379.82,42.5,saver,0,0
2025-04-02,B,177,494.94,173.52,138.63,52.38,2084.97,161.09,normal,1,0
2025-04-02,C,178,526.83,224.11,166.95,54.28,972.17,113.13,heavy,0,0
2025-04-02,D,179,386.17,192.16,91.34,111.56,781.23,93.46,normal,0,0
2025-04-02,A,180,333.25,110.15,69.28,52.43,565.11,43.28,normal,0,0
2025-04-03,B,101,444.44,181.76,99.11,88.31,813.62,76.43,normal,0,0
2025-04-03,C,102,595.4,272.69,215.48,187.83,1271.4,85.01,heavy,0,0
2025-04-03,D,103,237.21,85.76,55.41,47.15,425.54,28.98,saver,0,0
2025-04-03,A,104,717.62,243.04,218.89,129.67,1309.22,104.48,heavy,0,0
2025-04-03,B,105,552.02,175.76,189.33,72.86,989.97,83.12,heavy,0,0
2025-04-03,C,106,423.31,135.6,102.71,99.64,761.26,55.16,normal,0,0
2025-04-03,D,107,392.52,176.02,159.94,106.62,835.1,86.16,heavy,0,0
2025-04-03,A,108,649.76,215.66,144.61,94.33,1104.36,99.11,heavy,0,0
2025-04-03,B,109,774.44,215.89,145.97,179.12,1315.42,123.14,heavy,0,0
2025-04-03,C,110,360.5,140.74,77.1,56.49,634.83,58.07,normal,0,0
2025-04-03,D,111,173.08,101.39,63.03,38.4,732.02,62.75,saver,1,0
2025-04-03,A,112,426.87,134.64,146.79,67.47,775.77,71.45,normal,0,0
2025-04-03,B,113,185.84,66.03,65.46,37.26,354.6,43.21,saver,0,0
2025-04-03,C,114,340.26,147.61,80.79,49.98,826.98,58.72,normal,0,1
2025-04-03,D,115,343.2,138.28,157.96,50.83,690.26,71.02,normal,0,0
2025-04-03,A,116,489.47,127.84,105.75,104.58,827.64,78.8,normal,0,0
2025-04-03,B,117,498.34,214.14,129.17,70.84,912.5,61.63,heavy,0,0
2025-04-03,C,118,720.51,223.18,196.92,80.07,1220.67,101.54,heavy,0,0
2025-04-03,D,119,421.79,160.24,133.95,112.44,828.43,76.8,normal,0,0
2025-04-03,A,120,480.42,151.37,132.89,96.25,860.93,77.45,normal,0,0
2025-04-03,B,121,455.71,196.84,132.99,83.07,868.6,91.09,normal,0,0
2025-04-03,C,122,236.52,98.01,88.28,75.05,497.86,42.42,saver,0,0
2025-04-03,D,123,479.83,189.67,95.7,88.56,853.75,76.82,normal,0,0
2025-04-03,A,124,256.4,105.55,67.82,68.73,675.33,42.46,normal,0,1
2025-04-03,B,125,684.49,216.48,265.92,152.01,1318.89,103.23,heavy,0,0
2025-04-03,C,126,467.03,138.37,111.22,48.99,765.62,55.72,normal,0,0
2025-04-03,D,127,329.96,111.27,82.24,107.68,631.15,58.78,normal,0,0
2025-04-03,A,128,409.61,140.36,105.74,63.39,719.1,54.94,normal,0,0
2025-04-03,B,129,501.53,233.62,192.84,90.66,1018.65,98.16,heavy,0,0
2025-04-03,C,130,314.44,124.16,101.04,60.94,600.58,56.2,saver,0,0
2025-04-03,D,131,299.5,108.05,72.3,48.26,528.1,40.02,normal,0,0
2025-04-03,A,132,292.51,117.59,92.91,44.28,873.98,48.74,normal,0,1
2025-04-03,B,133,376.38,127.98,82.09,56.9,643.34,65.68,normal,0,0
2025-04-03,C,134,500.37,195.67,230.45,169.49,1095.97,120.45,heavy,0,0
2025-04-03,D,135,417.91,148.88,145.89,95.44,808.11,86.88,normal,0,0
2025-04-03,A,136,328.66,152.64,81.29,99.28,661.87,73.47,normal,0,0
2025-04-03,B,137,256.33,140.75,112.21,81.1,590.4,72.89,normal,0,0
2025-04-03,C,138,318.84,103.31,76.38,43.88,542.42,56.83,normal,0,0
2025-04-03,D,139,317.26,155.2,119.26,51.09,642.82,75.76,normal,0,0
2025-04-03,A,140,521.9,214.7,137.75,61.33,1464.53,97.92,normal,0,1
2025-04-03,B,141,189.99,67.58,41.82,33.54,332.93,34.94,saver,0,0
2025-04-03,C,142,374.78,164.51,124.81,80.34,744.43,60.33,normal,0,0
2025-04-03,D,143,273.43,120.3,79.24,52.23,1272.85,77.19,normal,1,0
2025-04-03,A,144,276.41,112.32,65.44,27.42,820.18,39.9,saver,0,1
2025-04-03,B,145,269.66,140.88,103.16,30.43,544.13,44.72,saver,0,0
2025-04-03,C,146,383.5,155.49,117.14,83.6,739.72,55.36,normal,0,0
2025-04-03,D,147,320.31,121.48,79.75,83.7,605.23,44.42,normal,0,0
2025-04-03,A,148,344.35,134.96,96.33,90.07,665.71,45.61,normal,0,0
2025-04-03,B,149,644.96,316.14,221.12,149.67,2909.86,205.83,heavy,1,0
2025-04-03,C,150,651.55,218.92,191.21,101.08,1162.76,109.28,heavy,0,0
2025-04-03,D,151,159.89,80.09,53.09,21.29,314.35,23.42,saver,0,0
2025-04-03,A,152,389.5,134.45,92.62,60.27,676.83,53.86,normal,0,0
2025-04-03,B,153,492.2,147.6,139.32,72.49,851.62,75.38,normal,0,0
2025-04-03,C,154,399.95,150.96,88.2,80.51,719.62,51.19,normal,0,0
2025-04-03,D,155,263.18,94.16,115.67,59.36,532.38,35.97,normal,0,0
2025-04-03,A,156,536.53,194.04,105.03,70.73,1596.71,68.08,heavy,0,1
2025-04-03,B,157,330.81,135.05,110.01,77.46,653.33,48.37,normal,0,0
2025-04-03,C,158,303.46,152.29,86.04,62.69,1015.66,49.92,normal,0,1
2025-04-03,D,159,477.54,260.27,136.53,134.73,1009.07,91.97,heavy,0,0
2025-04-03,A,160,664.64,314.86,236.27,147.15,1362.92,133.7,heavy,0,0
2025-04-03,B,161,294.3,88.62,97.88,50.04,530.85,59.63,normal,0,0
2025-04-03,C,162,212.32,119.89,55.36,37.69,425.25,31.17,saver,0,0
2025-04-03,D,163,593.65,219.65,199.74,172.01,1185.05,101.74,heavy,0,0
2025-04-03,A,164,413.35,201.91,130.89,92.75,838.9,72.06,normal,0,0
2025-04-03,B,165,408.76,175.59,121.98,67.02,773.35,73.44,normal,0,0
2025-04-03,C,166,567.89,236.18,149.69,163.87,1117.64,112.71,heavy,0,0
2025-04-03,D,167,611.18,347.45,203.79,208.43,1370.85,165.51,heavy,0,0
2025-04-03,A,168,419.52,170.72,110.14,117.89,818.26,62.97,normal,0,0
2025-04-03,B,169,273.84,137.87,135.51,64.4,611.62,75.67,normal,0,0
2025-04-03,C,170,225.2,119.63,86.78,43.19,474.8,37.62,saver,0,0
2025-04-03,D,171,263.66,82.41,54.36,32.56,432.99,50.05,saver,0,0
2025-04-03,A,172,460.39,137.17,123.0,72.4,792.96,87.29,normal,0,0
2025-04-03,B,173,519.44,249.55,107.49,134.37,1010.85,94.59,heavy,0,0
2025-04-03,C,174,302.8,133.57,91.54,51.25,579.15,51.89,normal,0,0
2025-04-03,D,175,719.71,273.64,136.2,186.9,1316.45,99.51,heavy,0,0
2025-04-03,A,176,394.75,149.83,85.75,55.53,685.85,56.13,normal,0,0
2025-04-03,B,177,166.25,68.59,72.44,50.68,357.97,33.29,saver,0,0
2025-04-03,C,178,410.98,154.27,78.84,38.06,682.15,83.86,normal,0,0
2025-04-03,D,179,418.37,145.89,127.77,68.44,760.48,67.77,normal,0,0
2025-04-03,A,180,329.1,110.99,92.62,29.06,561.77,46.7,normal,0,0
2025-04-04,B,101,239.79,103.13,54.75,70.59,871.12,62.12,saver,1,0
2025-04-04,C,102,722.01,294.44,176.94,176.39,1369.77,104.55,heavy,0,0
2025-04-04,D,103,324.99,110.95,101.4,32.48,569.81,53.76,normal,0,0
2025-04-04,A,104,700.38,181.25,158.68,173.7,1214.02,105.68,heavy,0,0
2025-04-04,B,105,259.19,134.17,63.53,36.93,493.83,33.29,normal,0,0
2025-04-04,C,106,359.56,114.54,122.66,68.03,1120.8,56.76,normal,0,1
2025-04-04,D,107,468.44,220.09,158.16,75.99,922.69,62.16,normal,0,0
2025-04-04,A,108,518.16,179.95,159.79,156.57,1014.48,89.17,heavy,0,0
2025-04-04,B,109,443.8,157.81,139.41,62.93,803.94,65.33,normal,0,0
2025-04-04,C,110,603.95,298.54,239.37,194.98,1336.83,101.37,heavy,0,0
2025-04-04,D,111,277.48,142.16,81.91,63.2,564.75,48.33,normal,0,0
2025-04-04,A,112,649.62,286.79,226.08,73.21,1235.69,147.41,heavy,0,0
2025-04-04,B,113,232.34,90.41,55.56,65.7,444.0,39.99,normal,0,0
2025-04-04,C,114,271.02,108.36,82.63,84.45,546.45,42.55,normal,0,0
2025-04-04,D,115,191.42,79.77,59.08,44.41,374.66,41.49,saver,0,0
2025-04-04,A,116,298.72,127.35,60.98,68.7,555.74,46.99,normal,0,0
2025-04-04,B,117,380.13,103.01,69.08,42.82,595.04,42.64,normal,0,0
2025-04-04,C,118,642.44,224.62,164.49,119.36,2584.1,196.14,heavy,1,0
2025-04-04,D,119,476.43,230.69,128.14,121.9,957.16,65.81,heavy,0,0
2025-04-04,A,120,229.47,80.97,61.49,29.83,401.77,39.67,saver,0,0
2025-04-04,B,121,304.89,102.13,119.68,77.65,984.95,60.73,normal,0,1
2025-04-04,C,122,185.53,82.27,54.74,40.9,363.43,35.06,saver,0,0
2025-04-04,D,123,280.55,104.49,111.1,72.94,569.09,55.23,normal,0,0
2025-04-04,A,124,525.32,234.89,158.1,120.55,1038.86,87.58,heavy,0,0
2025-04-04,B,125,168.03,58.53,64.83,23.03,314.43,34.85,saver,0,0
2025-04-04,C,126,332.78,148.25,138.92,53.55,673.5,56.16,normal,0,0
2025-04-04,D,127,412.45,182.69,136.82,69.73,801.7,93.71,normal,0,0
2025-04-04,A,128,452.48,127.19,98.51,81.06,759.25,54.43,normal,0,0
2025-04-04,B,129,366.45,119.53,117.03,88.23,691.24,70.42,normal,0,0
2025-04-04,C,130,311.3,96.37,85.6,37.49,530.75,42.29,normal,0,0
2025-04-04,D,131,248.04,93.89,72.25,80.39,494.57,35.32,normal,0,0
2025-04-04,A,132,310.43,160.5,90.06,98.51,659.49,58.97,normal,0,0
2025-04-04,B,133,342.65,121.85,81.69,88.99,635.19,78.98,normal,0,0
2025-04-04,C,134,367.54,142.56,141.75,77.72,1150.14,49.23,normal,0,1
2025-04-04,D,135,375.52,104.7,88.97,33.62,602.8,48.57,normal,0,0
2025-04-04,A,136,445.81,154.47,91.0,101.28,792.57,63.07,normal,0,0
2025-04-04,B,137,384.52,144.4,118.07,105.7,752.68,77.58,normal,0,0
2025-04-04,C,138,348.6,137.83,86.19,44.22,616.84,57.87,normal,0,0
2025-04-04,D,139,350.93,121.49,93.7,75.0,641.12,58.64,normal,0,0
2025-04-04,A,140,468.98,147.89,108.32,113.35,1554.6,123.48,heavy,1,0
2025-04-04,B,141,663.75,204.85,232.28,178.3,1279.18,141.86,heavy,0,0
2025-04-04,C,142,287.31,143.21,87.92,88.78,946.36,64.62,normal,0,1
2025-04-04,D,143,398.97,130.54,95.55,43.92,1202.68,57.45,normal,0,1
2025-04-04,A,144,362.36,145.36,128.21,94.78,730.71,89.78,normal,0,0
2025-04-04,B,145,579.5,299.21,254.73,92.85,2020.49,127.19,heavy,0,1
2025-04-04,C,146,366.56,160.74,119.53,65.22,712.05,54.43,normal,0,0
2025-04-04,D,147,362.75,130.09,69.7,64.59,627.12,74.31,normal,0,0
2025-04-04,A,148,249.75,84.66,80.44,47.76,462.6,33.33,normal,0,0
2025-04-04,B,149,354.19,160.38,112.16,82.43,1219.94,55.16,normal,0,1
2025-04-04,C,150,370.77,156.3,152.32,76.24,755.63,78.08,normal,0,0
2025-04-04,D,151,305.93,143.0,105.22,35.01,589.15,50.86,normal,0,0
2025-04-04,A,152,333.46,140.96,91.73,115.84,681.99,82.9,normal,0,0
2025-04-04,B,153,521.64,191.44,126.8,63.05,902.92,70.0,heavy,0,0
2025-04-04,C,154,368.88,172.72,91.43,54.26,1586.6,127.67,normal,1,0
2025-04-04,D,155,303.43,132.62,66.87,85.99,878.0,50.58,normal,0,1
2025-04-04,A,156,242.6,97.62,67.36,46.19,453.77,34.7,saver,0,0
2025-04-04,B,157,285.69,96.1,97.84,41.22,845.25,93.72,saver,1,0
2025-04-04,C,158,427.44,166.24,146.39,89.04,829.11,75.5,normal,0,0
2025-04-04,D,159,243.01,146.88,93.82,42.09,525.8,56.01,normal,0,0
2025-04-04,A,160,570.55,264.52,190.16,119.32,1144.55,120.98,heavy,0,0
2025-04-04,B,161,303.09,182.08,110.28,88.35,683.81,48.93,normal,0,0
2025-04-04,C,162,227.07,88.68,65.68,52.93,434.36,52.21,saver,0,0
2025-04-04,D,163,677.87,247.15,252.98,122.53,1300.53,160.47,heavy,0,0
2025-04-04,A,164,738.65,261.57,238.63,129.84,1368.69,132.74,heavy,0,0
2025-04-04,B,165,262.0,91.24,71.1,79.16,503.5,41.05,normal,0,0
2025-04-04,C,166,161.39,74.09,67.2,23.67,326.35,26.62,saver,0,0
2025-04-04,D,167,363.81,166.43,163.28,75.34,768.87,59.74,normal,0,0
2025-04-04,A,168,595.48,209.13,218.74,184.46,1851.36,147.49,heavy,0,1
2025-04-04,B,169,157.17,71.44,63.99,32.85,500.34,46.71,saver,1,0
2025-04-04,C,170,220.56,90.22,79.28,55.26,445.33,36.99,saver,0,0
2025-04-04,D,171,277.8,138.0,87.81,90.06,899.78,92.65,normal,1,0
2025-04-04,A,172,324.49,120.91,77.27,70.98,593.64,53.31,normal,0,0
2025-04-04,B,173,352.05,166.94,120.5,66.67,706.16,49.49,normal,0,0
2025-04-04,C,174,190.5,102.87,48.08,36.12,377.57,35.64,saver,0,0
2025-04-04,D,175,643.08,177.64,226.22,157.6,1204.54,110.49,heavy,0,0
2025-04-04,A,176,651.43,267.14,234.51,82.71,1663.28,89.64,heavy,0,1
2025-04-04,B,177,167.14,54.1,55.54,30.72,307.5,24.01,saver,0,0
2025-04-04,C,178,304.87,101.21,79.66,50.98,536.71,53.54,normal,0,0
2025-04-04,D,179,331.69,114.93,110.72,66.72,624.07,66.2,normal,0,0
2025-04-04,A,180,273.4,82.26,77.4,67.17,500.23,36.44,saver,0,0
2025-04-05,B,101,699.26,203.23,201.48,176.63,1280.61,107.26,heavy,0,0
2025-04-05,C,102,391.07,212.5,104.07,112.43,820.07,63.32,normal,0,0
2025-04-05,D,103,518.51,289.16,232.04,78.04,1117.74,88.76,normal,0,0
2025-04-05,A,104,432.55,161.92,147.76,88.63,830.86,93.68,normal,0,0
2025-04-05,B,105,433.83,172.81,131.94,62.0,800.58,84.69,normal,0,0
2025-04-05,C,106,346.43,144.72,124.14,55.58,670.88,52.1,normal,0,0
2025-04-05,D,107,777.7,226.21,199.48,121.02,1324.41,110.49,heavy,0,0
2025-04-05,A,108,354.66,148.21,112.93,64.77,680.57,71.2,saver,0,0
2025-04-05,B,109,302.5,143.8,85.51,77.26,609.08,55.13,saver,0,0
2025-04-05,C,110,433.12,190.26,84.22,107.62,815.22,60.26,normal,0,0
2025-04-05,D,111,576.58,232.55,171.31,124.54,1104.98,80.94,normal,0,0
2025-04-05,A,112,671.08,253.63,219.69,160.96,1305.36,134.59,heavy,0,0
2025-04-05,B,113,581.74,255.08,127.53,98.55,1062.9,90.39,normal,0,0
2025-04-05,C,114,670.42,291.04,131.07,162.96,1255.5,133.93,heavy,0,0
2025-04-05,D,115,645.53,217.9,212.22,54.85,1130.51,120.98,normal,0,0
2025-04-05,A,116,409.25,155.37,142.24,55.8,762.66,54.8,saver,0,0
2025-04-05,B,117,337.16,124.93,77.16,36.27,575.52,42.54,saver,0,0
2025-04-05,C,118,397.4,137.87,75.96,96.01,707.24,58.9,normal,0,0
2025-04-05,D,119,283.17,125.96,108.23,67.54,584.89,68.73,normal,0,0
2025-04-05,A,120,622.81,182.99,131.93,152.21,1089.94,86.12,normal,0,0
2025-04-05,B,121,675.63,271.45,244.85,117.36,1309.29,155.2,heavy,0,0
2025-04-05,C,122,460.61,185.39,139.27,94.93,880.2,70.68,normal,0,0
2025-04-05,D,123,371.07,135.96,105.58,78.4,691.01,60.11,normal,0,0
2025-04-05,A,124,430.86,114.13,75.53,64.67,685.19,75.64,normal,0,0
2025-04-05,B,125,447.71,160.53,117.09,51.79,777.12,56.08,normal,0,0
2025-04-05,C,126,401.3,172.67,109.81,105.01,788.79,80.84,normal,0,0
2025-04-05,D,127,544.96,222.62,122.56,55.86,946.0,103.22,normal,0,0
2025-04-05,A,128,433.67,195.24,112.59,88.01,829.51,64.92,normal,0,0
2025-04-05,B,129,384.33,137.05,87.9,95.52,704.79,77.01,normal,0,0
2025-04-05,C,130,513.73,212.49,190.64,99.2,1016.07,94.92,heavy,0,0
2025-04-05,D,131,893.74,364.41,284.02,147.69,1689.85,129.41,heavy,0,0
2025-04-05,A,132,627.15,349.84,267.58,89.67,1334.26,107.14,heavy,0,0
2025-04-05,B,133,711.58,278.85,256.29,223.62,1470.34,155.48,heavy,0,0
2025-04-05,C,134,437.44,203.31,179.68,55.52,875.96,64.92,normal,0,0
2025-04-05,D,135,462.22,153.74,117.99,119.74,853.69,57.96,normal,0,0
2025-04-05,A,136,826.6,313.89,230.83,96.09,2431.17,98.89,heavy,0,1
2025-04-05,B,137,600.95,212.92,163.95,146.27,1124.09,126.46,normal,0,0
2025-04-05,C,138,384.17,141.26,174.23,102.29,1358.52,87.9,normal,0,1
2025-04-05,D,139,515.05,209.85,140.0,88.74,953.64,99.4,normal,0,0
2025-04-05,A,140,510.33,169.56,145.1,115.91,940.9,69.41,normal,0,0
2025-04-05,B,141,455.98,202.99,167.33,89.52,915.82,83.83,normal,0,0
2025-04-05,C,142,748.36,313.5,218.38,191.34,1471.59,154.37,heavy,0,0
2025-04-05,D,143,261.92,112.76,93.26,51.19,519.13,56.1,saver,0,0
2025-04-05,A,144,804.58,384.17,169.42,224.75,1582.91,167.37,heavy,0,0
2025-04-05,B,145,225.23,101.91,74.88,56.97,458.99,35.18,saver,0,0
2025-04-05,C,146,285.85,118.46,102.0,80.32,586.63,60.6,saver,0,0
2025-04-05,D,147,328.53,115.63,77.9,75.06,597.12,41.32,saver,0,0
2025-04-05,A,148,506.03,169.57,177.07,107.28,959.95,110.61,normal,0,0
2025-04-05,B,149,305.07,110.53,101.32,69.15,586.08,69.58,saver,0,0
2025-04-05,C,150,876.41,383.58,172.46,169.88,2412.81,126.95,heavy,0,1
2025-04-05,D,151,897.8,379.47,300.8,142.76,1720.83,175.34,heavy,0,0
2025-04-05,A,152,339.57,110.45,130.35,81.92,662.29,79.53,normal,0,0
2025-04-05,B,153,545.08,274.69,172.14,138.12,1130.04,85.99,normal,0,0
2025-04-05,C,154,766.22,399.71,248.37,115.58,1529.88,175.33,heavy,0,0
2025-04-05,D,155,747.16,353.4,255.36,198.88,2384.9,127.51,heavy,0,1
2025-04-05,A,156,415.15,128.14,111.93,46.47,701.7,61.12,normal,0,0
2025-04-05,B,157,323.05,105.77,115.71,45.81,590.34,52.52,normal,0,0
2025-04-05,C,158,530.68,261.1,207.61,74.2,1073.6,111.76,normal,0,0
2025-04-05,D,159,457.61,173.22,140.07,86.06,856.96,73.24,saver,0,0
2025-04-05,A,160,464.56,212.97,147.19,121.82,946.55,86.57,normal,0,0
2025-04-05,B,161,366.36,143.45,111.46,88.05,709.31,53.27,normal,0,0
2025-04-05,C,162,467.53,147.63,141.93,53.18,810.26,99.96,normal,0,0
2025-04-05,D,163,619.09,206.85,186.63,147.46,1160.03,109.45,heavy,0,0
2025-04-05,A,164,434.82,171.76,172.03,133.47,912.08,66.13,normal,0,0
2025-04-05,B,165,709.29,270.78,183.17,152.29,1315.53,100.18,heavy,0,0
2025-04-05,C,166,279.63,158.02,129.08,66.68,633.4,44.49,saver,0,0
2025-04-05,D,167,565.76,266.19,180.95,93.07,1807.97,144.36,normal,1,0
2025-04-05,A,168,344.04,128.39,103.47,67.0,642.9,57.35,normal,0,0
2025-04-05,B,169,372.7,120.46,81.96,107.17,682.28,76.66,normal,0,0
2025-04-05,C,170,504.73,161.16,141.75,45.17,852.82,80.75,normal,0,0
2025-04-05,D,171,412.21,126.81,83.78,62.57,1315.02,98.99,normal,1,0
2025-04-05,A,172,644.7,274.53,185.72,134.37,1239.33,144.47,heavy,0,0
2025-04-05,B,173,416.49,149.18,158.46,73.89,1859.39,88.73,normal,1,0
2025-04-05,C,174,392.37,209.75,155.97,95.14,853.24,64.82,normal,0,0
2025-04-05,D,175,615.99,251.67,188.45,93.4,1149.51,86.3,heavy,0,0
2025-04-05,A,176,418.61,215.62,95.71,106.8,836.74,71.56,normal,0,0
2025-04-05,B,177,413.47,208.25,164.93,62.11,848.76,76.58,normal,0,0
2025-04-05,C,178,551.64,176.38,123.91,68.35,2234.87,136.57,normal,1,0
2025-04-05,D,179,259.07,87.67,63.44,57.61,467.78,45.62,saver,0,0
2025-04-05,A,180,873.2,362.02,174.2,150.38,2351.52,193.8,heavy,0,1
2025-04-06,B,101,353.7,157.96,135.71,40.21,687.59,55.46,normal,0,0
2025-04-06,C,102,396.63,170.23,120.31,88.45,775.61,67.06,normal,0,0
2025-04-06,D,103,248.92,101.95,73.92,61.23,486.03,51.58,saver,0,0
2025-04-06,A,104,315.23,172.92,152.0,113.95,754.1,52.73,normal,0,0
2025-04-06,B,105,391.32,219.84,116.84,71.53,1213.2,120.4,normal,1,0
2025-04-06,C,106,598.59,257.16,159.12,67.16,1082.03,127.53,normal,0,0
2025-04-06,D,107,861.67,279.82,298.08,136.85,1576.43,129.38,heavy,0,0
2025-04-06,A,108,403.5,130.83,165.44,100.48,800.24,61.28,normal,0,0
2025-04-06,B,109,353.96,146.5,100.8,99.06,700.31,53.67,saver,0,0
2025-04-06,C,110,538.68,226.82,125.9,93.34,984.74,66.18,normal,0,0
2025-04-06,D,111,444.65,136.73,136.82,90.26,808.46,74.03,normal,0,0
2025-04-06,A,112,314.82,176.54,108.49,113.55,713.4,51.65,normal,0,0
2025-04-06,B,113,399.55,157.68,138.02,110.83,806.08,81.83,normal,0,0
2025-04-06,C,114,652.58,273.48,178.16,107.48,1211.71,118.56,heavy,0,0
2025-04-06,D,115,456.82,155.98,107.74,67.0,787.54,90.57,normal,0,0
2025-04-06,A,116,214.05,106.95,86.52,52.31,459.84,31.41,saver,0,0
2025-04-06,B,117,624.32,273.16,240.94,176.08,1314.49,92.59,heavy,0,0
2025-04-06,C,118,434.08,194.04,114.55,114.44,857.12,101.35,normal,0,0
2025-04-06,D,119,524.87,232.61,204.66,117.87,1080.01,112.28,normal,0,0
2025-04-06,A,120,395.45,140.94,117.15,55.31,708.84,67.44,saver,0,0
2025-04-06,B,121,447.44,147.66,87.88,65.25,748.23,53.96,normal,0,0
2025-04-06,C,122,913.66,378.32,353.33,98.1,4261.52,233.04,heavy,1,0
2025-04-06,D,123,480.6,162.27,187.72,82.01,912.6,72.57,normal,0,0
2025-04-06,A,124,647.2,257.07,252.69,145.3,1302.26,111.64,heavy,0,0
2025-04-06,B,125,699.4,391.34,178.56,160.94,2399.41,110.25,heavy,0,1
2025-04-06,C,126,621.98,255.09,224.49,176.64,1278.2,125.77,normal,0,0
2025-04-06,D,127,334.16,189.43,94.15,49.66,667.4,66.33,normal,0,0
2025-04-06,A,128,845.41,371.33,281.27,160.39,1658.4,111.02,heavy,0,0
2025-04-06,B,129,509.43,172.14,172.81,51.54,905.93,95.59,normal,0,0
2025-04-06,C,130,427.99,153.63,122.42,51.11,755.14,80.11,normal,0,0
2025-04-06,D,131,755.04,278.05,206.92,154.42,1394.43,141.75,heavy,0,0
2025-04-06,A,132,542.64,211.88,132.54,140.74,1027.8,70.94,heavy,0,0
2025-04-06,B,133,534.93,187.0,146.23,75.4,943.55,71.74,normal,0,0
2025-04-06,C,134,442.9,187.86,114.31,79.75,824.82,79.6,normal,0,0
2025-04-06,D,135,493.43,156.08,164.76,48.35,862.62,77.66,normal,0,0
2025-04-06,A,136,873.35,316.97,224.53,174.99,1589.85,198.19,heavy,0,0
2025-04-06,B,137,647.48,319.77,284.56,144.07,1395.88,114.39,heavy,0,0
2025-04-06,C,138,502.1,249.1,186.24,129.99,1067.42,77.27,normal,0,0
2025-04-06,D,139,602.0,314.52,167.41,175.13,1259.06,91.8,heavy,0,0
2025-04-06,A,140,211.37,79.5,44.14,47.15,382.17,27.06,saver,0,0
2025-04-06,B,141,604.9,221.85,197.62,170.47,1194.83,119.16,heavy,0,0
2025-04-06,C,142,449.77,177.21,90.79,109.56,1164.13,79.7,saver,0,1
2025-04-06,D,143,175.59,87.69,43.01,38.24,344.53,29.46,saver,0,0
2025-04-06,A,144,361.14,94.5,62.96,93.51,612.11,75.13,normal,0,0
2025-04-06,B,145,869.84,233.87,153.68,92.26,1349.64,100.14,heavy,0,0
2025-04-06,C,146,773.48,279.42,209.69,78.83,1341.42,91.96,heavy,0,0
2025-04-06,D,147,358.62,114.86,72.24,43.56,589.28,68.78,saver,0,0
2025-04-06,A,148,263.79,132.86,71.88,48.86,517.39,36.46,saver,0,0
2025-04-06,B,149,554.5,158.65,106.52,137.8,957.46,72.67,normal,0,0
2025-04-06,C,150,399.75,191.66,153.67,84.48,829.55,59.72,normal,0,0
2025-04-06,D,151,612.16,221.63,203.03,99.97,1136.8,81.9,normal,0,0
2025-04-06,A,152,320.68,123.74,76.7,78.2,599.33,41.89,saver,0,0
2025-04-06,B,153,591.86,235.07,150.27,144.74,1121.93,135.74,normal,0,0
2025-04-06,C,154,336.93,139.98,111.18,39.33,627.42,43.96,saver,0,0
2025-04-06,D,155,520.7,178.99,172.12,57.69,929.49,75.02,normal,0,0
2025-04-06,A,156,384.91,147.04,94.59,45.54,672.09,77.46,saver,0,0
2025-04-06,B,157,432.52,170.77,188.03,116.72,908.04,77.61,normal,0,0
2025-04-06,C,158,412.28,180.05,147.15,37.73,777.22,75.89,normal,0,0
2025-04-06,D,159,182.98,69.02,39.03,52.34,343.37,34.97,saver,0,0
2025-04-06,A,160,378.55,145.0,103.71,86.79,1447.18,101.9,normal,1,0
2025-04-06,B,161,491.25,222.67,125.16,58.22,897.31,75.54,normal,0,0
2025-04-06,C,162,641.0,197.86,209.27,150.28,1198.41,96.73,normal,0,0
2025-04-06,D,163,614.78,242.96,181.02,119.5,1158.27,79.47,heavy,0,0
2025-04-06,A,164,383.95,149.62,101.18,47.41,682.16,53.84,normal,0,0
2025-04-06,B,165,485.18,188.79,161.88,115.89,951.74,65.43,normal,0,0
2025-04-06,C,166,167.96,77.35,52.95,58.1,356.36,30.26,saver,0,0
2025-04-06,D,167,421.58,148.4,144.88,111.18,826.03,62.93,normal,0,0
2025-04-06,A,168,342.2,205.61,149.89,42.78,740.47,92.03,normal,0,0
2025-04-06,B,169,369.61,114.82,103.73,68.96,657.12,69.95,normal,0,0
2025-04-06,C,170,611.41,166.98,184.92,73.53,1036.84,93.63,normal,0,0
2025-04-06,D,171,412.16,162.31,104.8,95.78,775.04,54.68,normal,0,0
2025-04-06,A,172,555.85,234.9,119.7,124.18,1494.93,120.03,heavy,0,1
2025-04-06,B,173,393.87,177.54,86.7,102.37,760.48,52.59,normal,0,0
2025-04-06,C,174,399.04,155.85,89.31,89.2,733.39,54.71,normal,0,0
2025-04-06,D,175,420.69,173.98,116.92,63.94,775.53,78.85,normal,0,0
2025-04-06,A,176,688.75,256.25,194.07,143.46,1282.53,117.8,heavy,0,0
2025-04-06,B,177,1131.11,318.23,331.94,282.38,2063.65,140.51,heavy,0,0
2025-04-06,C,178,519.11,219.66,119.23,122.52,980.52,91.28,normal,0,0
2025-04-06,D,179,882.53,314.02,327.2,169.8,1693.56,127.64,heavy,0,0
2025-04-06,A,180,354.26,150.73,96.49,42.8,949.44,58.44,normal,0,1
2025-04-07,B,101,557.41,289.99,159.78,175.41,1182.58,147.54,heavy,0,0
2025-04-07,C,102,319.49,124.24,121.76,105.67,671.16,79.5,normal,0,0
2025-04-07,D,103,296.29,109.89,80.39,48.3,534.88,60.02,normal,0,0
2025-04-07,A,104,268.11,91.86,79.68,32.34,472.0,55.86,normal,0,0
2025-04-07,B,105,299.42,95.15,85.59,71.2,1145.71,94.57,normal,1,0
2025-04-07,C,106,235.93,127.13,57.95,54.51,475.53,45.19,saver,0,0
2025-04-07,D,107,164.56,78.53,70.7,24.03,337.82,30.93,saver,0,0
2025-04-07,A,108,720.63,244.96,215.86,89.69,1271.14,142.09,heavy,0,0
2025-04-07,B,109,571.16,214.16,172.03,85.61,1042.97,82.94,heavy,0,0
2025-04-07,C,110,410.34,148.61,144.24,43.85,747.04,50.21,normal,0,0
2025-04-07,D,111,438.52,141.06,107.23,82.11,768.92,91.55,normal,0,0
2025-04-07,A,112,590.01,156.16,102.24,132.54,980.96,71.43,heavy,0,0
2025-04-07,B,113,399.63,168.92,78.02,70.56,717.14,81.46,normal,0,0
2025-04-07,C,114,485.01,175.96,90.44,55.5,806.91,92.6,normal,0,0
2025-04-07,D,115,422.38,189.88,124.58,52.58,789.42,73.52,normal,0,0
2025-04-07,A,116,298.44,109.33,87.95,93.86,589.58,58.13,normal,0,0
2025-04-07,B,117,221.76,83.89,85.62,48.91,440.18,47.15,saver,0,0
2025-04-07,C,118,458.64,159.33,178.93,75.95,872.85,78.27,heavy,0,0
2025-04-07,D,119,275.6,135.59,77.39,60.64,549.22,63.25,normal,0,0
2025-04-07,A,120,297.71,110.29,122.38,60.8,591.18,53.96,normal,0,0
2025-04-07,B,121,645.81,258.43,154.63,177.84,1236.71,135.27,heavy,0,0
2025-04-07,C,122,607.28,185.85,159.77,74.34,1027.23,76.7,heavy,0,0
2025-04-07,D,123,187.12,76.5,77.76,38.12,379.5,36.24,saver,0,0
2025-04-07,A,124,435.41,181.09,103.47,64.6,784.56,75.59,normal,0,0
2025-04-07,B,125,292.02,116.0,75.81,51.85,535.69,52.87,saver,0,0
2025-04-07,C,126,335.03,105.28,100.65,71.79,612.76,42.26,normal,0,0
2025-04-07,D,127,458.29,153.36,183.03,113.39,908.07,74.41,heavy,0,0
2025-04-07,A,128,385.99,149.25,112.8,102.55,1241.02,65.38,normal,0,1
2025-04-07,B,129,312.95,92.86,92.38,28.92,527.12,65.49,normal,0,0
2025-04-07,C,130,480.38,123.47,83.52,109.02,796.4,66.94,normal,0,0
2025-04-07,D,131,316.27,151.34,81.65,80.22,629.49,64.69,normal,0,0
2025-04-07,A,132,401.71,180.2,88.22,120.48,790.61,67.82,normal,0,0
2025-04-07,B,133,350.41,136.7,110.76,53.54,651.4,48.19,normal,0,0
2025-04-07,C,134,283.25,92.94,99.18,64.53,991.92,75.41,normal,1,0
2025-04-07,D,135,523.18,238.3,107.46,151.39,1020.33,71.86,heavy,0,0
2025-04-07,A,136,378.91,124.76,100.83,44.16,648.65,56.69,normal,0,0
2025-04-07,B,137,274.38,114.29,117.31,47.9,553.88,44.87,normal,0,0
2025-04-07,C,138,589.53,273.22,117.87,165.51,1146.13,136.44,heavy,0,0
2025-04-07,D,139,326.36,146.88,83.24,78.59,635.07,54.47,normal,0,0
2025-04-07,A,140,280.66,105.46,71.48,81.45,539.05,43.91,normal,0,0
2025-04-07,B,141,300.59,134.98,89.91,83.17,608.65,49.71,normal,0,0
2025-04-07,C,142,228.77,94.01,88.36,35.89,447.02,43.18,normal,0,0
2025-04-07,D,143,189.02,86.05,66.94,28.47,370.48,41.54,saver,0,0
2025-04-07,A,144,608.31,323.19,174.97,142.77,1249.25,154.93,heavy,0,0
2025-04-07,B,145,462.91,158.79,140.95,80.62,843.27,75.52,normal,0,0
2025-04-07,C,146,519.87,163.08,151.54,94.97,929.46,69.78,heavy,0,0
2025-04-07,D,147,273.09,78.9,66.02,37.41,455.42,37.43,saver,0,0
2025-04-07,A,148,147.75,66.01,64.71,28.09,306.56,23.41,saver,0,0
2025-04-07,B,149,570.61,251.73,183.46,140.97,1989.79,95.44,heavy,0,1
2025-04-07,C,150,725.96,235.53,236.19,91.27,1986.3,206.35,heavy,1,0
2025-04-07,D,151,421.18,173.22,148.05,75.03,817.47,56.73,normal,0,0
2025-04-07,A,152,329.23,111.75,78.43,44.01,834.19,60.58,normal,0,1
2025-04-07,B,153,403.12,199.97,135.05,114.31,852.45,56.86,normal,0,0
2025-04-07,C,154,615.43,267.91,254.47,188.39,1326.21,98.76,heavy,0,0
2025-04-07,D,155,233.53,101.74,85.18,70.1,490.54,36.54,normal,0,0
2025-04-07,A,156,699.29,303.4,146.46,126.13,2206.45,87.26,heavy,0,1
2025-04-07,B,157,239.67,112.2,81.59,70.43,503.88,56.07,normal,0,0
2025-04-07,C,158,416.24,169.8,166.57,130.03,882.64,90.29,heavy,0,0
2025-04-07,D,159,330.04,142.85,121.24,92.37,686.5,50.93,normal,0,0
2025-04-07,A,160,581.88,213.56,155.89,133.58,1084.91,101.7,heavy,0,0
2025-04-07,B,161,341.43,142.03,136.94,40.16,660.57,55.52,normal,0,0
2025-04-07,C,162,275.51,151.24,68.91,57.71,553.37,42.05,normal,0,0
2025-04-07,D,163,518.1,320.6,237.04,189.81,1265.55,130.39,heavy,0,0
2025-04-07,A,164,722.88,227.46,187.72,158.75,1296.82,103.93,heavy,0,0
2025-04-07,B,165,192.52,60.76,59.16,41.13,353.56,26.56,saver,0,0
2025-04-07,C,166,292.67,143.84,105.93,67.42,886.16,53.44,normal,0,1
2025-04-07,D,167,486.63,232.56,148.29,116.63,984.11,99.21,heavy,0,0
2025-04-07,A,168,344.13,194.84,105.99,85.98,730.94,63.7,normal,0,0
2025-04-07,B,169,277.82,123.49,75.16,68.73,545.2,63.39,normal,0,0
2025-04-07,C,170,402.43,191.0,94.19,67.95,1689.15,113.41,normal,1,0
2025-04-07,D,171,332.74,136.28,107.0,89.66,1138.77,80.86,normal,1,0
2025-04-07,A,172,338.87,172.73,91.1,91.56,694.26,51.07,normal,0,0
2025-04-07,B,173,509.3,195.49,93.62,107.04,905.45,92.69,normal,0,0
2025-04-07,C,174,231.52,106.85,60.68,40.77,439.82,37.8,saver,0,0
2025-04-07,D,175,338.09,115.22,77.93,37.61,1419.41,128.5,normal,1,0
2025-04-07,A,176,496.07,178.31,186.18,77.56,938.12,67.97,heavy,0,0
2025-04-07,B,177,290.59,119.55,67.95,76.58,968.26,69.09,normal,1,0
2025-04-07,C,178,392.17,170.74,84.17,100.25,747.33,51.26,normal,0,0
2025-04-07,D,179,288.04,144.32,64.66,49.51,546.52,44.72,normal,0,0
2025-04-07,A,180,554.22,205.54,192.32,113.09,1065.18,102.58,heavy,0,0
2025-04-08,B,101,419.35,200.55,161.43,114.75,896.08,104.6,normal,0,0
2025-04-08,C,102,317.01,82.53,103.2,56.63,559.37,43.13,saver,0,0
2025-04-08,D,103,217.86,106.16,87.15,51.03,462.2,49.72,saver,0,0
2025-04-08,A,104,480.6,231.36,149.37,133.68,995.01,108.74,heavy,0,0
2025-04-08,B,105,431.54,113.34,123.24,73.91,742.03,60.9,normal,0,0
2025-04-08,C,106,412.53,223.51,183.97,79.93,899.94,63.61,heavy,0,0
2025-04-08,D,107,315.57,101.81,91.95,53.3,562.63,57.9,normal,0,0
2025-04-08,A,108,482.37,187.01,136.67,78.86,1287.92,78.45,normal,0,1
2025-04-08,B,109,162.56,66.29,46.91,51.72,455.55,28.1,saver,0,1
2025-04-08,C,110,161.56,83.92,60.52,39.24,345.23,31.29,saver,0,0
2025-04-08,D,111,367.53,195.09,122.49,62.81,1072.83,77.38,normal,0,1
2025-04-08,A,112,579.1,164.91,165.77,78.19,1524.77,84.51,heavy,0,1
2025-04-08,B,113,139.57,57.28,48.3,38.89,284.03,19.77,saver,0,0
2025-04-08,C,114,183.82,57.39,57.64,28.13,326.98,39.38,saver,0,0
2025-04-08,D,115,316.86,135.85,72.4,94.67,619.77,72.36,normal,0,0
2025-04-08,A,116,314.56,140.02,83.49,42.69,580.76,66.39,normal,0,0
2025-04-08,B,117,343.46,162.06,116.65,116.98,739.15,74.59,normal,0,0
2025-04-08,C,118,165.32,77.35,52.45,29.06,324.18,36.53,saver,0,0
2025-04-08,D,119,234.23,121.12,77.04,58.73,491.12,51.94,normal,0,0
2025-04-08,A,120,345.08,156.77,104.9,44.02,650.77,44.8,normal,0,0
2025-04-08,B,121,237.67,101.7,57.81,53.13,450.31,33.32,saver,0,0
2025-04-08,C,122,292.62,161.51,105.17,102.53,661.82,61.24,normal,0,0
2025-04-08,D,123,298.28,119.59,106.97,41.71,566.54,56.1,normal,0,0
2025-04-08,A,124,336.38,128.21,106.96,73.99,645.54,65.18,normal,0,0
2025-04-08,B,125,382.09,135.95,79.35,86.83,684.23,53.7,normal,0,0
2025-04-08,C,126,424.55,175.24,142.11,85.16,827.06,71.45,heavy,0,0
2025-04-08,D,127,552.5,251.78,163.78,69.6,1656.83,87.17,heavy,0,1
2025-04-08,A,128,271.02,156.1,86.7,56.34,570.15,39.69,normal,0,0
2025-04-08,B,129,335.34,160.3,78.84,52.42,626.9,46.36,normal,0,0
2025-04-08,C,130,378.77,189.4,138.88,99.21,806.27,66.71,normal,0,0
2025-04-08,D,131,745.19,296.51,246.1,118.67,1406.48,110.24,heavy,0,0
2025-04-08,A,132,255.95,145.01,73.69,76.47,551.13,40.05,normal,0,0
2025-04-08,B,133,291.01,155.38,91.75,35.55,573.7,42.51,normal,0,0
2025-04-08,C,134,479.94,257.54,143.91,64.34,945.73,64.36,heavy,0,0
2025-04-08,D,135,521.46,206.93,114.32,67.42,910.13,104.81,normal,0,0
2025-04-08,A,136,328.74,89.4,61.45,40.29,932.59,39.16,normal,0,1
2025-04-08,B,137,316.31,136.92,110.0,94.92,1606.24,142.4,normal,1,0
2025-04-08,C,138,256.17,109.91,72.42,67.23,505.73,41.11,normal,0,0
2025-04-08,D,139,189.84,61.22,37.8,36.11,324.96,31.73,saver,0,0
2025-04-08,A,140,289.45,153.54,85.97,70.72,599.68,59.67,normal,0,0
2025-04-08,B,141,309.29,111.1,86.75,78.26,585.4,72.83,normal,0,0
2025-04-08,C,142,279.65,171.69,120.1,69.69,641.12,44.38,normal,0,0
2025-04-08,D,143,284.83,145.08,99.82,87.05,616.79,53.97,normal,0,0
2025-04-08,A,144,698.81,216.16,205.39,76.81,1197.17,136.33,heavy,0,0
2025-04-08,B,145,316.05,141.95,92.01,73.04,623.05,50.08,normal,0,0
2025-04-08,C,146,344.69,196.79,87.27,66.21,694.96,71.87,normal,0,0
2025-04-08,D,147,360.22,204.5,83.56,60.97,983.47,55.71,normal,0,1
2025-04-08,A,148,305.43,127.0,103.08,60.42,595.93,44.27,normal,0,0
2025-04-08,B,149,237.34,81.3,77.08,64.94,460.65,31.62,normal,0,0
2025-04-08,C,150,704.13,227.07,149.0,119.96,1200.16,87.95,heavy,0,0
2025-04-08,D,151,484.93,122.28,151.26,95.33,853.8,95.24,normal,0,0
2025-04-08,A,152,267.96,118.29,61.21,27.84,475.29,42.5,normal,0,0
2025-04-08,B,153,315.4,111.48,76.85,27.71,531.45,52.24,normal,0,0
2025-04-08,C,154,522.5,158.39,128.83,107.94,1269.09,77.44,heavy,0,1
2025-04-08,D,155,239.85,114.1,88.4,44.33,486.68,33.03,normal,0,0
2025-04-08,A,156,232.38,119.92,73.88,57.89,484.07,38.33,saver,0,0
2025-04-08,B,157,368.71,139.45,108.57,85.77,702.5,77.36,normal,0,0
2025-04-08,C,158,331.86,140.9,117.8,50.14,640.7,71.68,normal,0,0
2025-04-08,D,159,329.31,132.69,95.76,88.96,646.72,54.39,normal,0,0
2025-04-08,A,160,362.03,148.17,130.9,50.42,691.52,61.91,normal,0,0
2025-04-08,B,161,507.92,162.19,130.49,93.1,893.7,89.44,normal,0,0
2025-04-08,C,162,339.07,119.68,98.0,59.96,616.71,44.63,normal,0,0
2025-04-08,D,163,251.61,73.84,71.37,26.63,907.29,62.48,saver,1,0
2025-04-08,A,164,482.13,184.67,122.75,137.93,927.49,63.09,heavy,0,0
2025-04-08,B,165,312.88,98.34,73.48,68.98,553.68,50.48,saver,0,0
2025-04-08,C,166,697.9,231.54,186.29,132.44,1248.17,126.93,heavy,0,0
2025-04-08,D,167,553.32,259.6,230.17,107.53,1150.62,83.8,heavy,0,0
2025-04-08,A,168,269.24,77.62,84.15,63.11,494.13,34.5,saver,0,0
2025-04-08,B,169,437.65,134.78,137.87,84.89,795.19,55.42,normal,0,0
2025-04-08,C,170,403.19,143.96,92.81,114.28,754.24,60.33,normal,0,0
2025-04-08,D,171,307.02,91.63,70.6,42.55,511.79,47.92,normal,0,0
2025-04-08,A,172,263.49,116.87,94.31,62.76,537.43,56.53,normal,0,0
2025-04-08,B,173,215.72,91.63,43.85,47.43,398.64,38.97,saver,0,0
2025-04-08,C,174,421.07,121.98,138.89,52.69,734.62,76.58,normal,0,0
2025-04-08,D,175,400.4,159.55,126.97,100.21,787.12,67.99,normal,0,0
2025-04-08,A,176,501.63,170.22,174.36,91.26,937.47,72.53,normal,0,0
2025-04-08,B,177,295.92,115.93,84.82,34.11,530.78,38.52,normal,0,0
2025-04-08,C,178,302.07,122.16,95.48,79.2,598.91,54.86,normal,0,0
2025-04-08,D,179,454.53,213.75,105.44,128.74,902.46,93.71,normal,0,0
2025-04-08,A,180,647.39,305.0,160.79,92.33,2105.91,175.83,heavy,1,0
2025-04-09,B,101,484.7,238.74,158.72,108.84,990.99,99.34,heavy,0,0
2025-04-09,C,102,704.12,238.08,235.47,107.45,1285.12,98.1,heavy,0,0
2025-04-09,D,103,644.52,179.22,180.38,157.53,1161.65,84.13,heavy,0,0
2025-04-09,A,104,398.98,106.54,114.87,52.86,673.26,48.44,normal,0,0
2025-04-09,B,105,276.22,84.34,96.75,35.11,492.42,42.15,normal,0,0
2025-04-09,C,106,395.65,137.32,125.4,75.06,733.43,63.64,normal,0,0
2025-04-09,D,107,337.03,169.7,87.6,84.58,678.9,77.42,normal,0,0
2025-04-09,A,108,230.78,122.52,92.98,64.17,786.77,57.32,normal,0,1
2025-04-09,B,109,466.66,137.57,110.08,57.72,772.03,76.94,normal,0,0
2025-04-09,C,110,359.64,143.71,118.74,50.36,672.45,81.29,normal,0,0
2025-04-09,D,111,424.27,133.13,120.29,97.13,1218.06,69.6,normal,0,1
2025-04-09,A,112,514.23,207.62,134.73,76.88,933.46,85.85,heavy,0,0
2025-04-09,B,113,490.71,181.09,166.74,56.08,894.62,83.36,normal,0,0
2025-04-09,C,114,404.94,120.08,145.89,54.44,725.35,80.3,normal,0,0
2025-04-09,D,115,400.93,156.86,100.41,119.75,777.95,71.45,normal,0,0
2025-04-09,A,116,447.25,213.68,145.03,121.86,927.83,76.74,normal,0,0
2025-04-09,B,117,271.3,130.62,85.22,67.61,554.75,53.73,normal,0,0
2025-04-09,C,118,287.52,154.34,114.09,67.2,623.15,73.6,normal,0,0
2025-04-09,D,119,421.7,128.89,108.86,73.2,732.65,67.57,normal,0,0
2025-04-09,A,120,626.12,242.33,200.94,82.0,1151.4,84.41,heavy,0,0
2025-04-09,B,121,619.67,270.04,191.92,78.03,1159.66,88.18,heavy,0,0
2025-04-09,C,122,273.11,104.72,112.23,56.31,546.37,46.79,normal,0,0
2025-04-09,D,123,363.52,144.97,80.38,84.84,673.72,50.57,normal,0,0
2025-04-09,A,124,311.17,163.97,145.42,84.55,705.11,72.37,normal,0,0
2025-04-09,B,125,236.91,88.99,102.28,84.43,512.61,53.59,saver,0,0
2025-04-09,C,126,246.45,70.09,75.94,33.54,926.67,74.25,saver,1,0
2025-04-09,D,127,502.89,151.0,110.0,89.64,853.52,62.15,normal,0,0
2025-04-09,A,128,498.91,157.32,150.81,67.19,874.23,79.1,heavy,0,0
2025-04-09,B,129,290.76,129.42,107.76,73.94,806.35,67.2,normal,0,1
2025-04-09,C,130,368.56,160.47,71.91,80.07,681.02,55.87,normal,0,0
2025-04-09,D,131,173.1,76.88,49.91,35.23,534.08,29.16,saver,0,1
2025-04-09,A,132,187.49,75.03,67.45,23.23,353.19,38.93,saver,0,0
2025-04-09,B,133,357.15,116.46,86.91,54.8,615.32,67.04,normal,0,0
2025-04-09,C,134,342.68,135.85,110.07,55.47,644.06,49.12,normal,0,0
2025-04-09,D,135,531.28,308.47,144.92,70.87,1055.53,104.2,heavy,0,0
2025-04-09,A,136,286.09,107.3,114.0,33.43,540.82,47.8,normal,0,0
2025-04-09,B,137,357.83,181.45,74.79,91.72,705.8,84.46,normal,0,0
2025-04-09,C,138,184.54,93.04,68.43,29.69,375.7,26.89,saver,0,0
2025-04-09,D,139,290.44,87.6,75.52,30.4,483.96,46.61,normal,0,0
2025-04-09,A,140,415.77,175.55,79.73,98.42,769.47,76.47,normal,0,0
2025-04-09,B,141,422.11,142.61,127.8,47.41,739.93,49.97,normal,0,0
2025-04-09,C,142,592.07,246.79,156.36,74.05,1069.27,92.28,heavy,0,0
2025-04-09,D,143,628.31,229.27,197.15,195.95,1250.68,117.83,heavy,0,0
2025-04-09,A,144,371.01,209.5,105.92,133.64,820.07,86.89,normal,0,0
2025-04-09,B,145,426.12,158.97,88.78,43.99,717.86,50.77,normal,0,0
2025-04-09,C,146,238.13,91.63,105.86,83.12,518.75,34.67,normal,0,0
2025-04-09,D,147,451.3,203.34,113.4,79.09,847.12,71.36,normal,0,0
2025-04-09,A,148,397.48,129.97,96.63,39.3,663.39,45.57,normal,0,0
2025-04-09,B,149,520.05,219.51,154.61,54.84,2247.64,146.74,heavy,1,1
2025-04-09,C,150,282.79,105.75,93.44,76.98,558.97,67.85,saver,0,0
2025-04-09,D,151,402.47,167.37,128.51,73.42,771.76,75.34,normal,0,0
2025-04-09,A,152,204.86,80.97,66.79,65.85,678.17,50.92,saver,0,1
2025-04-09,B,153,589.06,226.4,150.46,128.67,1094.59,89.0,heavy,0,0
2025-04-09,C,154,493.5,138.85,130.92,124.66,887.94,72.84,normal,0,0
2025-04-09,D,155,291.75,174.95,97.38,62.56,626.64,47.06,normal,0,0
2025-04-09,A,156,247.35,95.53,70.36,32.65,445.89,33.33,saver,0,0
2025-04-09,B,157,388.44,147.26,81.94,52.07,669.71,51.64,normal,0,0
2025-04-09,C,158,544.77,266.57,195.08,81.97,1088.4,100.36,heavy,0,0
2025-04-09,D,159,323.03,129.21,106.2,99.74,1495.41,133.68,normal,1,0
2025-04-09,A,160,362.35,174.22,114.1,56.35,707.01,55.92,normal,0,0
2025-04-09,B,161,294.63,116.57,63.34,73.89,548.43,61.47,normal,0,0
2025-04-09,C,162,212.93,84.54,75.38,31.26,404.12,36.34,saver,0,0
2025-04-09,D,163,444.63,179.2,155.76,40.93,820.52,91.22,normal,0,0
2025-04-09,A,164,239.18,129.37,83.09,35.42,487.06,40.33,normal,0,0
2025-04-09,B,165,721.85,321.51,219.96,197.47,1460.81,129.63,heavy,0,0
2025-04-09,C,166,295.23,145.3,103.05,45.71,589.3,41.39,normal,0,0
2025-04-09,D,167,517.45,172.58,140.44,83.3,913.77,90.86,heavy,0,0
2025-04-09,A,168,330.39,134.92,88.7,84.76,638.76,78.92,normal,0,0
2025-04-09,B,169,549.43,182.07,108.53,51.1,1548.03,69.48,heavy,0,1
2025-04-09,C,170,291.54,127.26,101.16,44.03,563.99,55.38,normal,0,0
2025-04-09,D,171,354.69,130.74,76.68,77.16,639.27,49.62,normal,0,0
2025-04-09,A,172,235.12,109.5,68.16,70.17,482.94,55.16,normal,0,0
2025-04-09,B,173,491.71,157.29,124.8,138.91,912.71,82.27,heavy,0,0
2025-04-09,C,174,249.11,101.91,87.33,63.26,653.19,46.79,saver,0,1
2025-04-09,D,175,386.35,183.31,129.93,138.57,838.16,80.84,heavy,0,0
2025-04-09,A,176,640.08,272.24,169.74,72.54,1154.6,81.97,heavy,0,0
2025-04-09,B,177,311.71,123.06,61.78,76.79,573.33,42.79,saver,0,0
2025-04-09,C,178,356.44,136.42,95.77,71.1,659.73,74.81,normal,0,0
2025-04-09,D,179,431.07,129.28,93.64,44.68,698.67,48.61,normal,0,0
2025-04-09,A,180,253.6,89.74,73.54,37.59,454.47,35.65,saver,0,0
2025-04-10,B,101,275.96,137.58,124.47,75.35,613.36,50.66,normal,0,0
2025-04-10,C,102,347.65,153.0,157.31,96.39,754.36,84.04,normal,0,0
2025-04-10,D,103,490.52,222.54,140.67,89.52,1998.32,128.5,heavy,1,0
2025-04-10,A,104,374.65,202.14,110.98,44.97,732.74,54.24,normal,0,0
2025-04-10,B,105,277.65,98.06,82.89,56.95,515.56,39.07,normal,0,0
2025-04-10,C,106,329.49,124.99,114.45,73.64,642.56,43.5,normal,0,0
2025-04-10,D,107,593.58,238.86,190.16,112.6,1135.2,100.44,heavy,0,0
2025-04-10,A,108,201.68,91.26,70.28,25.22,673.47,53.37,saver,1,0
2025-04-10,B,109,218.55,110.62,71.64,33.38,717.76,32.09,normal,0,1
2025-04-10,C,110,722.81,285.04,249.45,184.99,1442.29,107.25,heavy,0,0
2025-04-10,D,111,274.18,129.42,62.51,56.2,522.3,49.03,normal,0,0
2025-04-10,A,112,296.7,152.74,128.36,74.09,651.88,55.87,normal,0,0
2025-04-10,B,113,253.14,92.76,71.74,75.07,492.72,48.33,normal,0,0
2025-04-10,C,114,613.6,288.19,191.2,113.03,1206.02,92.15,heavy,0,0
2025-04-10,D,115,294.15,119.8,97.89,39.38,551.23,37.66,normal,0,0
2025-04-10,A,116,285.92,107.46,67.36,47.85,508.6,41.82,normal,0,0
2025-04-10,B,117,397.41,117.87,95.24,90.13,700.66,53.41,normal,0,0
2025-04-10,C,118,292.12,125.34,106.83,60.93,585.22,47.69,normal,0,0
2025-04-10,D,119,351.96,161.39,92.39,48.02,653.76,55.55,normal,0,0
2025-04-10,A,120,326.36,93.85,108.86,40.06,569.14,45.74,normal,0,0
2025-04-10,B,121,581.87,163.01,170.25,87.05,1002.18,95.46,heavy,0,0
2025-04-10,C,122,534.83,175.74,100.54,107.93,919.04,62.5,heavy,0,0
2025-04-10,D,123,434.64,190.74,91.27,109.8,826.45,66.74,normal,0,0
2025-04-10,A,124,727.8,223.48,232.06,63.31,1246.66,86.48,heavy,0,0
2025-04-10,B,125,627.98,198.62,153.54,184.06,1164.19,106.56,heavy,0,0
2025-04-10,C,126,252.3,110.28,55.87,39.19,457.63,36.19,saver,0,0
2025-04-10,D,127,217.08,72.52,53.66,24.95,368.22,27.46,saver,0,0
2025-04-10,A,128,344.96,167.81,148.68,71.49,732.93,90.93,normal,0,0
2025-04-10,B,129,334.18,114.99,102.19,40.19,591.55,65.75,normal,0,0
2025-04-10,C,130,180.83,74.4,48.02,42.01,345.26,28.17,saver,0,0
2025-04-10,D,131,240.8,129.29,100.28,40.91,511.28,36.68,saver,0,0
2025-04-10,A,132,337.55,147.28,116.45,70.01,671.29,69.47,normal,0,0
2025-04-10,B,133,381.05,162.17,81.47,101.31,726.0,62.49,normal,0,0
2025-04-10,C,134,443.42,213.83,105.86,71.35,834.46,64.26,heavy,0,0
2025-04-10,D,135,474.18,156.78,179.72,54.25,864.93,103.45,heavy,0,0
2025-04-10,A,136,308.52,141.21,84.27,45.1,579.09,52.9,normal,0,0
2025-04-10,B,137,755.8,313.27,137.2,142.05,1348.32,100.48,heavy,0,0
2025-04-10,C,138,430.42,114.92,95.61,54.46,695.41,79.24,normal,0,0
2025-04-10,D,139,308.49,116.35,71.96,91.3,588.11,54.37,normal,0,0
2025-04-10,A,140,293.39,96.05,98.18,77.52,565.14,46.83,normal,0,0
2025-04-10,B,141,455.45,187.04,115.43,80.28,1265.37,59.88,normal,0,1
2025-04-10,C,142,333.71,177.18,129.5,58.62,699.01,48.24,normal,0,0
2025-04-10,D,143,384.74,148.85,70.74,51.6,1056.37,73.77,normal,0,1
2025-04-10,A,144,290.85,82.53,94.9,63.13,692.61,44.35,normal,0,1
2025-04-10,B,145,329.68,119.42,82.28,105.75,1065.87,79.56,normal,0,1
2025-04-10,C,146,368.64,147.72,67.36,83.47,667.18,60.85,normal,0,0
2025-04-10,D,147,376.81,143.09,122.79,100.06,742.75,49.68,normal,0,0
2025-04-10,A,148,180.44,75.83,42.72,62.95,361.93,45.02,saver,0,0
2025-04-10,B,149,304.55,112.75,73.78,79.94,571.01,38.81,saver,0,0
2025-04-10,C,150,317.99,93.22,102.12,75.5,588.83,47.55,saver,0,0
2025-04-10,D,151,323.74,120.72,76.88,81.07,602.41,66.59,normal,0,0
2025-04-10,A,152,343.39,123.75,82.18,54.7,604.02,42.93,normal,0,0
2025-04-10,B,153,313.87,98.82,58.25,61.59,532.52,43.85,saver,0,0
2025-04-10,C,154,383.05,147.81,111.9,107.58,1088.9,63.53,normal,0,1
2025-04-10,D,155,322.81,177.71,76.63,50.43,627.58,55.18,normal,0,0
2025-04-10,A,156,355.85,149.9,110.36,98.07,714.17,70.31,normal,0,0
2025-04-10,B,157,325.68,135.29,138.37,77.06,676.41,51.0,normal,0,0
2025-04-10,C,158,369.64,142.82,102.72,73.89,1190.85,62.48,normal,0,1
2025-04-10,D,159,435.52,160.81,181.2,96.33,873.87,81.06,heavy,0,0
2025-04-10,A,160,612.89,256.14,190.96,179.2,1239.19,96.82,heavy,0,0
2025-04-10,B,161,519.81,189.69,207.79,131.11,1048.41,124.1,heavy,0,0
2025-04-10,C,162,352.89,134.17,131.77,68.34,687.17,78.27,normal,0,0
2025-04-10,D,163,430.37,161.96,119.0,71.37,782.7,88.84,normal,0,0
2025-04-10,A,164,507.82,205.29,142.91,143.36,999.39,70.42,heavy,0,0
2025-04-10,B,165,253.19,103.34,90.38,47.75,494.65,39.08,normal,0,0
2025-04-10,C,166,382.34,115.96,120.13,79.04,697.47,64.06,normal,0,0
2025-04-10,D,167,430.34,167.7,124.15,59.6,781.78,72.29,normal,0,0
2025-04-10,A,168,363.26,127.37,133.5,110.96,735.09,73.77,normal,0,0
2025-04-10,B,169,743.49,215.83,196.69,181.34,2709.52,144.81,heavy,1,0
2025-04-10,C,170,234.34,73.52,55.76,52.71,416.33,28.1,saver,0,0
2025-04-10,D,171,364.84,150.95,81.84,77.49,675.13,82.1,normal,0,0
2025-04-10,A,172,687.54,278.79,157.26,153.12,1276.7,129.84,heavy,0,0
2025-04-10,B,173,320.76,140.07,92.54,42.7,596.06,49.43,normal,0,0
2025-04-10,C,174,511.28,204.96,219.9,124.67,1060.8,80.25,heavy,0,0
2025-04-10,D,175,477.2,167.94,122.13,53.6,820.87,64.34,normal,0,0
2025-04-10,A,176,269.44,104.17,102.71,49.31,887.69,60.64,normal,1,0
2025-04-10,B,177,338.12,138.31,104.73,91.18,950.81,45.66,normal,0,1
2025-04-10,C,178,630.9,264.05,186.09,98.85,1179.89,79.46,heavy,0,0
2025-04-10,D,179,550.21,205.0,180.1,102.78,1038.08,77.32,heavy,0,0
2025-04-10,A,180,539.12,151.86,157.42,50.41,1444.43,68.06,heavy,0,1
2025-04-11,B,101,379.16,131.44,111.49,39.28,661.38,57.92,normal,0,0
2025-04-11,C,102,291.1,164.67,99.67,49.66,917.08,46.03,normal,0,1
2025-04-11,D,103,315.1,156.54,128.97,58.38,658.99,50.36,normal,0,0
2025-04-11,A,104,264.08,87.15,108.71,66.38,526.32,59.63,normal,0,0
2025-04-11,B,105,443.07,145.58,114.91,60.24,1115.8,78.21,normal,0,1
2025-04-11,C,106,407.18,232.33,116.67,139.57,895.74,65.93,heavy,0,0
2025-04-11,D,107,382.33,144.51,158.83,79.69,765.37,85.64,normal,0,0
2025-04-11,A,108,360.5,150.46,117.48,94.03,722.47,66.49,normal,0,0
2025-04-11,B,109,501.81,203.55,128.42,72.15,905.93,85.11,normal,0,0
2025-04-11,C,110,440.36,164.36,98.99,101.17,804.88,58.63,normal,0,0
2025-04-11,D,111,653.28,182.24,217.83,89.36,1142.7,124.42,heavy,0,0
2025-04-11,A,112,399.45,171.21,134.35,61.73,766.74,56.19,normal,0,0
2025-04-11,B,113,674.94,216.81,154.15,154.14,1200.03,100.58,heavy,0,0
2025-04-11,C,114,487.3,206.58,113.84,132.69,940.41,74.48,heavy,0,0
2025-04-11,D,115,179.01,93.54,82.92,37.14,392.62,27.96,saver,0,0
2025-04-11,A,116,363.71,181.18,176.66,110.64,832.19,86.58,normal,0,0
2025-04-11,B,117,392.76,128.4,91.56,71.07,683.78,51.5,normal,0,0
2025-04-11,C,118,282.35,104.76,59.99,31.55,478.65,33.38,saver,0,0
2025-04-11,D,119,372.62,148.69,73.92,73.11,668.34,46.37,normal,0,0
2025-04-11,A,120,489.1,213.5,151.2,144.86,1448.24,121.05,heavy,0,1
2025-04-11,B,121,364.72,171.54,165.22,129.49,830.97,85.29,normal,0,0
2025-04-11,C,122,453.0,143.54,104.58,101.06,802.19,77.2,normal,0,0
2025-04-11,D,123,402.49,163.97,95.64,53.79,1175.83,82.21,normal,0,1
2025-04-11,A,124,560.15,182.87,120.29,128.91,992.23,96.89,heavy,0,0
2025-04-11,B,125,637.27,266.68,237.68,154.76,1296.4,160.16,heavy,0,0
2025-04-11,C,126,403.81,187.34,161.84,92.64,845.63,60.01,normal,0,0
2025-04-11,D,127,691.8,229.4,232.7,169.91,1323.81,105.08,heavy,0,0
2025-04-11,A,128,250.06,85.04,67.65,50.88,453.62,38.94,saver,0,0
2025-04-11,B,129,669.21,273.32,174.4,103.05,1219.97,145.48,heavy,0,0
2025-04-11,C,130,531.7,167.28,205.87,115.78,1020.62,100.03,heavy,0,0
2025-04-11,D,131,303.05,93.09,91.68,77.13,564.95,40.73,normal,0,0
2025-04-11,A,132,425.85,147.48,95.27,48.65,717.26,76.53,normal,0,0
2025-04-11,B,133,566.94,268.43,211.83,147.51,1194.71,112.5,heavy,0,0
2025-04-11,C,134,189.53,64.4,66.57,44.64,596.84,31.72,saver,0,1
2025-04-11,D,135,460.34,242.5,124.28,109.32,936.44,71.54,heavy,0,0
2025-04-11,A,136,249.03,101.63,102.21,42.43,495.31,38.36,normal,0,0
2025-04-11,B,137,298.74,109.19,83.32,67.46,558.7,68.57,normal,0,0
2025-04-11,C,138,340.21,169.15,77.17,98.67,685.19,48.17,normal,0,0
2025-04-11,D,139,629.3,300.51,227.07,187.4,1344.29,95.47,heavy,0,0
2025-04-11,A,140,155.72,77.12,57.83,38.27,328.94,22.66,saver,0,0
2025-04-11,B,141,585.86,325.57,139.55,69.7,1680.6,110.17,heavy,0,1
2025-04-11,C,142,550.56,281.19,131.57,103.75,1067.07,74.36,heavy,0,0
2025-04-11,D,143,752.77,229.59,216.45,87.76,1286.57,87.01,heavy,0,0
2025-04-11,A,144,708.47,205.15,144.03,88.75,1638.02,106.47,heavy,0,1
2025-04-11,B,145,286.84,121.2,71.91,78.69,842.28,51.34,saver,0,1
2025-04-11,C,146,356.44,147.45,101.54,110.66,716.08,77.94,normal,0,0
2025-04-11,D,147,664.78,228.92,161.87,116.04,1171.6,83.12,heavy,0,0
2025-04-11,A,148,402.49,148.87,121.87,104.44,777.68,86.46,normal,0,0
2025-04-11,B,149,411.62,137.75,102.02,50.19,701.58,47.92,normal,0,0
2025-04-11,C,150,578.73,181.67,157.81,153.65,1071.86,86.8,heavy,0,0
2025-04-11,D,151,547.72,224.15,166.01,79.67,1017.55,78.53,heavy,0,0
2025-04-11,A,152,251.79,138.18,83.54,82.16,555.67,57.13,normal,0,0
2025-04-11,B,153,272.39,122.5,108.61,79.4,582.89,67.21,normal,0,0
2025-04-11,C,154,317.99,129.51,102.73,56.34,606.58,41.5,normal,0,0
2025-04-11,D,155,577.65,325.94,152.46,196.33,1252.38,90.02,heavy,0,0
2025-04-11,A,156,272.97,125.58,62.2,39.68,500.42,41.4,normal,0,0
2025-04-11,B,157,418.9,208.6,150.93,59.65,838.08,87.3,heavy,0,0
2025-04-11,C,158,303.1,154.32,114.43,65.63,637.49,73.64,normal,0,0
2025-04-11,D,159,357.3,177.51,128.03,78.91,741.76,65.03,normal,0,0
2025-04-11,A,160,364.15,176.06,118.82,91.71,1222.76,86.8,normal,0,1
2025-04-11,B,161,484.95,235.67,141.93,93.89,1400.82,75.86,heavy,0,1
2025-04-11,C,162,468.41,189.37,172.14,98.74,928.66,74.03,normal,0,0
2025-04-11,D,163,342.49,159.0,151.59,103.96,757.04,62.71,normal,0,0
2025-04-11,A,164,424.33,190.75,133.8,117.76,866.64,106.66,heavy,0,0
2025-04-11,B,165,377.92,105.99,127.57,53.7,665.18,75.25,normal,0,0
2025-04-11,C,166,299.64,163.59,140.03,44.58,647.84,67.38,normal,0,0
2025-04-11,D,167,358.07,171.35,141.58,60.58,731.59,58.6,normal,0,0
2025-04-11,A,168,414.42,168.74,138.75,81.09,803.01,83.39,normal,0,0
2025-04-11,B,169,273.51,132.06,92.16,34.56,532.29,61.82,normal,0,0
2025-04-11,C,170,380.88,166.26,168.84,126.45,842.42,63.0,normal,0,0
2025-04-11,D,171,464.06,195.69,104.22,74.29,1473.33,148.09,normal,1,0
2025-04-11,A,172,357.42,126.88,137.45,44.1,665.84,62.61,normal,0,0
2025-04-11,B,173,279.67,124.2,85.81,64.83,554.51,54.39,normal,0,0
2025-04-11,C,174,308.87,126.76,83.33,92.81,611.78,46.48,normal,0,0
2025-04-11,D,175,554.7,280.4,181.87,69.08,1086.05,90.13,heavy,0,0
2025-04-11,A,176,620.9,282.23,126.5,142.96,1172.58,90.12,heavy,0,0
2025-04-11,B,177,372.35,126.42,105.21,65.58,669.56,55.81,normal,0,0
2025-04-11,C,178,599.4,314.59,213.95,97.12,1225.05,121.65,heavy,0,0
2025-04-11,D,179,212.21,99.92,73.95,52.28,718.93,37.03,saver,0,1
2025-04-11,A,180,466.08,170.21,136.53,61.92,834.74,84.89,heavy,0,0
2025-04-12,B,101,743.19,223.65,219.89,153.68,1340.41,107.47,heavy,0,0
2025-04-12,C,102,486.18,170.45,130.25,109.29,896.17,91.46,normal,0,0
2025-04-12,D,103,688.59,240.36,135.84,141.23,1206.01,126.13,heavy,0,0
2025-04-12,A,104,452.53,196.96,170.45,97.2,917.15,64.34,normal,0,0
2025-04-12,B,105,352.71,148.57,108.52,60.48,670.29,53.44,normal,0,0
2025-04-12,C,106,477.5,204.21,122.36,84.48,888.55,65.17,normal,0,0
2025-04-12,D,107,625.95,272.38,211.91,96.44,1206.68,92.25,heavy,0,0
2025-04-12,A,108,618.13,263.32,170.79,100.74,1152.97,91.81,normal,0,0
2025-04-12,B,109,379.86,118.49,140.38,91.06,729.78,81.84,normal,0,0
2025-04-12,C,110,523.54,148.57,158.93,113.89,944.93,76.17,normal,0,0
2025-04-12,D,111,370.84,193.66,156.61,83.62,804.75,67.14,normal,0,0
2025-04-12,A,112,816.35,333.01,167.22,187.84,1504.41,152.42,heavy,0,0
2025-04-12,B,113,397.84,185.9,84.12,93.89,1752.12,139.9,normal,1,0
2025-04-12,C,114,579.94,187.93,113.21,85.31,966.38,74.42,normal,0,0
2025-04-12,D,115,606.61,182.79,200.27,52.77,1042.44,121.89,normal,0,0
2025-04-12,A,116,312.48,158.31,123.27,81.57,675.63,53.56,normal,0,0
2025-04-12,B,117,388.07,150.77,133.69,74.76,747.29,72.87,normal,0,0
2025-04-12,C,118,402.83,180.67,142.88,68.72,795.11,84.66,normal,0,0
2025-04-12,D,119,438.13,133.6,83.45,83.2,738.37,71.6,normal,0,0
2025-04-12,A,120,517.88,202.63,170.7,101.06,992.28,112.44,normal,0,0
2025-04-12,B,121,442.25,167.08,96.29,52.27,757.9,81.01,normal,0,0
2025-04-12,C,122,416.06,225.78,156.48,116.8,915.12,97.78,normal,0,0
2025-04-12,D,123,571.1,195.92,150.3,94.85,1507.94,67.59,normal,0,1
2025-04-12,A,124,335.12,132.11,99.51,112.43,679.18,75.8,normal,0,0
2025-04-12,B,125,529.27,169.38,182.38,91.63,972.66,72.05,normal,0,0
2025-04-12,C,126,348.97,150.33,72.95,77.87,650.11,74.02,normal,0,0
2025-04-12,D,127,440.63,220.95,169.26,50.76,881.6,94.65,normal,0,0
2025-04-12,A,128,673.51,279.4,228.89,178.21,1360.01,154.67,heavy,0,0
2025-04-12,B,129,208.12,86.88,45.89,46.22,387.11,27.47,saver,0,0
2025-04-12,C,130,445.31,137.95,142.93,102.59,828.78,62.36,normal,0,0
2025-04-12,D,131,972.29,355.16,329.07,181.77,1838.3,134.79,heavy,0,0
2025-04-12,A,132,580.06,284.21,150.2,149.36,1163.83,108.79,heavy,0,0
2025-04-12,B,133,662.88,181.05,146.46,75.81,1066.2,73.59,normal,0,0
2025-04-12,C,134,313.04,110.4,89.1,44.11,556.65,43.69,saver,0,0
2025-04-12,D,135,234.7,129.64,92.02,32.7,489.07,38.3,saver,0,0
2025-04-12,A,136,279.59,157.42,81.47,88.26,606.74,45.25,saver,0,0
2025-04-12,B,137,666.06,306.2,134.77,171.42,1278.46,117.95,heavy,0,0
2025-04-12,C,138,558.71,237.19,204.9,61.17,1061.97,108.55,normal,0,0
2025-04-12,D,139,411.72,139.37,94.14,58.37,703.61,51.08,normal,0,0
2025-04-12,A,140,300.57,184.68,115.26,90.12,690.63,48.0,normal,0,0
2025-04-12,B,141,515.41,226.04,132.48,70.98,944.92,77.9,normal,0,0
2025-04-12,C,142,782.6,270.89,161.6,122.56,1337.65,92.48,heavy,0,0
2025-04-12,D,143,532.05,214.37,150.4,106.26,1003.08,105.8,normal,0,0
2025-04-12,A,144,357.27,170.78,118.8,130.17,777.01,52.44,normal,0,0
2025-04-12,B,145,253.52,149.16,87.2,55.39,1160.39,93.53,saver,1,0
2025-04-12,C,146,244.92,127.18,69.11,39.58,480.79,34.53,saver,0,0
2025-04-12,D,147,456.83,192.51,138.4,127.46,1226.85,91.74,normal,0,1
2025-04-12,A,148,455.52,237.04,122.94,82.95,1490.56,95.82,normal,0,1
2025-04-12,B,149,409.6,207.33,131.24,87.24,1192.05,76.86,normal,0,1
2025-04-12,C,150,222.28,81.63,45.66,53.83,403.39,40.99,saver,0,0
2025-04-12,D,151,386.44,171.73,130.34,67.43,755.94,53.32,saver,0,0
2025-04-12,A,152,429.67,232.85,177.08,135.47,975.08,86.85,normal,0,0
2025-04-12,B,153,332.04,139.59,111.14,91.74,674.52,72.45,normal,0,0
2025-04-12,C,154,537.0,280.06,220.61,183.07,1220.74,129.33,heavy,0,0
2025-04-12,D,155,345.86,126.38,109.44,77.99,659.66,60.58,normal,0,0
2025-04-12,A,156,460.94,177.53,131.64,80.89,851.0,79.16,normal,0,0
2025-04-12,B,157,257.61,125.84,63.79,75.37,522.61,34.94,normal,0,0
2025-04-12,C,158,454.76,234.22,210.22,154.49,1053.69,96.99,normal,0,0
2025-04-12,D,159,379.62,186.78,155.16,66.45,1364.56,107.65,normal,1,0
2025-04-12,A,160,282.06,113.91,94.73,56.39,547.09,63.21,normal,0,0
2025-04-12,B,161,308.2,124.68,124.08,74.26,1423.73,102.63,normal,1,0
2025-04-12,C,162,518.6,215.28,188.47,93.75,1016.1,71.98,normal,0,0
2025-04-12,D,163,283.06,103.57,103.09,38.5,528.21,46.93,saver,0,0
2025-04-12,A,164,494.26,190.79,151.72,174.1,1010.87,120.63,heavy,0,0
2025-04-12,B,165,462.03,186.51,83.94,51.02,783.5,87.34,normal,0,0
2025-04-12,C,166,248.58,109.51,69.39,28.15,455.63,38.64,saver,0,0
2025-04-12,D,167,578.33,186.52,124.54,117.78,1007.17,81.64,heavy,0,0
2025-04-12,A,168,684.71,264.07,281.64,83.73,1314.15,125.96,heavy,0,0
2025-04-12,B,169,522.2,215.39,142.53,90.6,970.71,95.5,normal,0,0
2025-04-12,C,170,341.9,137.67,116.12,62.72,658.42,46.21,normal,0,0
2025-04-12,D,171,714.33,360.51,170.56,189.49,1434.88,172.25,heavy,0,0
2025-04-12,A,172,367.14,130.19,105.22,126.18,728.73,66.71,normal,0,0
2025-04-12,B,173,861.59,400.41,167.45,241.96,1671.41,147.88,heavy,0,0
2025-04-12,C,174,388.49,210.77,166.75,122.37,888.37,63.73,normal,0,0
2025-04-12,D,175,276.81,119.41,66.8,78.35,541.37,60.31,normal,0,0
2025-04-12,A,176,840.63,424.98,225.38,260.3,1751.28,126.23,heavy,0,0
2025-04-12,B,177,427.79,126.87,156.98,48.37,760.01,73.31,normal,0,0
2025-04-12,C,178,383.0,111.81,80.47,44.06,619.34,48.95,normal,0,0
2025-04-12,D,179,303.07,152.54,111.28,81.14,648.03,61.27,saver,0,0
2025-04-12,A,180,880.1,393.15,326.46,181.8,1781.51,127.69,heavy,0,0
2025-04-13,B,101,518.83,208.41,229.35,169.38,1125.97,115.19,heavy,0,0
2025-04-13,C,102,733.95,285.53,289.6,124.63,1433.71,149.29,heavy,0,0
2025-04-13,D,103,233.03,98.91,45.74,62.19,439.87,41.69,saver,0,0
2025-04-13,A,104,403.27,132.62,85.54,61.45,682.88,82.56,normal,0,0
2025-04-13,B,105,776.13,240.39,225.14,198.17,1439.83,117.29,heavy,0,0
2025-04-13,C,106,471.07,177.7,138.43,99.26,886.45,95.53,normal,0,0
2025-04-13,D,107,870.04,283.75,157.25,103.35,1414.39,102.54,heavy,0,0
2025-04-13,A,108,567.41,244.66,110.16,52.42,974.65,108.31,normal,0,0
2025-04-13,B,109,424.13,148.58,134.59,108.33,815.63,74.16,normal,0,0
2025-04-13,C,110,447.08,149.13,138.64,104.98,839.83,99.71,normal,0,0
2025-04-13,D,111,393.31,162.28,90.44,60.18,706.22,57.67,normal,0,0
2025-04-13,A,112,284.52,121.13,77.32,47.69,530.65,43.58,saver,0,0
2025-04-13,B,113,691.56,288.84,157.05,204.85,1342.3,100.55,heavy,0,0
2025-04-13,C,114,487.81,142.22,103.05,120.75,1270.1,84.87,normal,0,1
2025-04-13,D,115,527.73,244.9,131.17,56.4,960.2,95.99,normal,0,0
2025-04-13,A,116,309.25,160.35,77.59,73.07,620.26,44.26,normal,0,0
2025-04-13,B,117,354.51,113.79,72.84,79.88,621.02,61.39,normal,0,0
2025-04-13,C,118,376.26,175.36,179.7,61.18,792.5,55.54,normal,0,0
2025-04-13,D,119,402.78,173.41,111.02,130.71,817.92,96.3,normal,0,0
2025-04-13,A,120,686.02,357.59,229.74,211.1,1484.46,149.35,heavy,0,0
2025-04-13,B,121,266.71,111.08,102.17,76.07,556.02,66.03,saver,0,0
2025-04-13,C,122,493.93,155.76,181.51,55.36,886.55,84.07,normal,0,0
2025-04-13,D,123,522.67,226.11,152.52,70.56,971.85,90.3,normal,0,0
2025-04-13,A,124,498.36,171.87,116.12,129.43,1768.26,159.36,normal,1,0
2025-04-13,B,125,377.5,133.28,122.73,64.78,1577.25,133.56,normal,1,0
2025-04-13,C,126,669.25,233.3,192.52,138.17,1233.24,130.92,normal,0,0
2025-04-13,D,127,662.39,224.3,275.49,126.06,1288.24,92.43,heavy,0,0
2025-04-13,A,128,608.63,246.24,122.02,179.68,1156.57,83.76,normal,0,0
2025-04-13,B,129,759.73,380.33,261.64,112.91,1514.61,120.12,heavy,0,0
2025-04-13,C,130,399.17,116.5,129.09,83.36,728.12,48.88,normal,0,0
2025-04-13,D,131,265.81,126.29,54.85,53.48,500.43,39.25,saver,0,0
2025-04-13,A,132,590.51,180.11,151.96,139.48,1062.06,120.3,normal,0,0
2025-04-13,B,133,495.33,250.0,177.85,134.56,1057.74,114.99,normal,0,0
2025-04-13,C,134,712.84,195.61,176.89,76.64,1161.97,91.96,heavy,0,0
2025-04-13,D,135,376.65,160.41,121.42,55.77,714.26,75.8,normal,0,0
2025-04-13,A,136,418.66,111.68,125.03,105.1,760.46,74.31,normal,0,0
2025-04-13,B,137,748.37,319.47,282.13,206.31,2634.21,182.64,heavy,0,1
2025-04-13,C,138,517.29,196.42,102.96,118.34,935.02,67.41,normal,0,0
2025-04-13,D,139,842.04,352.39,211.17,152.7,1558.3,155.29,heavy,0,0
2025-04-13,A,140,455.94,195.87,164.85,128.71,945.37,66.02,normal,0,0
2025-04-13,B,141,638.16,178.68,157.65,82.66,1057.15,87.93,normal,0,0
2025-04-13,C,142,598.12,348.8,246.45,172.51,1365.88,155.73,heavy,0,0
2025-04-13,D,143,452.53,137.86,136.08,96.92,823.39,82.29,normal,0,0
2025-04-13,A,144,521.77,170.74,133.62,92.78,918.9,66.7,normal,0,0
2025-04-13,B,145,372.74,138.72,119.6,71.09,702.15,62.32,normal,0,0
2025-04-13,C,146,584.81,213.41,238.52,98.27,1135.01,88.05,heavy,0,0
2025-04-13,D,147,489.51,178.67,164.2,61.42,893.79,68.9,normal,0,0
2025-04-13,A,148,724.2,290.2,196.71,103.17,1314.28,138.43,heavy,0,0
2025-04-13,B,149,581.31,154.64,125.82,76.97,938.73,63.34,normal,0,0
2025-04-13,C,150,375.71,197.48,154.21,81.84,809.24,56.9,normal,0,0
2025-04-13,D,151,729.85,203.53,209.67,70.31,1213.36,112.1,normal,0,0
2025-04-13,A,152,493.46,205.79,128.34,70.97,898.57,106.99,normal,0,0
2025-04-13,B,153,380.15,123.55,112.34,98.82,714.86,50.17,normal,0,0
2025-04-13,C,154,743.13,255.59,243.35,72.55,1930.22,94.55,heavy,0,1
2025-04-13,D,155,511.08,191.45,196.51,91.93,990.97,93.56,normal,0,0
2025-04-13,A,156,367.33,134.88,147.36,60.62,710.2,61.15,normal,0,0
2025-04-13,B,157,584.37,190.26,150.47,74.08,999.18,96.32,normal,0,0
2025-04-13,C,158,781.05,318.18,270.28,109.89,1479.41,115.84,heavy,0,0
2025-04-13,D,159,300.29,182.42,129.49,55.78,1365.27,99.83,normal,1,0
2025-04-13,A,160,393.74,104.54,124.68,82.3,705.26,66.17,normal,0,0
2025-04-13,B,161,434.24,194.77,144.64,68.92,842.57,76.42,normal,0,0
2025-04-13,C,162,443.68,150.09,99.82,106.41,800.01,75.22,normal,0,0
2025-04-13,D,163,725.03,358.73,315.26,88.7,1487.73,117.34,heavy,0,0
2025-04-13,A,164,463.5,158.65,149.92,87.68,859.76,73.56,normal,0,0
2025-04-13,B,165,679.18,236.82,276.39,81.34,1273.74,87.11,heavy,0,0
2025-04-13,C,166,249.25,141.64,73.79,36.5,501.18,47.88,normal,0,0
2025-04-13,D,167,304.4,165.06,130.76,37.95,638.17,71.84,normal,0,0
2025-04-13,A,168,526.74,198.56,114.75,132.37,972.42,65.0,normal,0,0
2025-04-13,B,169,800.89,343.44,297.05,166.59,2872.7,366.03,heavy,1,0
2025-04-13,C,170,469.91,227.12,98.93,128.13,924.08,103.27,normal,0,0
2025-04-13,D,171,400.66,186.08,116.7,49.15,752.59,88.86,normal,0,0
2025-04-13,A,172,350.18,104.65,124.45,35.63,614.91,68.31,normal,0,0
2025-04-13,B,173,334.23,116.48,76.62,82.44,609.77,52.34,saver,0,0
2025-04-13,C,174,420.15,166.14,108.74,81.86,776.89,88.58,normal,0,0
2025-04-13,D,175,289.27,107.04,91.26,70.77,558.34,42.98,saver,0,0
2025-04-13,A,176,478.98,217.49,137.01,123.13,956.62,71.81,normal,0,0
2025-04-13,B,177,178.77,65.27,45.41,25.02,314.46,23.74,saver,0,0
2025-04-13,C,178,476.19,154.02,159.67,60.13,1594.68,185.46,normal,1,0
2025-04-13,D,179,732.67,207.06,255.64,160.08,2273.56,144.66,heavy,0,1
2025-04-13,A,180,518.06,196.62,141.14,90.39,946.21,76.12,normal,0,0
2025-04-14,B,101,388.2,165.63,85.7,110.45,749.99,55.34,normal,0,0
2025-04-14,C,102,318.22,120.74,111.1,57.18,800.26,55.22,normal,0,1
2025-04-14,D,103,332.99,140.08,83.48,50.16,909.19,74.49,normal,0,1
2025-04-14,A,104,291.04,105.25,89.7,69.67,555.66,53.26,normal,0,0
2025-04-14,B,105,503.97,130.45,139.25,120.23,893.9,92.6,normal,0,0
2025-04-14,C,106,495.62,138.26,149.1,88.64,871.63,60.78,normal,0,0
2025-04-14,D,107,330.0,178.75,129.13,103.73,741.61,91.25,normal,0,0
2025-04-14,A,108,155.71,81.71,50.0,41.15,328.57,22.98,saver,0,0
2025-04-14,B,109,363.56,154.36,95.88,118.31,732.11,75.44,normal,0,0
2025-04-14,C,110,355.41,175.75,138.1,51.01,1119.78,52.23,normal,0,1
2025-04-14,D,111,336.89,127.23,103.53,46.85,614.5,42.73,normal,0,0
2025-04-14,A,112,657.73,203.33,139.02,143.17,1143.25,99.56,heavy,0,0
2025-04-14,B,113,314.65,162.58,103.93,42.41,623.57,49.66,normal,0,0
2025-04-14,C,114,243.49,63.7,68.36,56.82,432.38,33.1,saver,0,0
2025-04-14,D,115,258.66,71.15,49.46,56.83,436.1,31.61,saver,0,0
2025-04-14,A,116,187.82,81.86,80.99,66.11,416.78,45.87,saver,0,0
2025-04-14,B,117,523.69,151.57,135.36,72.38,883.01,93.46,heavy,0,0
2025-04-14,C,118,624.1,310.47,144.36,76.69,1155.62,144.14,heavy,0,0
2025-04-14,D,119,178.93,68.97,43.67,19.6,533.54,28.02,saver,0,1
2025-04-14,A,120,549.23,251.02,130.52,67.4,1359.86,68.96,heavy,0,1
2025-04-14,B,121,235.9,107.59,83.7,58.46,485.66,33.15,saver,0,0
2025-04-14,C,122,325.48,121.83,62.53,70.42,852.38,41.36,normal,0,1
2025-04-14,D,123,348.9,133.41,65.87,72.69,620.87,46.93,normal,0,0
2025-04-14,A,124,308.23,156.92,134.89,90.24,2181.01,105.48,normal,1,1
2025-04-14,B,125,536.34,175.65,183.35,69.95,965.28,111.25,heavy,0,0
2025-04-14,C,126,754.82,239.41,235.3,134.27,1363.81,105.42,heavy,0,0
2025-04-14,D,127,431.95,153.94,102.37,103.68,791.94,71.59,normal,0,0
2025-04-14,A,128,276.87,101.04,61.04,31.45,470.4,56.77,normal,0,0
2025-04-14,B,129,313.4,112.11,68.89,51.91,546.3,62.65,normal,0,0
2025-04-14,C,130,431.45,181.43,145.19,46.85,804.92,59.16,normal,0,0
2025-04-14,D,131,342.69,149.71,84.0,87.68,664.09,64.48,normal,0,0
2025-04-14,A,132,276.04,161.18,82.6,50.28,570.1,45.48,normal,0,0
2025-04-14,B,133,280.57,161.79,103.18,51.55,597.09,45.97,normal,0,0
2025-04-14,C,134,354.28,122.9,68.16,33.83,579.17,72.31,normal,0,0
2025-04-14,D,135,323.63,122.47,89.15,45.01,580.26,39.38,normal,0,0
2025-04-14,A,136,468.26,195.91,108.64,101.37,874.18,87.82,normal,0,0
2025-04-14,B,137,269.47,102.61,109.77,78.78,560.63,63.23,normal,0,0
2025-04-14,C,138,384.35,182.09,95.11,52.72,1686.44,123.94,normal,1,0
2025-04-14,D,139,337.53,109.43,107.72,60.1,614.78,43.59,normal,0,0
2025-04-14,A,140,476.12,156.72,154.04,137.03,923.92,62.84,heavy,0,0
2025-04-14,B,141,458.4,163.26,114.66,56.36,792.69,64.7,normal,0,0
2025-04-14,C,142,368.79,132.7,129.73,45.7,676.93,45.3,normal,0,0
2025-04-14,D,143,662.38,341.0,248.3,196.93,1448.61,104.23,heavy,0,0
2025-04-14,A,144,357.04,122.45,80.74,88.17,648.4,57.0,normal,0,0
2025-04-14,B,145,669.94,323.17,142.88,130.83,1266.83,97.88,heavy,0,0
2025-04-14,C,146,517.07,243.89,164.06,125.47,1050.49,71.17,heavy,0,0
2025-04-14,D,147,273.5,78.41,95.84,72.94,520.69,56.92,saver,0,0
2025-04-14,A,148,323.25,147.06,90.33,77.59,638.23,51.27,normal,0,0
2025-04-14,B,149,828.28,338.23,151.4,126.87,1444.78,172.36,heavy,0,0
2025-04-14,C,150,187.82,81.95,42.46,42.81,355.05,25.19,saver,0,0
2025-04-14,D,151,215.53,87.51,55.31,56.67,415.01,41.44,saver,0,0
2025-04-14,A,152,446.03,187.8,97.34,128.4,859.56,102.82,normal,0,0
2025-04-14,B,153,196.1,65.9,61.73,32.96,356.69,27.42,saver,0,0
2025-04-14,C,154,240.84,111.53,82.94,63.52,498.84,39.54,saver,0,0
2025-04-14,D,155,568.33,182.45,153.45,123.08,1027.32,126.72,heavy,0,0
2025-04-14,A,156,256.16,112.23,70.95,32.2,471.54,34.21,normal,0,0
2025-04-14,B,157,592.17,228.06,142.64,147.56,1110.43,93.71,heavy,0,0
2025-04-14,C,158,428.78,168.45,130.28,71.81,799.31,56.71,normal,0,0
2025-04-14,D,159,359.04,145.62,94.0,48.27,646.94,54.18,normal,0,0
2025-04-14,A,160,325.35,141.35,66.98,41.67,575.35,39.29,saver,0,0
2025-04-14,B,161,455.76,169.03,155.31,90.13,870.23,86.93,heavy,0,0
2025-04-14,C,162,259.37,96.84,100.32,63.05,519.57,41.98,saver,0,0
2025-04-14,D,163,257.05,72.61,52.35,27.24,409.25,32.09,saver,0,0
2025-04-14,A,164,299.87,89.07,103.78,31.47,524.19,42.77,normal,0,0
2025-04-14,B,165,296.69,138.18,98.34,64.87,938.51,40.95,normal,0,1
2025-04-14,C,166,506.44,225.14,184.55,153.36,1069.49,76.5,heavy,0,0
2025-04-14,D,167,545.51,193.35,132.31,91.93,963.09,101.43,heavy,0,0
2025-04-14,A,168,290.96,129.65,107.9,40.0,568.5,61.89,normal,0,0
2025-04-14,B,169,282.51,122.48,88.64,41.55,535.18,40.1,normal,0,0
2025-04-14,C,170,178.27,72.67,39.37,39.57,329.88,25.88,saver,0,0
2025-04-14,D,171,389.19,155.72,133.58,118.55,797.05,55.81,normal,0,0
2025-04-14,A,172,290.55,146.47,111.66,66.96,615.64,56.49,normal,0,0
2025-04-14,B,173,709.42,252.17,244.25,179.75,1385.6,95.28,heavy,0,0
2025-04-14,C,174,738.22,244.33,226.78,184.32,1393.65,158.34,heavy,0,0
2025-04-14,D,175,284.32,118.21,98.52,79.19,580.24,52.5,normal,0,0
2025-04-14,A,176,223.26,107.69,87.41,67.39,485.76,39.23,saver,0,0
2025-04-14,B,177,482.27,149.96,110.22,42.39,784.83,59.96,normal,0,0
2025-04-14,C,178,246.21,85.04,73.31,48.96,453.52,35.71,saver,0,0
2025-04-14,D,179,261.94,126.15,112.61,61.77,562.47,66.74,normal,0,0
2025-04-14,A,180,713.86,281.71,152.27,91.05,1238.89,137.02,heavy,0,0
2025-04-15,B,101,294.07,147.47,98.71,48.0,880.65,68.74,normal,0,1
2025-04-15,C,102,511.63,187.52,121.28,47.47,867.9,80.85,normal,0,0
2025-04-15,D,103,330.55,127.56,70.92,73.99,603.01,74.09,normal,0,0
2025-04-15,A,104,199.7,116.11,90.62,62.74,469.17,39.88,saver,0,0
2025-04-15,B,105,643.19,332.05,188.62,127.02,1290.88,94.6,heavy,0,0
2025-04-15,C,106,365.08,153.51,136.83,114.26,769.69,88.73,normal,0,0
2025-04-15,D,107,422.48,203.79,93.72,90.65,810.65,78.46,normal,0,0
2025-04-15,A,108,382.82,143.43,152.73,45.7,724.68,52.61,normal,0,0
2025-04-15,B,109,328.89,99.16,94.83,39.87,562.75,43.01,normal,0,0
2025-04-15,C,110,194.04,109.7,63.34,41.31,408.39,31.93,saver,0,0
2025-04-15,D,111,152.14,54.27,41.83,22.03,270.27,32.94,saver,0,0
2025-04-15,A,112,610.36,311.2,220.0,138.47,1280.04,98.07,heavy,0,0
2025-04-15,B,113,344.04,144.22,132.72,44.62,665.59,66.14,normal,0,0
2025-04-15,C,114,321.15,102.41,65.39,66.13,555.08,43.35,normal,0,0
2025-04-15,D,115,603.97,240.15,128.92,145.28,1118.33,87.6,heavy,0,0
2025-04-15,A,116,325.92,118.37,138.41,41.68,624.38,50.9,normal,0,0
2025-04-15,B,117,484.95,283.07,214.19,86.34,1068.55,119.18,heavy,0,0
2025-04-15,C,118,316.29,147.68,103.82,39.57,607.36,51.47,normal,0,0
2025-04-15,D,119,597.9,225.4,119.29,91.86,1034.47,104.61,heavy,0,0
2025-04-15,A,120,249.61,129.77,89.88,53.03,522.29,41.7,normal,0,0
2025-04-15,B,121,241.59,115.25,58.65,73.15,488.63,33.91,saver,0,0
2025-04-15,C,122,264.72,96.47,72.78,60.79,848.88,61.92,normal,1,0
2025-04-15,D,123,320.82,131.08,57.27,42.78,551.95,54.55,saver,0,0
2025-04-15,A,124,297.16,117.85,104.74,44.51,564.26,49.88,normal,0,0
2025-04-15,B,125,556.29,236.77,142.7,68.39,1004.15,83.01,heavy,0,0
2025-04-15,C,126,244.5,129.57,64.2,40.03,478.29,34.26,normal,0,0
2025-04-15,D,127,376.95,197.32,145.87,41.79,1365.22,65.15,normal,0,1
2025-04-15,A,128,191.09,60.08,54.0,31.22,336.39,32.09,saver,0,0
2025-04-15,B,129,371.31,186.23,104.48,57.89,719.91,52.69,normal,0,0
2025-04-15,C,130,227.65,65.37,57.7,32.82,383.54,34.89,saver,0,0
2025-04-15,D,131,665.06,234.37,184.42,171.22,1255.07,85.76,heavy,0,0
2025-04-15,A,132,302.38,102.56,101.51,33.27,539.71,62.34,normal,0,0
2025-04-15,B,133,238.95,83.29,77.63,75.25,475.12,42.59,normal,0,0
2025-04-15,C,134,303.35,112.91,91.63,36.57,544.45,59.4,normal,0,0
2025-04-15,D,135,331.93,123.62,133.76,94.33,683.65,63.63,normal,0,0
2025-04-15,A,136,379.07,160.44,123.33,41.35,704.19,48.99,normal,0,0
2025-04-15,B,137,254.91,99.96,72.89,75.45,503.21,40.71,normal,0,0
2025-04-15,C,138,361.79,147.72,132.49,84.36,726.36,61.21,normal,0,0
2025-04-15,D,139,252.44,92.46,66.46,66.9,478.26,32.31,normal,0,0
2025-04-15,A,140,613.12,205.47,151.02,55.67,1025.28,126.43,heavy,0,0
2025-04-15,B,141,572.81,319.68,180.5,178.97,2064.45,110.2,heavy,0,1
2025-04-15,C,142,638.99,270.82,195.25,133.93,2145.62,94.04,heavy,0,1
2025-04-15,D,143,444.86,214.99,178.13,119.37,957.35,107.19,heavy,0,0
2025-04-15,A,144,602.72,177.55,225.11,137.18,1142.56,107.09,heavy,0,0
2025-04-15,B,145,598.7,204.31,141.45,170.62,1115.08,94.01,heavy,0,0
2025-04-15,C,146,700.21,321.08,252.66,165.95,3417.0,161.84,heavy,1,0
2025-04-15,D,147,513.03,173.5,176.27,163.65,1026.45,122.09,heavy,0,0
2025-04-15,A,148,374.23,149.58,123.46,43.47,690.74,51.39,normal,0,0
2025-04-15,B,149,794.66,243.45,225.27,93.63,1357.01,131.77,heavy,0,0
2025-04-15,C,150,380.34,165.1,96.54,74.97,716.95,62.19,normal,0,0
2025-04-15,D,151,257.35,141.58,77.47,74.57,550.98,64.82,normal,0,0
2025-04-15,A,152,259.4,105.54,120.63,79.77,1236.51,80.24,normal,1,0
2025-04-15,B,153,399.53,121.86,94.72,97.31,713.41,53.06,normal,0,0
2025-04-15,C,154,409.9,131.57,90.94,97.72,730.14,81.79,normal,0,0
2025-04-15,D,155,415.93,157.49,122.83,86.45,782.7,61.23,normal,0,0
2025-04-15,A,156,547.49,171.68,111.18,105.14,1305.1,116.84,heavy,0,1
2025-04-15,B,157,421.12,148.93,123.46,99.62,793.12,64.5,normal,0,0
2025-04-15,C,158,297.79,88.99,112.7,42.94,542.43,50.68,normal,0,0
2025-04-15,D,159,235.5,66.26,56.53,28.7,386.99,34.09,saver,0,0
2025-04-15,A,160,356.24,144.29,106.67,75.64,682.84,63.5,normal,0,0
2025-04-15,B,161,451.8,209.8,140.49,122.6,924.69,62.11,heavy,0,0
2025-04-15,C,162,359.92,163.6,128.08,53.12,704.73,66.32,normal,0,0
2025-04-15,D,163,272.51,134.23,58.64,29.52,494.89,41.15,normal,0,0
2025-04-15,A,164,278.9,113.61,72.89,63.05,528.44,36.25,normal,0,0
2025-04-15,B,165,364.96,102.05,111.02,40.37,618.41,43.58,normal,0,0
2025-04-15,C,166,323.72,127.07,68.83,40.19,559.8,45.2,normal,0,0
2025-04-15,D,167,426.35,142.9,155.35,111.47,836.08,102.42,normal,0,0
2025-04-15,A,168,169.08,71.71,68.07,36.56,345.41,36.27,saver,0,0
2025-04-15,B,169,426.07,142.23,166.52,48.33,783.14,90.29,normal,0,0
2025-04-15,C,170,318.83,157.92,90.48,92.97,660.2,46.95,normal,0,0
2025-04-15,D,171,547.84,239.48,168.79,160.38,1116.49,101.79,heavy,0,0
2025-04-15,A,172,417.44,214.02,198.2,122.33,951.98,68.17,heavy,0,0
2025-04-15,B,173,311.22,93.1,81.48,59.81,545.62,37.1,normal,0,0
2025-04-15,C,174,379.71,176.17,118.01,99.41,773.31,52.32,normal,0,0
2025-04-15,D,175,288.69,128.89,60.38,28.94,858.02,61.41,saver,1,0
2025-04-15,A,176,617.96,230.85,123.2,172.99,1145.0,99.7,heavy,0,0
2025-04-15,B,177,439.88,229.79,161.2,131.63,962.51,66.57,heavy,0,0
2025-04-15,C,178,222.02,77.58,75.37,32.49,407.46,39.22,saver,0,0
2025-04-15,D,179,432.48,146.2,185.75,131.02,895.44,89.12,heavy,0,0
2025-04-15,A,180,337.92,154.63,86.97,87.06,666.58,79.9,normal,0,0
2025-04-16,B,101,358.75,105.94,113.83,56.12,634.64,57.02,normal,0,0
2025-04-16,C,102,354.61,149.96,79.32,73.09,656.97,61.71,normal,0,0
2025-04-16,D,103,410.99,238.38,187.77,91.55,928.69,114.71,heavy,0,0
2025-04-16,A,104,326.23,171.51,101.87,65.44,665.05,81.36,normal,0,0
2025-04-16,B,105,452.03,162.92,120.91,99.18,835.04,102.9,normal,0,0
2025-04-16,C,106,505.39,156.35,133.05,58.77,853.57,57.61,normal,0,0
2025-04-16,D,107,397.35,135.73,117.09,72.26,722.42,64.49,normal,0,0
2025-04-16,A,108,623.79,330.78,263.17,148.55,1366.3,126.27,heavy,0,0
2025-04-16,B,109,557.1,163.22,134.5,71.58,926.41,87.11,heavy,0,0
2025-04-16,C,110,304.18,122.49,65.05,65.82,557.54,62.51,normal,0,0
2025-04-16,D,111,503.43,154.14,201.75,76.18,935.5,103.4,heavy,0,0
2025-04-16,A,112,404.62,169.98,104.31,81.13,760.04,84.92,normal,0,0
2025-04-16,B,113,256.56,107.53,105.3,27.15,496.56,43.18,saver,0,0
2025-04-16,C,114,150.89,69.82,56.7,25.16,302.57,29.01,saver,0,0
2025-04-16,D,115,289.28,104.4,108.03,61.32,563.04,39.63,normal,0,0
2025-04-16,A,116,450.79,140.99,150.47,111.63,853.88,95.29,normal,0,0
2025-04-16,B,117,282.99,107.08,87.14,49.17,526.38,35.24,normal,0,0
2025-04-16,C,118,314.0,127.76,129.1,74.83,1023.92,46.9,normal,0,1
2025-04-16,D,119,404.03,176.75,115.88,94.69,791.35,60.99,normal,0,0
2025-04-16,A,120,375.19,150.58,68.93,36.8,631.49,72.4,normal,0,0
2025-04-16,B,121,403.66,136.95,69.92,100.39,710.93,87.93,normal,0,0
2025-04-16,C,122,188.99,91.5,51.94,21.77,743.89,62.15,saver,1,0
2025-04-16,D,123,683.4,207.14,154.98,134.94,1180.46,143.61,heavy,0,0
2025-04-16,A,124,401.81,193.37,124.56,108.26,828.0,62.25,normal,0,0
2025-04-16,B,125,353.68,179.64,114.87,68.71,716.9,52.36,normal,0,0
2025-04-16,C,126,313.44,120.51,97.43,66.19,597.57,40.67,normal,0,0
2025-04-16,D,127,311.14,140.41,89.88,77.47,618.91,56.49,normal,0,0
2025-04-16,A,128,241.41,106.15,85.96,42.53,476.05,34.43,normal,0,0
2025-04-16,B,129,411.67,148.96,84.97,91.37,736.97,50.97,normal,0,0
2025-04-16,C,130,495.42,192.59,115.76,51.26,855.03,57.86,normal,0,0
2025-04-16,D,131,279.5,158.52,66.5,40.38,2300.49,76.61,normal,1,1
2025-04-16,A,132,345.35,135.44,86.38,70.82,637.98,57.11,normal,0,0
2025-04-16,B,133,399.65,152.52,143.58,59.74,755.49,84.25,normal,0,0
2025-04-16,C,134,340.78,107.58,126.29,61.84,636.5,52.61,normal,0,0
2025-04-16,D,135,236.03,106.63,63.34,61.73,467.73,34.89,normal,0,0
2025-04-16,A,136,226.82,121.11,104.17,77.47,529.56,54.07,normal,0,0
2025-04-16,B,137,250.42,133.9,63.38,72.69,520.39,37.48,normal,0,0
2025-04-16,C,138,589.01,206.41,152.31,122.18,1069.92,119.79,heavy,0,0
2025-04-16,D,139,327.06,137.72,90.03,47.43,788.1,72.92,normal,0,1
2025-04-16,A,140,313.08,143.5,93.18,73.19,622.96,72.13,normal,0,0
2025-04-16,B,141,554.0,275.87,115.51,75.31,1020.68,72.9,heavy,0,0
2025-04-16,C,142,310.41,96.56,72.29,50.77,530.02,55.82,normal,0,0
2025-04-16,D,143,728.79,266.17,186.76,154.75,1336.47,140.15,heavy,0,0
2025-04-16,A,144,771.55,277.88,141.27,162.56,1353.26,107.65,heavy,0,0
2025-04-16,B,145,544.69,158.81,103.59,119.34,926.42,94.29,heavy,0,0
2025-04-16,C,146,573.53,219.94,185.56,107.64,1086.66,111.67,heavy,0,0
2025-04-16,D,147,359.4,177.89,98.5,48.26,684.04,52.89,normal,0,0
2025-04-16,A,148,287.54,98.08,98.44,48.9,532.96,49.06,saver,0,0
2025-04-16,B,149,465.92,196.29,124.87,91.18,878.26,76.53,normal,0,0
2025-04-16,C,150,153.29,91.6,54.2,30.02,541.48,23.47,saver,0,1
2025-04-16,D,151,492.58,174.9,120.74,104.43,892.65,94.08,heavy,0,0
2025-04-16,A,152,692.32,219.69,155.86,110.93,1178.8,144.98,heavy,0,0
2025-04-16,B,153,401.88,149.42,83.29,82.74,717.33,78.22,normal,0,0
2025-04-16,C,154,209.39,71.69,46.79,42.14,370.0,37.19,saver,0,0
2025-04-16,D,155,496.25,184.64,155.05,94.22,930.15,72.59,heavy,0,0
2025-04-16,A,156,263.24,87.56,103.84,40.48,495.13,41.33,saver,0,0
2025-04-16,B,157,658.64,301.0,184.75,150.81,1295.19,104.26,heavy,0,0
2025-04-16,C,158,257.96,85.76,55.33,37.33,436.39,49.31,saver,0,0
2025-04-16,D,159,443.05,144.17,91.97,80.88,1815.4,108.9,normal,1,0
2025-04-16,A,160,390.19,176.32,126.76,103.44,796.71,87.83,normal,0,0
2025-04-16,B,161,236.44,132.6,63.23,50.46,482.73,34.28,normal,0,0
2025-04-16,C,162,721.13,274.05,226.46,195.07,1416.71,175.43,heavy,0,0
2025-04-16,D,163,678.07,246.75,141.78,85.05,1151.65,86.56,heavy,0,0
2025-04-16,A,164,331.98,126.3,82.43,91.08,631.8,61.94,normal,0,0
2025-04-16,B,165,693.62,255.44,203.97,144.3,1297.34,116.0,heavy,0,0
2025-04-16,C,166,357.98,118.41,109.3,80.87,666.56,53.33,normal,0,0
2025-04-16,D,167,391.75,191.43,102.82,59.99,745.99,71.89,normal,0,0
2025-04-16,A,168,239.59,127.2,90.9,47.52,505.19,44.27,normal,0,0
2025-04-16,B,169,474.12,178.21,89.24,71.34,1110.7,69.09,normal,0,1
2025-04-16,C,170,471.4,239.3,125.7,138.96,975.36,82.14,heavy,0,0
2025-04-16,D,171,598.8,300.38,164.28,92.1,1155.56,78.38,heavy,0,0
2025-04-16,A,172,297.16,129.22,85.7,80.45,592.52,52.03,normal,0,0
2025-04-16,B,173,393.62,122.41,100.29,50.96,667.28,74.1,normal,0,0
2025-04-16,C,174,342.43,177.79,106.81,93.13,720.15,50.73,normal,0,0
2025-04-16,D,175,595.32,229.13,184.65,153.17,1162.26,83.54,heavy,0,0
2025-04-16,A,176,229.93,80.69,75.41,37.63,1099.38,48.49,saver,1,1
2025-04-16,B,177,364.15,98.16,120.69,36.11,619.11,64.52,normal,0,0
2025-04-16,C,178,393.25,178.52,163.76,132.91,868.43,70.27,normal,0,0
2025-04-16,D,179,269.07,130.25,110.37,37.95,547.64,64.98,normal,0,0
2025-04-16,A,180,265.32,123.22,76.4,79.95,911.31,40.04,saver,0,1
2025-04-17,B,101,588.37,256.06,167.37,97.36,1109.16,95.4,heavy,0,0
2025-04-17,C,102,367.26,141.13,146.26,85.49,740.14,68.21,normal,0,0
2025-04-17,D,103,348.23,105.12,74.22,89.86,617.43,44.23,normal,0,0
2025-04-17,A,104,145.62,67.02,41.28,31.81,388.43,21.06,saver,0,1
2025-04-17,B,105,300.78,105.88,133.34,56.61,596.62,54.54,normal,0,0
2025-04-17,C,106,177.6,83.0,38.27,35.38,334.25,27.61,saver,0,0
2025-04-17,D,107,473.15,199.99,206.62,140.38,1020.14,75.92,heavy,0,0
2025-04-17,A,108,413.72,134.86,168.4,101.05,818.02,102.13,normal,0,0
2025-04-17,B,109,153.18,52.72,36.47,19.17,261.54,31.82,saver,0,0
2025-04-17,C,110,357.76,102.43,102.85,56.56,619.6,49.06,normal,0,0
2025-04-17,D,111,384.45,138.09,80.92,107.01,710.48,72.88,normal,0,0
2025-04-17,A,112,583.47,258.57,191.87,170.1,1204.01,110.14,heavy,0,0
2025-04-17,B,113,697.76,250.0,134.12,142.13,1224.0,90.63,heavy,0,0
2025-04-17,C,114,183.52,93.22,45.34,25.94,348.01,40.0,saver,0,0
2025-04-17,D,115,401.41,146.4,72.96,96.97,717.74,60.98,normal,0,0
2025-04-17,A,116,344.97,118.93,103.9,88.24,656.05,55.33,normal,0,0
2025-04-17,B,117,249.17,96.59,51.27,65.27,462.31,35.67,saver,0,0
2025-04-17,C,118,302.49,118.22,92.99,91.51,605.22,43.2,normal,0,0
2025-04-17,D,119,237.25,141.77,95.25,65.33,539.61,50.32,normal,0,0
2025-04-17,A,120,287.16,117.04,80.59,40.39,525.18,39.3,normal,0,0
2025-04-17,B,121,340.05,120.56,112.39,74.63,2206.05,82.82,normal,1,1
2025-04-17,C,122,655.33,256.41,258.76,175.01,1345.5,155.82,heavy,0,0
2025-04-17,D,123,374.66,205.28,98.58,69.71,748.23,55.83,normal,0,0
2025-04-17,A,124,383.68,167.54,78.89,100.71,730.81,66.11,normal,0,0
2025-04-17,B,125,240.44,84.25,50.5,54.82,430.01,30.0,saver,0,0
2025-04-17,C,126,270.33,83.11,83.98,38.91,476.32,36.57,saver,0,0
2025-04-17,D,127,456.42,232.82,127.18,120.06,936.48,80.16,heavy,0,0
2025-04-17,A,128,508.87,215.2,176.46,120.56,1021.09,97.97,heavy,0,0
2025-04-17,B,129,376.15,189.69,141.77,113.68,821.29,68.76,normal,0,0
2025-04-17,C,130,540.44,196.92,167.11,88.37,992.84,106.62,heavy,0,0
2025-04-17,D,131,538.27,194.53,172.13,110.19,1015.12,109.84,heavy,0,0
2025-04-17,A,132,306.41,134.24,105.9,46.14,592.69,55.45,normal,0,0
2025-04-17,B,133,292.0,118.24,59.73,76.0,545.96,49.77,normal,0,0
2025-04-17,C,134,365.15,197.61,81.54,111.95,756.24,56.43,normal,0,0
2025-04-17,D,135,268.83,110.84,80.48,58.74,518.9,42.29,normal,0,0
2025-04-17,A,136,441.42,211.57,156.45,96.99,906.43,71.26,normal,0,0
2025-04-17,B,137,321.9,88.8,61.6,86.09,558.39,48.79,normal,0,0
2025-04-17,C,138,302.59,90.55,86.96,54.03,534.13,54.08,saver,0,0
2025-04-17,D,139,583.9,213.06,156.11,97.64,1050.72,75.25,heavy,0,0
2025-04-17,A,140,182.53,81.8,51.56,18.43,334.31,29.21,saver,0,0
2025-04-17,B,141,232.59,115.99,102.83,53.26,504.68,36.94,normal,0,0
2025-04-17,C,142,391.06,184.51,160.21,59.38,1845.9,121.64,normal,1,0
2025-04-17,D,143,398.54,147.55,107.22,109.77,763.08,60.21,normal,0,0
2025-04-17,A,144,345.04,171.48,85.31,79.57,1228.94,111.91,normal,1,0
2025-04-17,B,145,445.8,126.56,108.39,42.02,722.78,79.85,normal,0,0
2025-04-17,C,146,281.22,108.41,74.95,40.09,872.07,60.18,normal,0,1
2025-04-17,D,147,305.91,153.93,68.92,97.23,947.05,44.46,normal,0,1
2025-04-17,A,148,423.69,171.07,127.16,108.09,830.01,71.73,normal,0,0
2025-04-17,B,149,313.68,117.17,123.27,88.76,955.92,48.47,normal,0,1
2025-04-17,C,150,616.05,286.38,270.06,80.02,1252.51,85.37,heavy,0,0
2025-04-17,D,151,596.07,241.04,169.53,69.37,1076.02,99.23,heavy,0,0
2025-04-17,A,152,330.55,150.41,69.3,92.92,1238.1,73.15,normal,1,0
2025-04-17,B,153,599.93,215.97,225.45,100.82,1142.18,94.89,heavy,0,0
2025-04-17,C,154,588.09,217.53,125.89,136.18,2516.83,158.57,heavy,1,0
2025-04-17,D,155,311.24,105.06,72.94,45.56,534.8,42.07,normal,0,0
2025-04-17,A,156,417.55,151.7,111.86,113.8,794.9,63.44,normal,0,0
2025-04-17,B,157,177.02,92.85,64.75,26.64,361.26,33.37,saver,0,0
2025-04-17,C,158,418.26,137.2,79.22,105.36,740.04,69.23,normal,0,0
2025-04-17,D,159,414.95,210.02,148.88,82.56,856.41,74.26,normal,0,0
2025-04-17,A,160,141.69,74.24,60.21,30.74,306.88,23.0,saver,0,0
2025-04-17,B,161,207.3,114.94,85.7,39.68,447.63,36.94,saver,0,0
2025-04-17,C,162,244.97,127.31,79.11,36.64,488.02,35.24,normal,0,0
2025-04-17,D,163,365.12,191.4,134.22,116.72,807.46,54.52,normal,0,0
2025-04-17,A,164,311.1,99.32,59.55,62.64,532.62,49.5,normal,0,0
2025-04-17,B,165,547.52,172.2,159.42,72.78,951.92,69.59,heavy,0,0
2025-04-17,C,166,386.34,176.91,152.13,55.63,771.01,55.19,normal,0,0
2025-04-17,D,167,280.28,101.18,110.72,73.23,565.41,40.23,normal,0,0
2025-04-17,A,168,625.83,258.58,197.67,58.86,1140.94,92.08,heavy,0,0
2025-04-17,B,169,401.42,108.87,81.84,96.41,688.53,55.99,normal,0,0
2025-04-17,C,170,284.82,148.73,70.87,90.76,595.18,41.49,normal,0,0
2025-04-17,D,171,434.71,167.71,98.86,85.54,786.82,80.82,heavy,0,0
2025-04-17,A,172,255.03,120.26,59.18,45.89,798.99,51.87,normal,0,1
2025-04-17,B,173,247.59,86.66,61.93,33.86,430.03,33.96,normal,0,0
2025-04-17,C,174,662.0,275.8,170.66,182.33,1290.79,105.3,heavy,0,0
2025-04-17,D,175,265.08,124.81,79.01,28.85,497.74,34.23,normal,0,0
2025-04-17,A,176,400.45,159.49,97.16,91.25,748.36,68.19,normal,0,0
2025-04-17,B,177,316.03,118.67,105.34,75.71,615.75,56.06,normal,0,0
2025-04-17,C,178,516.62,155.52,152.85,121.18,946.16,70.42,normal,0,0
2025-04-17,D,179,281.78,144.66,72.54,49.65,548.63,37.99,normal,0,0
2025-04-17,A,180,288.18,88.25,88.54,53.48,518.45,58.93,normal,0,0
2025-04-18,B,101,511.02,233.65,143.01,120.57,1008.24,75.34,heavy,0,0
2025-04-18,C,102,635.85,240.02,173.1,81.87,1130.83,77.64,heavy,0,0
2025-04-18,D,103,372.81,150.25,131.27,53.73,708.07,70.35,normal,0,0
2025-04-18,A,104,402.04,190.46,139.88,57.06,789.44,73.78,normal,0,0
2025-04-18,B,105,300.65,128.85,126.51,57.47,613.48,40.92,normal,0,0
2025-04-18,C,106,541.43,250.68,251.42,141.53,1185.05,82.16,heavy,0,0
2025-04-18,D,107,363.56,126.41,123.45,50.35,663.77,59.67,normal,0,0
2025-04-18,A,108,290.22,105.91,124.73,53.71,574.58,43.85,normal,0,0
2025-04-18,B,109,330.68,105.37,106.93,35.13,578.12,41.13,normal,0,0
2025-04-18,C,110,322.99,145.33,81.66,75.1,625.07,76.87,normal,0,0
2025-04-18,D,111,171.59,85.03,44.92,21.01,322.55,21.73,saver,0,0
2025-04-18,A,112,482.24,238.11,140.93,128.42,989.69,123.29,heavy,0,0
2025-04-18,B,113,434.77,159.49,129.57,58.84,782.66,85.29,normal,0,0
2025-04-18,C,114,583.43,191.35,104.76,83.35,1472.88,118.24,heavy,1,0
2025-04-18,D,115,253.18,115.98,94.51,29.33,493.0,52.38,saver,0,0
2025-04-18,A,116,484.14,157.71,110.48,61.47,813.8,60.51,normal,0,0
2025-04-18,B,117,279.97,101.39,90.07,47.86,519.29,36.87,normal,0,0
2025-04-18,C,118,639.63,297.25,258.08,124.86,1319.82,123.91,heavy,0,0
2025-04-18,D,119,363.19,170.92,118.11,97.89,750.11,66.35,normal,0,0
2025-04-18,A,120,538.43,239.38,144.98,64.03,986.82,71.28,heavy,0,0
2025-04-18,B,121,423.44,143.61,140.0,110.1,817.16,68.49,normal,0,0
2025-04-18,C,122,393.57,164.68,111.5,43.86,713.61,55.28,normal,0,0
2025-04-18,D,123,320.89,90.03,73.81,61.21,545.93,47.18,normal,0,0
2025-04-18,A,124,515.51,205.32,115.68,69.06,905.58,61.49,heavy,0,0
2025-04-18,B,125,438.36,223.33,102.65,61.98,1229.82,88.88,heavy,0,1
2025-04-18,C,126,318.79,144.35,75.89,96.68,635.71,55.14,normal,0,0
2025-04-18,D,127,279.78,154.32,99.89,48.96,582.95,53.08,normal,0,0
2025-04-18,A,128,624.7,209.81,108.92,77.91,1021.34,69.46,heavy,0,0
2025-04-18,B,129,374.11,122.59,145.16,97.66,739.52,77.47,normal,0,0
2025-04-18,C,130,233.6,90.07,80.57,67.13,471.36,43.74,normal,0,0
2025-04-18,D,131,335.85,143.77,150.61,54.34,684.58,58.13,normal,0,0
2025-04-18,A,132,353.06,108.93,102.89,47.56,612.44,43.91,normal,0,0
2025-04-18,B,133,265.31,106.41,100.31,64.36,536.39,39.84,normal,0,0
2025-04-18,C,134,362.92,99.66,97.34,40.23,600.15,59.97,normal,0,0
2025-04-18,D,135,448.35,181.94,147.88,96.61,874.78,85.91,normal,0,0
2025-04-18,A,136,700.38,266.31,257.6,164.25,1388.55,98.72,heavy,0,0
2025-04-18,B,137,664.06,294.9,217.59,101.66,1278.21,90.33,heavy,0,0
2025-04-18,C,138,585.86,213.61,241.4,66.3,1107.19,97.86,heavy,0,0
2025-04-18,D,139,670.26,275.9,214.14,136.27,1296.56,147.46,heavy,0,0
2025-04-18,A,140,176.81,88.48,77.75,37.88,380.91,40.98,saver,0,0
2025-04-18,B,141,462.53,192.8,121.74,109.32,886.39,60.08,heavy,0,0
2025-04-18,C,142,212.64,83.61,55.93,21.42,373.6,32.98,saver,0,0
2025-04-18,D,143,323.21,109.06,125.24,33.84,591.35,47.31,normal,0,0
2025-04-18,A,144,424.26,183.6,90.55,60.97,1093.3,94.57,normal,0,1
2025-04-18,B,145,358.91,140.02,76.27,89.42,664.62,45.56,normal,0,0
2025-04-18,C,146,307.56,139.8,100.65,65.28,613.28,45.09,normal,0,0
2025-04-18,D,147,760.3,278.71,150.98,148.63,1338.61,157.31,heavy,0,0
2025-04-18,A,148,287.53,90.55,63.04,64.18,505.3,39.9,normal,0,0
2025-04-18,B,149,664.46,301.42,144.15,128.23,1238.26,90.87,heavy,0,0
2025-04-18,C,150,336.25,133.89,86.62,66.86,623.62,60.65,normal,0,0
2025-04-18,D,151,393.02,129.32,128.19,79.81,730.34,72.16,normal,0,0
2025-04-18,A,152,552.45,201.26,179.45,132.28,2035.61,193.3,heavy,1,0
2025-04-18,B,153,241.23,105.79,62.83,56.86,466.7,39.39,saver,0,0
2025-04-18,C,154,404.82,119.88,73.12,103.7,1370.09,110.56,normal,1,0
2025-04-18,D,155,288.87,119.23,96.73,101.15,605.97,41.6,normal,0,0
2025-04-18,A,156,270.37,104.59,95.59,59.91,1279.64,107.31,saver,1,0
2025-04-18,B,157,478.56,138.85,90.14,96.45,804.02,97.58,normal,0,0
2025-04-18,C,158,241.23,113.9,107.37,62.23,524.74,43.04,normal,0,0
2025-04-18,D,159,607.41,227.14,110.4,116.16,1061.1,80.76,heavy,0,0
2025-04-18,A,160,386.17,176.21,157.05,87.07,806.5,85.14,normal,0,0
2025-04-18,B,161,392.82,187.08,169.34,129.37,1567.29,96.59,normal,1,0
2025-04-18,C,162,638.13,270.73,193.57,133.57,1236.01,107.57,heavy,0,0
2025-04-18,D,163,323.46,139.17,102.98,87.99,653.6,76.53,normal,0,0
2025-04-18,A,164,339.5,126.11,101.2,74.22,641.03,69.97,normal,0,0
2025-04-18,B,165,453.68,159.75,161.03,118.53,1341.86,105.29,normal,1,0
2025-04-18,C,166,336.45,93.49,59.3,59.95,549.19,59.52,saver,0,0
2025-04-18,D,167,489.15,211.03,129.16,140.13,969.47,89.74,heavy,0,0
2025-04-18,A,168,708.74,267.35,225.45,191.54,1393.07,99.25,heavy,0,0
2025-04-18,B,169,295.67,143.9,76.82,60.77,577.14,71.29,normal,0,0
2025-04-18,C,170,514.7,222.38,104.15,87.95,929.18,95.53,heavy,0,0
2025-04-18,D,171,579.07,275.12,160.01,89.8,1104.01,79.13,heavy,0,0
2025-04-18,A,172,409.93,131.65,151.72,84.68,777.98,72.73,normal,0,0
2025-04-18,B,173,393.76,146.09,73.89,55.63,669.37,58.65,normal,0,0
2025-04-18,C,174,180.11,72.6,72.16,31.32,356.18,38.47,saver,0,0
2025-04-18,D,175,517.99,161.97,114.93,56.48,851.36,104.94,normal,0,0
2025-04-18,A,176,272.69,86.11,52.47,42.91,454.18,45.96,saver,0,0
2025-04-18,B,177,722.54,256.23,191.49,152.68,1322.94,164.25,heavy,0,0
2025-04-18,C,178,509.66,207.31,108.98,84.48,910.44,67.06,heavy,0,0
2025-04-18,D,179,277.38,105.81,94.15,40.05,517.39,55.37,normal,0,0
2025-04-18,A,180,418.37,165.74,110.92,68.41,763.44,95.32,normal,0,0
2025-04-19,B,101,330.19,117.5,92.98,59.64,600.31,45.64,normal,0,0
2025-04-19,C,102,287.17,169.77,120.91,95.97,673.82,83.0,saver,0,0
2025-04-19,D,103,509.24,218.08,139.29,65.8,932.41,65.9,normal,0,0
2025-04-19,A,104,445.89,145.49,87.62,113.6,792.61,53.53,normal,0,0
2025-04-19,B,105,912.09,270.2,169.1,177.03,2079.62,168.23,heavy,0,1
2025-04-19,C,106,508.74,230.9,107.02,83.39,930.05,97.58,normal,0,0
2025-04-19,D,107,771.34,262.78,268.41,110.02,1412.56,109.93,heavy,0,0
2025-04-19,A,108,500.41,165.41,125.78,128.18,1484.54,67.27,normal,0,1
2025-04-19,B,109,501.85,134.45,130.65,118.31,885.26,60.35,normal,0,0
2025-04-19,C,110,388.19,192.3,102.82,77.95,1695.29,105.59,normal,1,0
2025-04-19,D,111,387.94,168.9,140.99,108.6,1192.49,82.59,normal,0,1
2025-04-19,A,112,433.62,172.51,190.39,143.34,939.85,78.34,normal,0,0
2025-04-19,B,113,618.95,221.59,167.53,137.81,1996.04,85.69,heavy,0,1
2025-04-19,C,114,631.43,277.4,127.3,78.43,1114.56,93.09,normal,0,0
2025-04-19,D,115,612.99,295.19,186.57,193.9,1897.2,96.4,heavy,0,1
2025-04-19,A,116,366.3,131.98,134.0,48.3,680.58,64.5,normal,0,0
2025-04-19,B,117,425.92,165.53,89.3,66.62,747.37,51.83,normal,0,0
2025-04-19,C,118,591.85,238.16,164.51,68.22,1062.73,120.07,normal,0,0
2025-04-19,D,119,378.94,125.8,81.66,82.03,668.43,51.11,saver,0,0
2025-04-19,A,120,524.27,216.0,154.04,74.27,968.58,91.18,normal,0,0
2025-04-19,B,121,385.42,136.64,152.58,43.51,718.15,70.54,saver,0,0
2025-04-19,C,122,496.38,163.01,148.16,94.07,901.62,74.03,normal,0,0
2025-04-19,D,123,536.73,218.82,171.37,51.24,978.16,102.27,normal,0,0
2025-04-19,A,124,507.4,167.22,120.2,97.67,892.5,70.18,normal,0,0
2025-04-19,B,125,465.66,149.88,171.52,61.88,848.94,87.0,normal,0,0
2025-04-19,C,126,500.21,180.63,224.21,90.9,995.96,120.9,normal,0,0
2025-04-19,D,127,332.53,153.7,88.44,78.13,947.23,47.88,saver,0,1
2025-04-19,A,128,367.91,164.13,88.58,91.37,711.99,66.77,normal,0,0
2025-04-19,B,129,486.19,194.48,181.6,67.97,930.24,100.82,normal,0,0
2025-04-19,C,130,272.86,100.29,63.25,79.4,515.81,64.16,saver,0,0
2025-04-19,D,131,591.85,205.79,153.98,90.38,1042.0,69.81,normal,0,0
2025-04-19,A,132,396.29,232.93,109.36,72.59,811.17,60.41,normal,0,0
2025-04-19,B,133,665.65,239.03,196.79,164.61,1266.08,134.15,heavy,0,0
2025-04-19,C,134,577.34,212.73,180.55,125.07,1095.68,109.5,normal,0,0
2025-04-19,D,135,312.74,157.94,112.81,49.98,633.47,52.14,normal,0,0
2025-04-19,A,136,892.58,327.16,292.08,101.14,2585.58,107.55,heavy,0,1
2025-04-19,B,137,274.03,159.11,122.01,89.27,644.42,80.41,normal,0,0
2025-04-19,C,138,515.06,154.57,151.14,132.06,952.83,67.79,normal,0,0
2025-04-19,D,139,404.47,145.69,93.07,49.17,1212.79,52.44,saver,0,1
2025-04-19,A,140,424.97,185.1,89.07,93.56,792.7,68.54,normal,0,0
2025-04-19,B,141,395.36,171.58,109.6,82.35,758.89,84.44,normal,0,0
2025-04-19,C,142,508.21,217.27,133.14,86.89,945.51,63.42,normal,0,0
2025-04-19,D,143,334.69,148.37,98.32,44.4,1226.83,103.63,normal,1,0
2025-04-19,A,144,286.78,93.17,86.48,45.59,512.02,53.37,saver,0,0
2025-04-19,B,145,278.94,141.86,79.89,82.19,582.89,56.2,saver,0,0
2025-04-19,C,146,397.54,109.95,127.38,91.57,726.43,56.4,normal,0,0
2025-04-19,D,147,493.74,226.68,110.91,60.61,1571.29,209.66,normal,1,0
2025-04-19,A,148,305.62,146.62,101.63,39.15,593.01,41.04,normal,0,0
2025-04-19,B,149,304.45,145.51,76.84,80.58,607.37,49.21,normal,0,0
2025-04-19,C,150,696.77,299.13,161.02,135.26,1292.19,123.93,heavy,0,0
2025-04-19,D,151,420.22,153.04,113.58,121.83,808.68,55.25,normal,0,0
2025-04-19,A,152,857.32,336.65,156.77,145.67,1496.41,175.09,heavy,0,0
2025-04-19,B,153,280.64,103.39,122.41,68.38,574.82,55.83,normal,0,0
2025-04-19,C,154,541.82,163.02,180.65,92.05,977.54,69.84,normal,0,0
2025-04-19,D,155,372.87,192.75,158.26,51.52,775.4,88.13,normal,0,0
2025-04-19,A,156,197.17,91.73,41.5,47.2,894.92,57.8,saver,1,0
2025-04-19,B,157,639.24,200.39,180.94,70.01,1090.58,91.59,heavy,0,0
2025-04-19,C,158,285.58,140.58,74.45,83.62,584.24,62.7,saver,0,0
2025-04-19,D,159,446.66,135.36,82.38,114.46,778.86,62.5,normal,0,0
2025-04-19,A,160,585.14,206.89,196.83,96.89,1085.75,73.39,normal,0,0
2025-04-19,B,161,653.62,243.57,132.42,132.2,1161.82,124.3,heavy,0,0
2025-04-19,C,162,378.13,139.56,83.52,75.61,1178.15,49.69,saver,0,1
2025-04-19,D,163,692.28,240.43,168.2,85.54,1186.45,101.01,heavy,0,0
2025-04-19,A,164,447.29,166.12,123.44,58.64,795.49,62.48,normal,0,0
2025-04-19,B,165,388.23,157.32,117.59,65.5,728.64,60.28,normal,0,0
2025-04-19,C,166,569.74,245.33,136.27,72.4,1023.74,94.52,normal,0,0
2025-04-19,D,167,246.72,75.5,83.73,33.87,778.07,31.09,saver,0,1
2025-04-19,A,168,429.02,165.46,148.48,74.98,817.95,67.08,normal,0,0
2025-04-19,B,169,389.26,116.64,84.64,40.53,631.07,42.13,normal,0,0
2025-04-19,C,170,348.51,150.75,76.16,82.09,657.51,78.33,saver,0,0
2025-04-19,D,171,521.22,172.34,134.64,103.58,1390.81,86.16,normal,0,1
2025-04-19,A,172,297.51,155.35,109.13,38.96,600.95,55.26,normal,0,0
2025-04-19,B,173,211.02,76.35,87.48,64.47,439.33,31.61,saver,0,0
2025-04-19,C,174,533.98,210.9,95.74,57.64,898.26,91.32,normal,0,0
2025-04-19,D,175,807.96,316.42,246.19,115.35,1485.93,108.55,heavy,0,0
2025-04-19,A,176,815.13,310.6,312.73,155.3,1593.77,189.02,heavy,0,0
2025-04-19,B,177,397.67,153.24,155.31,124.35,830.57,88.16,normal,0,0
2025-04-19,C,178,727.83,331.67,175.3,145.62,1380.41,93.52,heavy,0,0
2025-04-19,D,179,868.89,448.01,308.47,174.79,1800.16,223.53,heavy,0,0
2025-04-19,A,180,709.88,239.96,177.16,162.59,1878.41,100.22,heavy,0,1
2025-04-20,B,101,537.14,294.95,174.41,115.77,1122.27,91.24,heavy,0,0
2025-04-20,C,102,452.23,142.55,127.08,122.98,844.83,58.16,normal,0,0
2025-04-20,D,103,536.43,276.42,204.87,146.17,1163.9,142.83,normal,0,0
2025-04-20,A,104,532.32,203.71,154.5,67.62,958.16,69.06,normal,0,0
2025-04-20,B,105,503.66,158.74,158.91,95.21,916.52,68.85,normal,0,0
2025-04-20,C,106,326.86,156.15,86.88,55.71,625.6,65.22,saver,0,0
2025-04-20,D,107,564.26,293.82,225.37,135.06,1635.59,119.09,normal,0,1
2025-04-20,A,108,582.94,265.24,165.0,138.99,1152.17,86.04,normal,0,0
2025-04-20,B,109,511.52,143.77,136.49,67.04,1903.29,197.29,normal,1,0
2025-04-20,C,110,448.94,257.54,186.29,106.25,999.02,116.45,normal,0,0
2025-04-20,D,111,569.42,214.37,134.8,72.0,1496.77,96.03,normal,0,1
2025-04-20,A,112,432.86,225.48,147.46,108.05,913.85,84.16,normal,0,0
2025-04-20,B,113,360.61,133.09,143.13,57.99,694.82,68.98,normal,0,0
2025-04-20,C,114,595.84,199.19,154.69,148.77,1098.49,86.33,normal,0,0
2025-04-20,D,115,409.45,172.02,113.56,82.68,777.71,93.16,normal,0,0
2025-04-20,A,116,297.54,103.54,67.17,53.04,521.29,39.28,saver,0,0
2025-04-20,B,117,634.08,230.48,247.41,171.3,1283.26,130.22,heavy,0,0
2025-04-20,C,118,401.67,178.14,87.34,95.14,762.29,62.97,normal,0,0
2025-04-20,D,119,478.82,189.55,146.19,133.46,1466.46,140.45,normal,1,0
2025-04-20,A,120,394.28,209.99,149.91,120.87,875.05,91.22,normal,0,0
2025-04-20,B,121,439.84,193.94,110.35,73.13,817.25,63.35,normal,0,0
2025-04-20,C,122,385.87,146.1,112.86,67.98,712.81,53.79,normal,0,0
2025-04-20,D,123,828.82,239.11,199.75,142.59,1410.27,143.61,heavy,0,0
2025-04-20,A,124,223.77,138.92,67.91,74.19,504.78,36.7,saver,0,0
2025-04-20,B,125,617.35,288.04,207.57,175.39,1288.36,101.56,heavy,0,0
2025-04-20,C,126,542.52,224.05,135.54,102.03,1004.13,78.73,normal,0,0
2025-04-20,D,127,937.33,351.6,283.37,168.7,1741.0,117.88,heavy,0,0
2025-04-20,A,128,559.79,159.49,176.82,78.2,974.3,89.28,normal,0,0
2025-04-20,B,129,651.13,313.2,194.11,209.02,1367.47,118.11,heavy,0,0
2025-04-20,C,130,389.65,148.89,177.8,85.11,801.45,61.11,normal,0,0
2025-04-20,D,131,374.58,131.06,86.16,112.25,704.06,69.57,normal,0,0
2025-04-20,A,132,242.88,100.06,75.52,56.71,475.16,58.26,saver,0,0
2025-04-20,B,133,307.44,129.3,135.67,50.34,1082.6,43.66,normal,0,1
2025-04-20,C,134,312.63,140.7,89.93,81.39,624.65,43.04,normal,0,0
2025-04-20,D,135,390.11,161.47,98.44,111.55,761.57,62.06,normal,0,0
2025-04-20,A,136,388.94,152.96,99.64,92.71,734.26,52.32,normal,0,0
2025-04-20,B,137,426.94,116.5,152.75,106.31,802.51,60.79,normal,0,0
2025-04-20,C,138,717.17,329.04,206.26,144.17,1396.66,128.67,heavy,0,0
2025-04-20,D,139,343.61,157.2,95.38,42.96,639.15,43.94,normal,0,0
2025-04-20,A,140,626.49,182.53,145.95,138.94,1093.9,113.44,normal,0,0
2025-04-20,B,141,479.03,229.44,183.5,120.28,1012.25,86.11,normal,0,0
2025-04-20,C,142,283.77,132.64,77.36,43.54,537.31,51.97,saver,0,0
2025-04-20,D,143,669.8,261.77,208.49,113.74,2996.31,176.77,normal,1,0
2025-04-20,A,144,197.0,76.7,82.64,28.91,385.26,41.31,saver,0,0
2025-04-20,B,145,1004.99,276.97,310.43,218.29,1810.68,214.67,heavy,0,0
2025-04-20,C,146,428.29,117.41,87.88,81.91,715.49,48.41,normal,0,0
2025-04-20,D,147,447.1,258.91,153.58,73.74,933.33,69.39,normal,0,0
2025-04-20,A,148,798.55,297.73,165.59,144.43,1406.29,150.96,heavy,0,0
2025-04-20,B,149,648.41,260.79,129.82,112.83,1151.85,96.7,heavy,0,0
2025-04-20,C,150,682.67,280.33,186.92,183.57,1333.49,159.41,heavy,0,0
2025-04-20,D,151,553.15,210.36,139.98,93.82,997.32,108.37,normal,0,0
2025-04-20,A,152,722.94,361.52,221.84,123.24,1429.53,148.35,heavy,0,0
2025-04-20,B,153,362.15,156.48,127.81,75.34,721.78,49.57,normal,0,0
2025-04-20,C,154,624.85,218.97,148.13,108.85,1100.8,96.02,heavy,0,0
2025-04-20,D,155,786.7,343.31,324.59,102.79,1557.38,146.79,heavy,0,0
2025-04-20,A,156,473.71,200.72,139.64,94.63,908.71,86.3,normal,0,0
2025-04-20,B,157,358.98,153.45,91.24,58.81,662.48,52.88,normal,0,0
2025-04-20,C,158,319.7,163.62,114.41,63.0,660.72,53.32,saver,0,0
2025-04-20,D,159,873.25,335.74,183.02,95.37,1487.37,123.18,heavy,0,0
2025-04-20,A,160,228.78,98.65,59.52,32.02,418.98,30.73,saver,0,0
2025-04-20,B,161,368.72,137.25,102.59,88.93,697.49,64.53,normal,0,0
2025-04-20,C,162,650.77,274.94,202.7,98.69,1227.1,123.86,heavy,0,0
2025-04-20,D,163,450.4,197.76,126.05,68.14,842.35,62.17,normal,0,0
2025-04-20,A,164,399.48,146.85,75.49,101.1,722.92,50.34,normal,0,0
2025-04-20,B,165,528.66,245.81,136.03,130.42,1040.92,81.4,normal,0,0
2025-04-20,C,166,374.16,169.64,121.33,44.38,709.51,59.28,normal,0,0
2025-04-20,D,167,874.28,463.79,234.53,269.14,1841.74,155.0,heavy,0,0
2025-04-20,A,168,1079.77,345.1,258.72,146.71,2712.79,135.03,heavy,0,1
2025-04-20,B,169,516.39,235.73,194.85,136.07,1083.04,75.57,normal,0,0
2025-04-20,C,170,682.82,304.11,265.32,97.28,1349.54,134.38,heavy,0,0
2025-04-20,D,171,504.06,227.96,202.38,59.0,993.4,79.09,normal,0,0
2025-04-20,A,172,395.32,194.39,181.96,81.34,853.0,66.91,normal,0,0
2025-04-20,B,173,280.56,122.72,83.16,65.27,551.7,44.51,saver,0,0
2025-04-20,C,174,374.87,119.54,128.29,99.71,722.41,49.62,saver,0,0
2025-04-20,D,175,443.85,146.98,126.54,79.78,797.14,80.99,normal,0,0
2025-04-20,A,176,457.96,225.89,198.99,94.1,1964.88,171.43,heavy,1,0
2025-04-20,B,177,509.54,179.74,168.11,115.09,972.48,98.83,normal,0,0
2025-04-20,C,178,388.91,176.68,82.13,80.03,727.75,83.99,normal,0,0
2025-04-20,D,179,326.38,136.28,110.71,69.91,643.28,55.84,normal,0,0
2025-04-20,A,180,332.62,118.42,104.18,104.99,660.21,56.97,normal,0,0
2025-04-21,B,101,380.76,175.68,185.56,55.83,797.83,66.74,heavy,0,0
2025-04-21,C,102,340.82,161.73,102.96,82.79,1114.09,75.57,normal,0,1
2025-04-21,D,103,313.45,139.4,78.89,35.86,567.6,54.63,normal,0,0
2025-04-21,A,104,482.79,147.22,140.86,73.68,844.55,81.43,heavy,0,0
2025-04-21,B,105,530.01,283.89,184.91,75.91,1074.71,103.81,heavy,0,0
2025-04-21,C,106,349.85,100.93,65.7,54.07,570.55,62.1,normal,0,0
2025-04-21,D,107,174.66,62.44,34.92,40.04,312.06,31.88,saver,0,0
2025-04-21,A,108,292.48,125.61,63.76,74.63,556.47,55.75,saver,0,0
2025-04-21,B,109,505.35,205.43,96.98,71.54,879.29,76.03,normal,0,0
2025-04-21,C,110,451.19,141.65,94.87,78.3,766.0,92.29,normal,0,0
2025-04-21,D,111,279.47,107.96,53.23,28.93,759.56,32.84,saver,0,1
2025-04-21,A,112,697.78,268.45,164.17,158.41,2020.24,114.43,heavy,0,1
2025-04-21,B,113,606.0,241.42,130.77,169.47,1147.66,100.14,heavy,0,0
2025-04-21,C,114,623.89,276.24,178.31,101.62,2443.11,198.28,heavy,1,0
2025-04-21,D,115,465.09,209.64,154.97,93.96,923.66,72.93,normal,0,0
2025-04-21,A,116,731.63,237.88,140.09,161.07,1270.68,128.95,heavy,0,0
2025-04-21,B,117,263.32,134.97,109.64,50.67,558.59,42.88,normal,0,0
2025-04-21,C,118,573.86,226.6,233.31,133.35,1167.11,81.55,heavy,0,0
2025-04-21,D,119,676.84,215.66,243.08,158.81,2323.64,94.92,heavy,0,1
2025-04-21,A,120,457.07,142.96,158.73,92.57,851.33,81.89,normal,0,0
2025-04-21,B,121,638.37,330.81,187.17,179.81,3169.42,203.89,heavy,1,0
2025-04-21,C,122,321.13,90.45,80.13,79.53,571.24,38.81,normal,0,0
2025-04-21,D,123,426.27,137.96,92.62,45.02,701.87,69.59,normal,0,0
2025-04-21,A,124,505.75,174.72,100.67,69.23,1492.99,149.99,heavy,1,0
2025-04-21,B,125,298.02,98.8,100.44,38.99,822.31,40.7,saver,0,1
2025-04-21,C,126,329.46,130.26,111.09,85.57,656.38,58.9,normal,0,0
2025-04-21,D,127,578.07,266.6,141.86,132.51,1119.05,94.37,heavy,0,0
2025-04-21,A,128,253.06,91.88,99.76,40.11,484.81,45.68,saver,0,0
2025-04-21,B,129,232.89,114.86,53.37,25.08,426.2,32.9,saver,0,0
2025-04-21,C,130,415.9,143.83,110.43,101.21,771.37,59.79,normal,0,0
2025-04-21,D,131,714.38,258.81,179.29,94.29,1246.78,118.99,heavy,0,0
2025-04-21,A,132,613.96,323.69,189.48,125.93,1253.06,109.13,heavy,0,0
2025-04-21,B,133,260.55,127.61,93.63,90.18,571.98,40.51,normal,0,0
2025-04-21,C,134,454.99,260.77,210.48,107.6,1033.83,70.24,heavy,0,0
2025-04-21,D,135,382.19,207.88,105.9,132.07,828.04,81.1,normal,0,0
2025-04-21,A,136,270.32,123.51,90.14,33.86,932.87,94.08,normal,1,0
2025-04-21,B,137,468.15,145.24,108.31,46.18,767.88,51.73,normal,0,0
2025-04-21,C,138,283.43,140.16,97.15,71.47,592.21,49.69,normal,0,0
2025-04-21,D,139,432.25,114.49,112.41,70.96,730.12,56.88,normal,0,0
2025-04-21,A,140,472.62,182.95,160.22,93.75,909.54,67.85,heavy,0,0
2025-04-21,B,141,306.73,146.89,77.35,62.08,1020.4,90.74,normal,1,0
2025-04-21,C,142,310.08,119.85,110.73,49.99,590.65,45.48,normal,0,0
2025-04-21,D,143,173.27,80.01,80.81,38.82,372.92,28.13,saver,0,0
2025-04-21,A,144,155.47,75.43,44.04,20.57,504.25,26.59,saver,0,1
2025-04-21,B,145,191.56,57.71,56.34,20.31,325.93,40.28,saver,0,0
2025-04-21,C,146,195.38,80.69,86.57,54.88,417.53,40.2,saver,0,0
2025-04-21,D,147,299.66,122.34,78.93,80.06,580.99,39.4,normal,0,0
2025-04-21,A,148,384.5,123.97,139.83,78.21,726.51,60.45,normal,0,0
2025-04-21,B,149,524.66,222.64,135.2,84.68,967.18,93.43,heavy,0,0
2025-04-21,C,150,324.08,142.35,103.82,63.39,633.63,50.49,normal,0,0
2025-04-21,D,151,723.39,229.69,167.42,105.94,2054.72,85.54,heavy,0,1
2025-04-21,A,152,562.39,310.53,168.05,199.08,4427.79,149.46,heavy,1,1
2025-04-21,B,153,538.8,192.71,214.31,68.23,1014.05,96.07,heavy,0,0
2025-04-21,C,154,241.73,91.73,58.84,51.51,443.82,41.37,saver,0,0
2025-04-21,D,155,362.36,173.82,117.68,49.37,703.23,50.92,normal,0,0
2025-04-21,A,156,509.07,210.64,171.14,101.58,992.43,79.82,normal,0,0
2025-04-21,B,157,622.11,174.63,137.9,132.54,1433.39,105.97,heavy,0,1
2025-04-21,C,158,228.98,82.69,93.92,74.84,480.43,45.65,saver,0,0
2025-04-21,D,159,681.33,233.89,221.6,137.2,1274.03,99.51,heavy,0,0
2025-04-21,A,160,656.91,309.12,200.67,96.36,1263.06,129.81,heavy,0,0
2025-04-21,B,161,428.33,188.02,85.11,52.88,754.34,74.58,normal,0,0
2025-04-21,C,162,366.52,153.09,72.99,67.78,660.38,44.09,normal,0,0
2025-04-21,D,163,429.92,140.13,93.12,56.82,1068.66,54.18,normal,0,1
2025-04-21,A,164,475.15,165.92,109.12,111.8,861.99,63.15,normal,0,0
2025-04-21,B,165,282.17,127.98,112.19,92.48,806.74,45.32,normal,0,1
2025-04-21,C,166,280.26,90.78,68.66,73.55,513.26,55.43,saver,0,0
2025-04-21,D,167,309.59,136.09,63.77,42.08,551.53,47.81,normal,0,0
2025-04-21,A,168,608.06,173.27,121.7,123.09,1026.13,110.81,heavy,0,0
2025-04-21,B,169,300.94,79.62,67.88,63.82,512.26,51.59,normal,0,0
2025-04-21,C,170,473.73,209.53,120.47,82.07,885.8,65.71,normal,0,0
2025-04-21,D,171,382.65,139.4,122.88,50.56,695.49,70.8,normal,0,0
2025-04-21,A,172,212.38,102.27,86.77,34.54,435.96,31.93,saver,0,0
2025-04-21,B,173,402.16,140.62,172.89,72.67,788.34,58.53,normal,0,0
2025-04-21,C,174,306.61,103.27,65.21,60.0,535.09,44.69,normal,0,0
2025-04-21,D,175,414.08,115.09,141.46,101.74,772.37,54.53,normal,0,0
2025-04-21,A,176,464.21,159.78,194.58,67.92,886.49,106.78,heavy,0,0
2025-04-21,B,177,193.74,88.55,48.51,50.84,381.65,37.99,saver,0,0
2025-04-21,C,178,483.58,187.54,171.18,129.52,971.82,74.87,normal,0,0
2025-04-21,D,179,479.35,168.83,165.8,78.14,892.11,86.47,heavy,0,0
2025-04-21,A,180,456.61,164.31,110.7,75.08,806.7,62.26,normal,0,0
2025-04-22,B,101,442.76,167.58,150.76,84.1,1250.4,86.38,normal,0,1
2025-04-22,C,102,416.23,186.08,99.68,84.23,1071.87,65.59,normal,0,1
2025-04-22,D,103,425.75,144.3,86.69,114.59,771.32,64.58,normal,0,0
2025-04-22,A,104,385.6,208.43,131.21,98.97,824.22,62.22,normal,0,0
2025-04-22,B,105,146.88,52.94,34.74,43.61,278.17,19.03,saver,0,0
2025-04-22,C,106,426.43,140.27,138.78,51.57,757.05,75.3,normal,0,0
2025-04-22,D,107,481.72,291.18,207.25,162.23,2047.19,83.83,heavy,0,1
2025-04-22,A,108,337.42,101.19,102.67,32.39,954.81,43.7,normal,0,1
2025-04-22,B,109,338.19,149.13,102.87,56.24,646.43,51.19,normal,0,0
2025-04-22,C,110,270.1,118.82,76.82,78.04,543.78,48.49,normal,0,0
2025-04-22,D,111,273.9,110.01,68.59,49.56,502.06,58.25,normal,0,0
2025-04-22,A,112,385.81,111.37,85.77,95.91,1508.59,125.53,normal,1,0
2025-04-22,B,113,259.59,145.56,123.99,58.49,587.63,62.92,normal,0,0
2025-04-22,C,114,310.31,135.63,133.2,57.42,1241.95,120.05,normal,1,0
2025-04-22,D,115,317.12,174.89,130.81,77.5,700.32,84.32,normal,0,0
2025-04-22,A,116,625.96,271.29,235.73,145.59,1278.57,95.11,heavy,0,0
2025-04-22,B,117,441.38,178.96,184.94,130.11,935.4,95.46,heavy,0,0
2025-04-22,C,118,727.52,338.62,271.55,143.4,1481.09,116.2,heavy,0,0
2025-04-22,D,119,287.69,106.86,120.43,59.15,574.13,48.58,normal,0,0
2025-04-22,A,120,314.72,107.11,64.63,77.48,563.94,65.29,normal,0,0
2025-04-22,B,121,459.57,157.97,156.38,95.73,2023.18,158.47,normal,1,1
2025-04-22,C,122,602.08,204.85,146.15,150.93,1104.01,120.59,heavy,0,0
2025-04-22,D,123,638.97,315.53,242.25,187.17,1383.92,150.96,heavy,0,0
2025-04-22,A,124,486.22,226.99,139.81,141.46,994.48,102.11,heavy,0,0
2025-04-22,B,125,404.05,188.8,147.96,101.85,842.66,84.63,normal,0,0
2025-04-22,C,126,424.75,131.21,107.5,46.65,710.12,50.1,normal,0,0
2025-04-22,D,127,182.01,91.82,57.91,29.56,361.3,26.68,saver,0,0
2025-04-22,A,128,419.82,191.81,158.54,97.45,867.62,85.96,heavy,0,0
2025-04-22,B,129,444.89,201.26,127.24,69.07,842.46,88.29,heavy,0,0
2025-04-22,C,130,240.57,117.36,59.88,32.27,692.7,33.1,saver,0,1
2025-04-22,D,131,644.76,330.24,234.91,131.45,1341.37,95.53,heavy,0,0
2025-04-22,A,132,294.17,120.4,52.92,29.92,497.41,38.89,saver,0,0
2025-04-22,B,133,415.43,149.97,94.89,89.83,750.11,71.72,normal,0,0
2025-04-22,C,134,284.58,81.71,96.99,76.44,539.73,59.37,normal,0,0
2025-04-22,D,135,197.23,89.56,41.79,40.67,369.24,27.72,saver,0,0
2025-04-22,A,136,318.1,125.54,115.9,82.97,642.51,59.69,normal,0,0
2025-04-22,B,137,315.95,115.77,78.2,53.99,563.92,40.46,saver,0,0
2025-04-22,C,138,371.78,182.55,160.44,94.2,808.98,76.08,normal,0,0
2025-04-22,D,139,532.21,187.09,145.66,81.89,946.84,74.62,heavy,0,0
2025-04-22,A,140,162.26,58.11,66.93,39.77,510.71,48.23,saver,1,0
2025-04-22,B,141,270.51,167.69,86.09,36.42,560.71,57.62,normal,0,0
2025-04-22,C,142,377.94,142.68,99.92,62.22,682.76,71.51,normal,0,0
2025-04-22,D,143,374.58,163.74,95.55,94.68,728.54,52.51,normal,0,0
2025-04-22,A,144,226.77,91.45,79.42,57.46,733.76,80.93,saver,1,0
2025-04-22,B,145,324.68,174.98,80.48,44.51,624.65,60.42,normal,0,0
2025-04-22,C,146,380.46,138.31,126.91,69.61,715.29,54.56,normal,0,0
2025-04-22,D,147,478.82,155.14,158.13,110.69,1266.63,107.48,normal,0,1
2025-04-22,A,148,239.84,88.01,86.1,48.24,462.19,50.37,saver,0,0
2025-04-22,B,149,435.69,125.7,149.61,81.51,792.51,64.6,normal,0,0
2025-04-22,C,150,307.34,98.86,89.37,52.01,925.73,42.68,normal,0,1
2025-04-22,D,151,429.53,125.38,103.13,88.64,746.67,49.88,normal,0,0
2025-04-22,A,152,393.2,150.47,94.0,111.47,749.15,61.47,normal,0,0
2025-04-22,B,153,369.57,128.37,65.48,61.85,625.27,49.95,normal,0,0
2025-04-22,C,154,460.52,256.05,200.37,80.0,996.94,79.37,heavy,0,0
2025-04-22,D,155,209.5,73.25,72.88,44.71,400.34,28.95,saver,0,0
2025-04-22,A,156,278.03,116.84,76.39,78.33,549.6,53.61,normal,0,0
2025-04-22,B,157,439.07,163.04,148.96,79.99,1754.09,123.91,normal,1,0
2025-04-22,C,158,267.35,101.94,88.07,34.25,491.61,34.93,normal,0,0
2025-04-22,D,159,391.45,125.7,108.12,73.24,698.51,79.86,normal,0,0
2025-04-22,A,160,412.04,131.15,91.07,56.2,690.45,58.81,normal,0,0
2025-04-22,B,161,178.81,79.57,34.08,18.63,311.09,34.79,saver,0,0
2025-04-22,C,162,482.85,253.95,146.6,69.45,952.84,74.62,heavy,0,0
2025-04-22,D,163,295.21,96.03,51.34,61.18,503.76,51.6,saver,0,0
2025-04-22,A,164,306.43,80.7,105.4,40.16,532.69,39.67,normal,0,0
2025-04-22,B,165,326.24,165.06,134.94,43.3,669.54,51.39,normal,0,0
2025-04-22,C,166,499.39,250.69,123.44,160.18,1033.7,85.31,heavy,0,0
2025-04-22,D,167,312.19,165.97,114.13,46.77,639.06,47.81,normal,0,0
2025-04-22,A,168,428.54,166.87,133.21,119.66,848.29,73.45,normal,0,0
2025-04-22,B,169,447.38,138.97,105.4,66.17,757.92,50.76,normal,0,0
2025-04-22,C,170,262.85,120.38,91.46,78.47,553.16,60.44,normal,0,0
2025-04-22,D,171,175.27,67.1,45.53,54.75,342.65,28.04,saver,0,0
2025-04-22,A,172,362.64,109.77,105.78,36.69,1391.17,105.9,normal,1,0
2025-04-22,B,173,583.02,165.19,157.5,89.5,995.22,74.84,heavy,0,0
2025-04-22,C,174,295.68,160.04,78.01,44.34,578.07,61.51,normal,0,0
2025-04-22,D,175,309.63,91.13,55.75,60.6,517.1,41.29,normal,0,0
2025-04-22,A,176,275.15,114.39,66.77,68.01,524.33,61.63,normal,0,0
2025-04-22,B,177,366.59,128.73,81.78,73.21,650.32,46.28,normal,0,0
2025-04-22,C,178,371.57,129.68,139.91,112.75,753.91,53.52,normal,0,0
2025-04-22,D,179,356.92,138.59,162.26,66.94,724.71,58.49,normal,0,0
2025-04-22,A,180,690.28,255.33,222.44,90.4,1258.46,100.56,heavy,0,0
2025-04-23,B,101,276.03,133.45,61.34,50.53,521.36,55.45,normal,0,0
2025-04-23,C,102,592.57,257.51,143.69,147.28,1141.05,76.14,heavy,0,0
2025-04-23,D,103,367.76,116.55,133.86,41.35,659.52,45.52,normal,0,0
2025-04-23,A,104,777.39,309.21,211.1,176.21,1473.91,138.55,heavy,0,0
2025-04-23,B,105,206.22,71.69,60.15,46.85,1140.58,85.63,saver,1,1
2025-04-23,C,106,343.28,116.02,85.93,89.22,634.46,61.26,normal,0,0
2025-04-23,D,107,409.83,157.55,129.29,50.87,747.54,68.59,normal,0,0
2025-04-23,A,108,548.99,212.53,114.03,58.59,934.14,76.3,heavy,0,0
2025-04-23,B,109,459.68,164.27,94.39,70.29,788.63,70.73,normal,0,0
2025-04-23,C,110,604.96,215.23,195.1,91.2,1106.5,76.36,heavy,0,0
2025-04-23,D,111,244.25,97.3,64.69,49.07,455.31,35.83,normal,0,0
2025-04-23,A,112,295.86,98.67,81.73,38.95,515.21,40.67,saver,0,0
2025-04-23,B,113,198.15,111.75,47.32,58.6,415.81,45.52,saver,0,0
2025-04-23,C,114,666.85,274.78,164.79,118.49,1224.9,146.49,heavy,0,0
2025-04-23,D,115,443.16,182.88,147.63,115.02,888.7,90.0,normal,0,0
2025-04-23,A,116,363.25,183.35,155.99,86.48,789.07,79.15,normal,0,0
2025-04-23,B,117,367.04,158.52,151.24,42.37,719.17,72.86,normal,0,0
2025-04-23,C,118,642.58,241.06,147.28,157.81,1188.72,95.21,heavy,0,0
2025-04-23,D,119,279.82,131.33,105.34,68.19,584.68,58.75,normal,0,0
2025-04-23,A,120,445.43,171.06,110.59,86.24,813.32,55.87,normal,0,0
2025-04-23,B,121,521.6,213.56,135.58,123.55,994.29,98.93,heavy,0,0
2025-04-23,C,122,285.04,127.01,99.05,51.1,855.71,57.31,saver,0,1
2025-04-23,D,123,441.36,198.67,120.25,105.66,865.93,72.41,normal,0,0
2025-04-23,A,124,307.59,130.33,100.69,44.62,583.22,44.35,normal,0,0
2025-04-23,B,125,299.64,133.93,97.24,34.49,565.29,39.69,saver,0,0
2025-04-23,C,126,451.88,234.4,122.67,118.37,1344.79,67.55,heavy,0,1
2025-04-23,D,127,325.63,171.32,93.1,76.15,666.2,77.57,normal,0,0
2025-04-23,A,128,502.3,189.95,196.58,71.91,960.74,75.12,heavy,0,0
2025-04-23,B,129,310.49,173.09,134.24,69.21,917.17,83.67,normal,0,1
2025-04-23,C,130,661.83,247.43,164.7,152.18,1226.13,82.22,heavy,0,0
2025-04-23,D,131,342.91,199.67,133.12,55.84,731.55,59.91,normal,0,0
2025-04-23,A,132,633.99,267.48,206.05,102.75,1210.27,105.11,heavy,0,0
2025-04-23,B,133,289.68,122.7,85.41,53.81,551.61,50.04,normal,0,0
2025-04-23,C,134,203.16,86.01,64.85,47.85,401.87,31.16,saver,0,0
2025-04-23,D,135,597.72,257.59,145.93,157.24,1158.47,102.71,heavy,0,0
2025-04-23,A,136,273.92,122.89,95.21,47.98,540.0,51.85,saver,0,0
2025-04-23,B,137,382.64,162.75,92.94,77.85,716.18,61.72,normal,0,0
2025-04-23,C,138,286.02,81.34,87.21,52.92,507.49,45.57,saver,0,0
2025-04-23,D,139,154.48,76.43,37.01,38.33,306.25,23.91,saver,0,0
2025-04-23,A,140,533.64,301.28,221.51,87.62,1144.05,109.68,heavy,0,0
2025-04-23,B,141,320.26,94.46,76.54,36.25,527.51,59.28,normal,0,0
2025-04-23,C,142,260.85,102.79,76.58,71.26,511.48,39.67,normal,0,0
2025-04-23,D,143,520.12,262.13,199.57,121.95,1938.55,97.01,heavy,0,1
2025-04-23,A,144,314.34,130.62,66.43,36.34,547.73,48.53,normal,0,0
2025-04-23,B,145,358.14,184.41,103.18,93.15,738.89,66.12,normal,0,0
2025-04-23,C,146,176.61,83.06,70.58,59.48,389.73,29.2,saver,0,0
2025-04-23,D,147,338.12,147.14,77.51,64.87,627.64,50.54,normal,0,0
2025-04-23,A,148,496.81,205.86,123.94,57.28,883.89,78.48,normal,0,0
2025-04-23,B,149,364.6,206.01,92.11,78.8,741.52,67.78,normal,0,0
2025-04-23,C,150,241.89,93.84,94.54,44.84,732.42,110.93,saver,1,0
2025-04-23,D,151,748.2,327.81,215.62,123.57,2108.7,126.84,heavy,0,1
2025-04-23,A,152,399.43,130.1,88.8,54.7,673.03,83.47,normal,0,0
2025-04-23,B,153,436.12,155.15,88.41,90.36,770.04,59.46,normal,0,0
2025-04-23,C,154,584.8,164.15,174.27,73.47,996.69,67.81,heavy,0,0
2025-04-23,D,155,370.9,163.05,118.57,65.57,718.09,53.14,normal,0,0
2025-04-23,A,156,336.33,151.7,111.28,74.33,673.64,78.79,normal,0,0
2025-04-23,B,157,399.31,172.02,172.16,72.59,1103.69,56.12,heavy,0,1
2025-04-23,C,158,438.99,158.23,129.87,97.28,824.36,81.61,normal,0,0
2025-04-23,D,159,385.06,174.36,81.99,74.17,715.58,52.68,normal,0,0
2025-04-23,A,160,233.6,77.15,67.64,22.77,401.17,32.84,saver,0,0
2025-04-23,B,161,307.26,120.48,132.59,74.47,634.8,76.56,normal,0,0
2025-04-23,C,162,354.28,122.31,119.96,58.54,1015.38,60.53,normal,0,1
2025-04-23,D,163,251.23,104.5,78.38,67.46,501.57,40.51,normal,0,0
2025-04-23,A,164,420.64,179.65,156.58,57.52,1159.99,100.47,normal,0,1
2025-04-23,B,165,513.53,262.84,156.88,131.58,1064.83,89.87,heavy,0,0
2025-04-23,C,166,284.98,96.2,84.84,70.1,536.12,55.97,saver,0,0
2025-04-23,D,167,362.68,140.0,62.66,37.54,602.88,68.33,normal,0,0
2025-04-23,A,168,380.15,191.21,137.06,95.35,803.78,67.24,normal,0,0
2025-04-23,B,169,506.89,153.53,109.82,47.73,817.97,54.95,normal,0,0
2025-04-23,C,170,563.41,169.65,132.63,76.82,942.51,113.15,heavy,0,0
2025-04-23,D,171,344.32,164.44,130.98,68.23,707.96,50.51,normal,0,0
2025-04-23,A,172,512.88,213.94,197.76,115.69,1040.27,103.08,heavy,0,0
2025-04-23,B,173,426.23,210.37,91.14,84.04,811.78,83.2,normal,0,0
2025-04-23,C,174,420.33,136.02,143.67,84.3,784.32,52.86,normal,0,0
2025-04-23,D,175,358.07,161.02,154.09,103.7,776.88,96.72,normal,0,0
2025-04-23,A,176,472.58,173.04,143.2,48.0,836.82,71.04,normal,0,0
2025-04-23,B,177,220.59,72.27,81.82,42.08,416.75,34.88,saver,0,0
2025-04-23,C,178,517.58,172.2,163.01,93.24,946.04,92.27,heavy,0,0
2025-04-23,D,179,707.3,232.59,137.35,96.63,1173.87,88.35,heavy,0,0
2025-04-23,A,180,390.74,210.41,124.28,133.14,858.58,58.3,normal,0,0
2025-04-24,B,101,623.53,194.8,180.84,113.27,1112.44,95.54,heavy,0,0
2025-04-24,C,102,281.07,144.45,134.75,88.73,649.0,46.26,normal,0,0
2025-04-24,D,103,246.87,67.12,85.07,25.05,424.11,40.1,saver,0,0
2025-04-24,A,104,223.5,68.99,43.99,46.67,383.15,25.78,saver,0,0
2025-04-24,B,105,301.36,109.95,121.29,40.83,573.44,57.07,normal,0,0
2025-04-24,C,106,241.1,95.09,58.36,53.16,447.7,41.12,normal,0,0
2025-04-24,D,107,458.22,203.85,135.65,116.0,913.72,102.33,normal,0,0
2025-04-24,A,108,420.97,192.42,155.01,84.05,852.44,67.62,normal,0,0
2025-04-24,B,109,639.45,218.4,150.4,135.58,1939.64,128.35,heavy,0,1
2025-04-24,C,110,178.06,89.37,67.05,56.3,390.78,33.71,saver,0,0
2025-04-24,D,111,341.9,146.73,91.56,67.21,647.4,74.86,normal,0,0
2025-04-24,A,112,238.08,103.57,82.74,40.11,464.5,37.56,saver,0,0
2025-04-24,B,113,209.43,110.61,73.48,66.33,459.84,37.19,saver,0,0
2025-04-24,C,114,503.14,164.04,122.13,51.2,840.51,104.34,heavy,0,0
2025-04-24,D,115,440.21,164.68,124.96,56.68,786.52,63.52,normal,0,0
2025-04-24,A,116,260.8,140.9,104.88,45.04,551.62,37.41,normal,0,0
2025-04-24,B,117,365.68,122.36,92.06,45.46,625.57,42.33,normal,0,0
2025-04-24,C,118,314.53,109.04,74.96,50.23,896.05,63.56,normal,0,1
2025-04-24,D,119,378.08,207.89,118.65,103.93,808.54,72.94,normal,0,0
2025-04-24,A,120,342.22,117.78,107.88,79.13,647.01,52.33,normal,0,0
2025-04-24,B,121,476.27,214.83,168.99,85.56,1549.48,177.25,heavy,1,0
2025-04-24,C,122,353.71,172.15,131.55,103.12,760.53,77.28,normal,0,0
2025-04-24,D,123,413.49,157.67,148.84,65.15,785.15,58.8,normal,0,0
2025-04-24,A,124,376.81,117.45,101.33,88.09,683.7,56.71,normal,0,0
2025-04-24,B,125,415.47,162.47,105.36,91.44,774.73,79.45,normal,0,0
2025-04-24,C,126,305.21,135.08,66.49,79.36,773.42,43.22,saver,0,1
2025-04-24,D,127,562.55,241.94,182.62,75.03,1676.81,94.3,heavy,0,1
2025-04-24,A,128,327.68,113.07,95.17,46.2,582.12,57.33,normal,0,0
2025-04-24,B,129,322.32,109.11,92.61,64.53,588.57,52.51,normal,0,0
2025-04-24,C,130,461.23,188.53,98.92,92.56,841.25,56.96,normal,0,0
2025-04-24,D,131,310.22,83.04,92.28,82.03,567.57,43.37,normal,0,0
2025-04-24,A,132,498.82,198.6,163.53,43.66,904.62,72.94,normal,0,0
2025-04-24,B,133,535.1,279.55,182.4,142.3,1139.34,93.26,heavy,0,0
2025-04-24,C,134,401.91,188.58,149.51,42.39,782.4,54.32,normal,0,0
2025-04-24,D,135,184.6,72.72,64.31,24.73,346.36,35.92,saver,0,0
2025-04-24,A,136,493.99,171.35,98.96,60.9,1119.58,68.99,heavy,0,1
2025-04-24,B,137,295.04,126.01,87.98,42.96,551.99,57.62,saver,0,0
2025-04-24,C,138,250.4,106.12,111.07,74.08,541.67,36.75,normal,0,0
2025-04-24,D,139,231.58,94.39,89.38,42.1,457.45,52.32,saver,0,0
2025-04-24,A,140,620.35,249.7,190.67,131.1,1191.82,127.21,heavy,0,0
2025-04-24,B,141,245.51,113.6,69.07,53.37,481.55,42.19,normal,0,0
2025-04-24,C,142,233.36,115.1,57.68,27.31,433.46,40.62,saver,0,0
2025-04-24,D,143,327.48,137.29,150.06,61.53,1359.13,114.48,normal,1,0
2025-04-24,A,144,288.76,88.76,60.7,76.84,777.02,55.38,saver,0,1
2025-04-24,B,145,403.94,120.11,78.14,107.83,710.02,49.39,normal,0,0
2025-04-24,C,146,325.27,168.98,93.61,89.34,677.19,51.15,normal,0,0
2025-04-24,D,147,434.34,187.76,145.2,83.25,1392.5,71.32,normal,0,1
2025-04-24,A,148,320.41,130.69,76.11,67.14,594.36,69.7,normal,0,0
2025-04-24,B,149,303.47,101.41,68.02,49.91,522.81,38.66,saver,0,0
2025-04-24,C,150,301.61,125.67,79.43,59.08,565.79,59.95,normal,0,0
2025-04-24,D,151,475.17,276.46,171.49,164.2,1087.32,87.01,heavy,0,0
2025-04-24,A,152,354.9,141.14,123.13,55.07,674.25,62.87,normal,0,0
2025-04-24,B,153,243.33,81.88,65.95,30.19,421.35,32.7,saver,0,0
2025-04-24,C,154,202.23,86.19,53.58,36.86,378.85,29.5,saver,0,0
2025-04-24,D,155,316.48,132.7,74.11,58.41,581.7,66.57,normal,0,0
2025-04-24,A,156,539.25,194.83,126.81,125.52,1391.45,73.39,heavy,0,1
2025-04-24,B,157,383.21,116.26,127.37,73.52,700.37,75.83,normal,0,0
2025-04-24,C,158,458.35,176.92,124.72,104.51,864.5,74.52,normal,0,0
2025-04-24,D,159,703.34,317.36,195.99,90.92,1307.62,93.89,heavy,0,0
2025-04-24,A,160,450.1,194.94,165.37,60.15,870.56,58.64,heavy,0,0
2025-04-24,B,161,221.5,91.42,46.76,48.53,408.2,35.26,saver,0,0
2025-04-24,C,162,578.2,221.49,199.77,97.41,1096.87,92.58,heavy,0,0
2025-04-24,D,163,344.28,143.41,105.66,93.22,1157.54,76.83,normal,0,1
2025-04-24,A,164,303.15,115.59,69.51,40.95,529.19,52.83,normal,0,0
2025-04-24,B,165,260.64,136.93,93.48,66.7,557.75,39.13,normal,0,0
2025-04-24,C,166,336.36,138.87,60.11,78.09,613.43,50.67,normal,0,0
2025-04-24,D,167,461.32,188.73,126.14,112.95,889.13,62.42,heavy,0,0
2025-04-24,A,168,285.3,92.86,87.25,58.99,524.4,43.2,normal,0,0
2025-04-24,B,169,306.66,118.01,70.45,35.03,530.16,56.97,normal,0,0
2025-04-24,C,170,551.98,184.73,153.64,111.79,1002.13,66.87,heavy,0,0
2025-04-24,D,171,340.3,139.3,88.42,70.57,638.58,64.05,normal,0,0
2025-04-24,A,172,439.15,183.12,163.86,128.94,915.07,77.13,normal,0,0
2025-04-24,B,173,359.21,186.06,97.21,88.99,731.48,64.42,normal,0,0
2025-04-24,C,174,377.85,117.23,119.49,93.6,708.17,51.58,normal,0,0
2025-04-24,D,175,233.03,104.05,72.93,66.52,476.53,33.5,saver,0,0
2025-04-24,A,176,348.23,199.29,162.11,112.34,821.98,78.85,normal,0,0
2025-04-24,B,177,829.29,229.92,159.51,178.65,1397.37,137.22,heavy,0,0
2025-04-24,C,178,483.97,128.88,117.3,91.31,821.46,79.25,normal,0,0
2025-04-24,D,179,635.6,297.82,139.03,123.39,1195.84,108.33,heavy,0,0
2025-04-24,A,180,304.28,98.68,63.03,45.2,511.19,56.44,normal,0,0
2025-04-25,B,101,412.16,174.35,107.9,51.04,745.45,57.67,normal,0,0
2025-04-25,C,102,462.49,164.94,131.4,97.33,856.16,70.42,normal,0,0
2025-04-25,D,103,267.42,126.65,72.86,72.95,539.89,38.82,normal,0,0
2025-04-25,A,104,389.52,151.31,105.32,68.17,714.32,54.37,normal,0,0
2025-04-25,B,105,359.31,182.21,133.68,69.77,744.97,59.67,normal,0,0
2025-04-25,C,106,413.35,216.52,170.61,81.92,882.41,66.08,heavy,0,0
2025-04-25,D,107,488.56,178.45,171.63,59.34,897.98,71.53,heavy,0,0
2025-04-25,A,108,179.56,67.88,49.35,50.27,347.06,32.45,saver,0,0
2025-04-25,B,109,370.37,122.05,116.79,47.96,657.17,61.79,normal,0,0
2025-04-25,C,110,366.93,207.72,91.78,46.35,712.77,54.52,normal,0,0
2025-04-25,D,111,759.32,216.09,139.57,126.32,2701.58,135.22,heavy,1,0
2025-04-25,A,112,314.19,83.79,73.91,74.2,822.6,41.69,normal,0,1
2025-04-25,B,113,736.15,225.11,144.16,117.27,1222.69,133.82,heavy,0,0
2025-04-25,C,114,291.57,125.8,90.08,75.2,582.65,54.3,normal,0,0
2025-04-25,D,115,436.13,157.43,120.4,84.55,798.5,69.09,normal,0,0
2025-04-25,A,116,162.49,82.94,54.92,42.31,342.65,29.62,saver,0,0
2025-04-25,B,117,336.92,179.88,130.67,51.91,699.38,58.96,normal,0,0
2025-04-25,C,118,181.48,61.11,62.78,41.54,708.41,58.1,saver,1,0
2025-04-25,D,119,254.1,138.78,83.83,70.55,547.26,44.31,saver,0,0
2025-04-25,A,120,736.04,291.2,168.37,163.63,2682.62,234.78,heavy,1,0
2025-04-25,B,121,321.01,199.24,110.96,59.5,690.71,58.37,normal,0,0
2025-04-25,C,122,399.77,139.6,85.55,118.76,743.68,52.87,normal,0,0
2025-04-25,D,123,581.24,180.34,155.32,128.54,1360.88,86.18,heavy,0,1
2025-04-25,A,124,323.93,123.45,118.41,94.2,1006.03,60.29,normal,0,1
2025-04-25,B,125,662.84,283.43,153.95,96.39,1196.61,137.21,heavy,0,0
2025-04-25,C,126,385.45,178.57,90.47,68.13,722.62,64.44,normal,0,0
2025-04-25,D,127,311.27,140.29,109.75,99.98,661.29,64.48,normal,0,0
2025-04-25,A,128,337.98,146.2,131.24,51.02,1325.67,126.33,normal,1,0
2025-04-25,B,129,418.77,169.52,139.67,100.76,1213.58,57.69,normal,0,1
2025-04-25,C,130,338.98,109.5,131.09,89.73,669.3,56.91,normal,0,0
2025-04-25,D,131,239.63,94.54,90.15,45.93,857.5,78.47,saver,1,0
2025-04-25,A,132,342.0,104.73,73.99,64.17,584.89,72.63,normal,0,0
2025-04-25,B,133,559.09,250.12,153.01,126.99,1425.5,92.42,heavy,0,1
2025-04-25,C,134,422.88,109.06,80.64,41.51,654.09,59.1,normal,0,0
2025-04-25,D,135,451.79,125.0,160.26,98.23,835.28,57.81,normal,0,0
2025-04-25,A,136,282.97,117.95,70.52,73.78,545.22,51.12,normal,0,0
2025-04-25,B,137,362.64,131.17,96.45,69.44,659.71,51.78,normal,0,0
2025-04-25,C,138,275.16,104.84,76.6,78.76,535.35,52.58,normal,0,0
2025-04-25,D,139,264.52,140.45,60.2,44.3,509.47,48.88,normal,0,0
2025-04-25,A,140,276.45,98.07,100.42,75.4,550.34,39.48,normal,0,0
2025-04-25,B,141,315.69,157.08,124.75,56.89,654.41,80.13,normal,0,0
2025-04-25,C,142,299.01,138.65,127.59,81.84,647.09,66.34,normal,0,0
2025-04-25,D,143,210.76,118.07,92.96,47.63,469.42,33.85,saver,0,0
2025-04-25,A,144,206.36,71.67,58.66,29.39,366.08,34.77,saver,0,0
2025-04-25,B,145,274.33,125.12,52.26,48.07,499.78,41.77,saver,0,0
2025-04-25,C,146,188.11,83.1,64.41,34.78,370.39,26.41,saver,0,0
2025-04-25,D,147,344.06,119.21,122.72,62.2,1013.21,108.98,normal,1,0
2025-04-25,A,148,483.08,233.32,153.84,77.1,947.35,88.66,heavy,0,0
2025-04-25,B,149,144.91,65.46,47.55,41.68,299.6,32.05,saver,0,0
2025-04-25,C,150,534.16,231.18,207.87,105.11,1641.65,83.48,heavy,0,1
2025-04-25,D,151,591.34,317.74,180.34,91.52,1180.94,114.66,heavy,0,0
2025-04-25,A,152,305.85,114.43,113.84,37.32,1294.24,76.9,normal,1,0
2025-04-25,B,153,417.42,165.34,122.07,84.88,789.71,68.22,normal,0,0
2025-04-25,C,154,278.4,86.37,98.39,79.33,542.5,43.73,saver,0,0
2025-04-25,D,155,301.26,93.34,106.52,52.46,553.59,64.0,saver,0,0
2025-04-25,A,156,657.84,238.35,201.21,109.09,2271.23,171.43,heavy,1,0
2025-04-25,B,157,785.68,270.73,181.77,115.91,1354.1,119.74,heavy,0,0
2025-04-25,C,158,329.6,149.81,93.63,89.43,662.47,55.23,normal,0,0
2025-04-25,D,159,452.94,228.86,117.26,127.13,1431.09,191.11,heavy,1,0
2025-04-25,A,160,325.53,94.14,84.77,74.38,578.82,40.41,normal,0,0
2025-04-25,B,161,250.79,84.27,91.59,77.09,1030.09,55.59,normal,1,0
2025-04-25,C,162,281.97,143.22,75.11,46.93,1320.89,81.18,normal,1,0
2025-04-25,D,163,270.29,110.34,107.74,42.59,530.96,63.06,normal,0,0
2025-04-25,A,164,350.99,173.64,109.06,46.9,680.58,49.21,normal,0,0
2025-04-25,B,165,462.71,215.02,114.64,112.01,904.38,90.1,normal,0,0
2025-04-25,C,166,260.09,143.23,71.81,30.9,506.04,51.22,normal,0,0
2025-04-25,D,167,245.12,118.75,105.81,29.4,499.07,43.06,normal,0,0
2025-04-25,A,168,439.45,167.81,140.59,122.62,870.46,82.86,heavy,0,0
2025-04-25,B,169,647.88,325.09,167.25,114.35,1254.58,154.08,heavy,0,0
2025-04-25,C,170,349.67,123.45,94.11,79.27,646.49,71.95,normal,0,0
2025-04-25,D,171,378.1,111.23,69.65,58.03,617.01,45.73,normal,0,0
2025-04-25,A,172,309.24,131.27,131.04,59.99,631.55,53.44,normal,0,0
2025-04-25,B,173,312.84,132.67,130.21,105.49,681.21,79.5,normal,0,0
2025-04-25,C,174,307.37,122.11,85.46,47.36,562.3,44.42,normal,0,0
2025-04-25,D,175,269.62,112.07,117.74,47.78,547.21,50.31,normal,0,0
2025-04-25,A,176,335.68,115.53,121.97,34.22,1039.99,46.14,normal,0,1
2025-04-25,B,177,378.06,149.22,131.62,105.67,1063.44,51.96,normal,0,1
2025-04-25,C,178,304.43,144.93,77.45,98.62,625.44,55.55,normal,0,0
2025-04-25,D,179,546.28,169.58,208.34,125.62,1049.82,98.87,heavy,0,0
2025-04-25,A,180,324.03,96.88,62.04,45.2,528.16,41.43,saver,0,0
2025-04-26,B,101,566.82,204.29,133.03,187.33,1091.47,83.8,heavy,0,0
2025-04-26,C,102,564.16,183.63,160.48,162.09,1070.36,75.74,normal,0,0
2025-04-26,D,103,386.25,108.22,92.61,38.46,625.53,46.32,saver,0,0
2025-04-26,A,104,356.63,128.44,137.6,92.3,714.97,64.09,normal,0,0
2025-04-26,B,105,470.12,200.36,127.21,70.14,867.82,70.11,normal,0,0
2025-04-26,C,106,381.31,133.88,100.73,95.68,711.6,70.59,saver,0,0
2025-04-26,D,107,510.3,136.23,158.34,71.75,876.61,72.23,normal,0,0
2025-04-26,A,108,771.97,356.53,220.05,163.23,2659.99,156.35,heavy,0,1
2025-04-26,B,109,230.37,76.05,66.92,62.48,435.82,41.29,saver,0,0
2025-04-26,C,110,471.55,139.66,117.96,78.37,807.53,93.21,normal,0,0
2025-04-26,D,111,576.17,267.85,232.46,84.38,1160.86,111.51,heavy,0,0
2025-04-26,A,112,481.9,218.91,163.05,61.79,925.66,107.16,normal,0,0
2025-04-26,B,113,482.04,204.57,166.92,70.59,924.12,107.06,normal,0,0
2025-04-26,C,114,421.33,137.9,104.29,105.97,769.49,86.27,saver,0,0
2025-04-26,D,115,417.24,220.8,172.38,69.52,879.94,79.67,normal,0,0
2025-04-26,A,116,224.9,112.68,48.08,30.16,415.81,44.48,saver,0,0
2025-04-26,B,117,625.12,260.28,132.16,120.22,1137.77,103.32,heavy,0,0
2025-04-26,C,118,310.74,89.34,54.16,66.75,520.99,42.69,saver,0,0
2025-04-26,D,119,503.09,239.26,184.99,95.17,1022.52,118.05,normal,0,0
2025-04-26,A,120,491.13,171.37,138.25,107.42,1330.71,102.37,normal,0,1
2025-04-26,B,121,672.44,343.9,204.6,174.13,1395.08,97.3,heavy,0,0
2025-04-26,C,122,527.99,291.37,174.39,123.93,1117.69,122.93,heavy,0,0
2025-04-26,D,123,516.81,234.3,211.17,154.14,1116.42,121.43,normal,0,0
2025-04-26,A,124,487.22,198.07,107.82,68.74,861.85,85.8,normal,0,0
2025-04-26,B,125,411.4,147.58,85.84,99.08,743.9,87.12,normal,0,0
2025-04-26,C,126,492.21,175.31,115.18,98.27,880.97,81.21,normal,0,0
2025-04-26,D,127,487.83,178.81,107.46,85.84,859.93,105.32,normal,0,0
2025-04-26,A,128,304.06,129.25,105.22,82.68,893.73,56.66,normal,0,1
2025-04-26,B,129,544.42,283.23,155.79,141.1,1124.54,85.74,heavy,0,0
2025-04-26,C,130,338.71,122.2,126.51,73.74,661.17,57.6,normal,0,0
2025-04-26,D,131,576.49,271.0,195.31,134.37,1177.17,112.35,heavy,0,0
2025-04-26,A,132,285.91,158.74,134.26,48.63,627.54,76.15,normal,0,0
2025-04-26,B,133,533.06,148.11,172.1,88.15,941.43,87.46,normal,0,0
2025-04-26,C,134,517.24,247.92,155.36,84.64,1533.18,121.43,normal,0,1
2025-04-26,D,135,958.85,364.39,206.29,158.26,1687.79,137.96,heavy,0,0
2025-04-26,A,136,597.6,210.89,113.13,139.87,1061.48,107.43,normal,0,0
2025-04-26,B,137,204.82,90.95,56.47,41.33,393.57,36.62,saver,0,0
2025-04-26,C,138,745.84,275.49,234.1,155.65,1411.08,168.13,heavy,0,0
2025-04-26,D,139,309.14,145.14,99.58,81.2,635.06,67.87,normal,0,0
2025-04-26,A,140,497.34,202.64,112.05,140.75,952.77,99.07,normal,0,0
2025-04-26,B,141,264.7,107.89,124.48,38.62,535.68,54.12,normal,0,0
2025-04-26,C,142,272.21,98.41,53.05,27.39,451.06,34.92,saver,0,0
2025-04-26,D,143,525.78,209.36,186.5,72.31,993.95,107.97,normal,0,0
2025-04-26,A,144,681.15,292.59,185.69,153.26,1312.69,106.5,heavy,0,0
2025-04-26,B,145,326.69,115.85,92.92,112.64,648.11,62.91,normal,0,0
2025-04-26,C,146,618.32,228.27,179.41,138.09,1164.09,93.55,heavy,0,0
2025-04-26,D,147,712.62,256.61,174.37,102.08,1245.67,140.35,heavy,0,0
2025-04-26,A,148,514.74,231.7,114.26,135.48,996.18,94.62,normal,0,0
2025-04-26,B,149,215.22,90.63,74.57,52.57,432.99,49.11,saver,0,0
2025-04-26,C,150,693.02,202.84,152.33,109.97,1158.16,79.68,heavy,0,0
2025-04-26,D,151,307.82,189.27,92.29,43.39,831.24,59.35,normal,0,1
2025-04-26,A,152,244.91,81.85,65.43,27.44,419.64,29.63,saver,0,0
2025-04-26,B,153,698.81,293.58,148.97,167.87,1309.23,114.22,heavy,0,0
2025-04-26,C,154,552.1,302.05,142.74,76.66,1073.55,73.86,heavy,0,0
2025-04-26,D,155,520.63,169.23,189.91,136.06,1015.83,85.9,normal,0,0
2025-04-26,A,156,595.0,243.38,150.53,101.23,1090.14,75.93,normal,0,0
2025-04-26,B,157,520.53,142.56,117.52,104.17,884.78,72.2,normal,0,0
2025-04-26,C,158,491.2,176.35,116.63,104.85,889.03,65.04,normal,0,0
2025-04-26,D,159,409.22,123.28,112.05,57.24,701.8,78.14,normal,0,0
2025-04-26,A,160,395.5,183.0,160.03,62.32,1500.31,90.56,normal,1,0
2025-04-26,B,161,358.84,154.73,72.27,70.05,655.89,46.1,saver,0,0
2025-04-26,C,162,326.37,157.29,120.76,68.31,672.73,71.21,saver,0,0
2025-04-26,D,163,525.97,177.84,159.23,127.41,990.44,116.8,normal,0,0
2025-04-26,A,164,461.24,155.02,148.54,61.9,826.7,63.8,normal,0,0
2025-04-26,B,165,319.26,117.04,81.7,38.82,801.32,62.65,saver,0,1
2025-04-26,C,166,362.28,192.48,156.08,49.95,760.78,58.88,normal,0,0
2025-04-26,D,167,501.84,173.15,173.63,157.65,1006.27,112.94,normal,0,0
2025-04-26,A,168,424.33,135.96,134.83,100.03,2152.76,92.43,normal,1,1
2025-04-26,B,169,439.17,222.71,115.28,133.36,910.52,61.79,normal,0,0
2025-04-26,C,170,496.69,174.48,134.63,147.0,952.8,105.39,normal,0,0
2025-04-26,D,171,267.53,98.72,61.3,72.88,500.44,56.84,saver,0,0
2025-04-26,A,172,267.57,103.2,76.65,31.19,932.37,83.21,normal,1,0
2025-04-26,B,173,524.17,202.83,168.88,86.78,982.66,76.42,normal,0,0
2025-04-26,C,174,658.94,191.99,210.9,171.06,1232.88,83.15,heavy,0,0
2025-04-26,D,175,460.05,180.01,103.42,81.4,824.88,62.97,normal,0,0
2025-04-26,A,176,343.96,141.57,139.5,71.9,696.93,74.71,normal,0,0
2025-04-26,B,177,404.12,144.39,81.26,104.2,733.97,63.75,saver,0,0
2025-04-26,C,178,410.18,157.81,118.81,107.8,794.6,75.41,normal,0,0
2025-04-26,D,179,316.76,108.1,121.47,70.47,616.79,46.67,normal,0,0
2025-04-26,A,180,738.34,338.69,266.52,142.86,1486.41,145.8,heavy,0,0
2025-04-27,B,101,409.16,190.87,121.01,64.54,785.58,91.62,normal,0,0
2025-04-27,C,102,622.71,216.58,163.63,71.3,1806.18,84.44,heavy,0,1
2025-04-27,D,103,313.75,166.02,76.33,70.31,626.42,69.09,normal,0,0
2025-04-27,A,104,660.07,199.45,173.01,119.62,1152.16,120.24,normal,0,0
2025-04-27,B,105,961.08,260.21,323.71,159.81,1704.82,149.94,heavy,0,0
2025-04-27,C,106,418.56,114.14,107.75,52.73,693.18,48.23,saver,0,0
2025-04-27,D,107,680.03,222.07,169.92,89.81,2089.25,226.08,heavy,1,0
2025-04-27,A,108,451.61,196.81,180.61,57.14,886.17,103.92,heavy,0,0
2025-04-27,B,109,772.74,331.28,264.69,172.66,1541.37,125.91,heavy,0,0
2025-04-27,C,110,725.11,274.05,238.8,188.91,1426.88,100.45,heavy,0,0
2025-04-27,D,111,393.16,191.91,154.58,45.77,785.42,55.76,normal,0,0
2025-04-27,A,112,407.44,154.24,158.15,114.99,834.81,60.26,normal,0,0
2025-04-27,B,113,596.8,182.87,131.8,116.22,1027.68,92.93,heavy,0,0
2025-04-27,C,114,275.13,80.5,84.25,50.68,490.55,40.11,saver,0,0
2025-04-27,D,115,615.09,244.1,176.98,105.93,1142.1,88.51,heavy,0,0
2025-04-27,A,116,371.96,128.53,88.3,103.12,1021.74,53.72,saver,0,1
2025-04-27,B,117,368.53,138.4,101.11,82.31,690.34,59.46,normal,0,0
2025-04-27,C,118,534.67,249.32,129.16,117.88,1031.02,73.51,normal,0,0
2025-04-27,D,119,460.14,219.53,137.53,101.0,918.2,89.21,normal,0,0
2025-04-27,A,120,445.85,158.31,115.41,83.39,802.97,56.47,normal,0,0
2025-04-27,B,121,953.2,338.8,283.27,160.76,1736.03,148.84,heavy,0,0
2025-04-27,C,122,432.29,127.06,156.11,73.48,788.94,60.39,normal,0,0
2025-04-27,D,123,886.35,369.05,302.71,161.49,1719.61,144.82,heavy,0,0
2025-04-27,A,124,548.23,155.4,157.09,151.64,1012.36,76.32,normal,0,0
2025-04-27,B,125,702.86,212.36,253.55,86.74,1255.52,124.24,heavy,0,0
2025-04-27,C,126,477.28,197.56,190.89,120.76,986.49,118.01,normal,0,0
2025-04-27,D,127,391.06,229.18,168.34,74.28,862.86,58.84,normal,0,0
2025-04-27,A,128,399.6,190.5,109.07,54.72,1350.89,93.17,normal,0,1
2025-04-27,B,129,554.73,266.85,174.77,123.18,1119.53,104.97,normal,0,0
2025-04-27,C,130,250.14,103.12,104.61,35.09,492.96,37.58,saver,0,0
2025-04-27,D,131,374.48,126.31,118.92,53.0,672.71,45.82,normal,0,0
2025-04-27,A,132,806.26,249.91,236.42,152.63,1445.22,140.33,heavy,0,0
2025-04-27,B,133,420.77,203.04,143.77,95.94,863.53,103.02,normal,0,0
2025-04-27,C,134,462.17,169.96,142.17,58.37,832.67,58.23,normal,0,0
2025-04-27,D,135,420.55,169.57,140.53,65.12,795.78,83.35,normal,0,0
2025-04-27,A,136,281.15,99.18,66.53,50.89,497.76,40.47,saver,0,0
2025-04-27,B,137,553.55,256.74,230.48,196.8,1237.57,87.42,heavy,0,0
2025-04-27,C,138,478.23,217.7,216.01,78.47,990.41,79.28,normal,0,0
2025-04-27,D,139,627.62,181.31,131.53,97.87,1038.33,80.22,normal,0,0
2025-04-27,A,140,654.09,253.74,204.92,107.92,1220.67,100.19,heavy,0,0
2025-04-27,B,141,564.94,199.42,184.46,89.93,1038.74,126.56,normal,0,0
2025-04-27,C,142,703.3,338.28,294.89,254.09,1590.57,114.59,heavy,0,0
2025-04-27,D,143,376.86,193.65,144.29,54.49,769.28,73.13,normal,0,0
2025-04-27,A,144,498.39,163.56,191.45,124.03,977.43,94.07,normal,0,0
2025-04-27,B,145,461.53,147.97,102.51,87.7,1184.77,68.43,normal,0,1
2025-04-27,C,146,304.42,86.92,85.19,40.57,1291.23,94.38,saver,1,0
2025-04-27,D,147,237.88,87.89,60.22,27.38,413.37,28.53,saver,0,0
2025-04-27,A,148,416.68,159.09,116.9,135.78,828.45,78.62,normal,0,0
2025-04-27,B,149,504.56,214.13,173.13,70.56,962.39,87.28,heavy,0,0
2025-04-27,C,150,531.15,221.44,135.56,123.1,1507.59,104.69,normal,0,1
2025-04-27,D,151,354.24,131.14,119.84,50.55,655.78,55.11,normal,0,0
2025-04-27,A,152,360.37,139.15,148.43,57.68,705.63,69.47,normal,0,0
2025-04-27,B,153,309.59,97.97,75.84,56.92,540.32,43.26,saver,0,0
2025-04-27,C,154,1110.06,312.82,252.07,147.9,1822.85,223.54,heavy,0,0
2025-04-27,D,155,502.07,250.95,152.19,67.02,972.22,65.49,normal,0,0
2025-04-27,A,156,438.81,123.79,122.58,77.23,762.42,69.82,normal,0,0
2025-04-27,B,157,870.4,374.34,191.63,105.5,1541.87,159.76,heavy,0,0
2025-04-27,C,158,583.89,269.95,159.54,102.25,1115.63,101.44,normal,0,0
2025-04-27,D,159,399.16,171.9,148.41,55.35,774.82,60.31,normal,0,0
2025-04-27,A,160,518.96,220.23,111.85,96.75,947.79,73.39,normal,0,0
2025-04-27,B,161,339.86,140.42,64.64,61.32,1506.22,75.73,normal,1,0
2025-04-27,C,162,353.55,148.03,116.19,56.18,941.38,68.92,normal,0,1
2025-04-27,D,163,989.28,296.3,277.37,230.41,1793.35,151.21,heavy,0,0
2025-04-27,A,164,369.17,169.45,88.19,90.93,717.75,55.82,normal,0,0
2025-04-27,B,165,595.35,200.34,163.68,119.41,1078.79,79.02,normal,0,0
2025-04-27,C,166,416.67,161.25,156.88,65.36,1281.35,65.68,normal,0,1
2025-04-27,D,167,417.84,218.62,181.76,56.98,875.21,62.79,normal,0,0
2025-04-27,A,168,886.27,356.93,193.8,221.86,1658.86,155.75,heavy,0,0
2025-04-27,B,169,617.56,266.72,140.4,140.04,1164.73,121.0,normal,0,0
2025-04-27,C,170,523.94,201.73,184.36,105.44,1015.47,118.77,heavy,0,0
2025-04-27,D,171,1025.72,353.95,298.23,119.09,1796.99,187.76,heavy,0,0
2025-04-27,A,172,372.47,145.1,122.67,89.58,729.83,77.59,normal,0,0
2025-04-27,B,173,456.91,130.32,147.22,104.03,838.48,100.42,normal,0,0
2025-04-27,C,174,398.52,140.23,122.71,103.16,764.62,83.7,normal,0,0
2025-04-27,D,175,571.76,177.24,178.23,133.45,1060.68,103.21,normal,0,0
2025-04-27,A,176,369.41,101.4,70.47,75.82,617.09,65.38,normal,0,0
2025-04-27,B,177,456.75,218.92,134.53,128.96,939.16,75.45,normal,0,0
2025-04-27,C,178,298.61,90.81,72.2,73.41,535.03,42.98,saver,0,0
2025-04-27,D,179,689.77,270.4,148.55,140.86,1249.58,101.38,heavy,0,0
2025-04-27,A,180,1057.79,369.09,366.37,203.64,2724.12,179.9,heavy,0,1
2025-04-28,B,101,403.79,152.21,84.09,107.02,747.11,73.61,normal,0,0
2025-04-28,C,102,180.95,73.31,45.21,21.63,321.09,22.89,saver,0,0
2025-04-28,D,103,536.38,207.6,142.25,124.06,1010.29,81.56,normal,0,0
2025-04-28,A,104,310.91,154.18,97.1,74.97,637.16,53.52,normal,0,0
2025-04-28,B,105,409.18,179.28,146.64,50.6,785.7,63.38,normal,0,0
2025-04-28,C,106,293.22,133.34,73.95,57.17,1153.02,61.33,normal,1,0
2025-04-28,D,107,345.46,162.85,123.6,56.6,688.52,60.44,normal,0,0
2025-04-28,A,108,508.92,202.74,96.46,82.29,890.4,65.68,heavy,0,0
2025-04-28,B,109,547.86,231.39,128.79,94.13,1002.18,84.76,heavy,0,0
2025-04-28,C,110,354.85,158.43,94.96,107.3,715.54,54.97,normal,0,0
2025-04-28,D,111,359.81,143.51,113.69,39.27,656.28,73.5,normal,0,0
2025-04-28,A,112,334.3,150.04,114.86,116.2,715.41,87.93,normal,0,0
2025-04-28,B,113,617.94,341.28,265.48,175.32,1400.02,97.04,heavy,0,0
2025-04-28,C,114,260.35,115.99,73.22,47.11,496.68,58.36,normal,0,0
2025-04-28,D,115,199.64,81.74,67.77,37.17,386.32,35.71,saver,0,0
2025-04-28,A,116,316.78,133.53,97.59,67.36,615.27,64.37,normal,0,0
2025-04-28,B,117,575.77,282.94,191.39,69.18,1119.28,110.18,heavy,0,0
2025-04-28,C,118,238.18,131.26,76.84,69.2,515.48,38.73,normal,0,0
2025-04-28,D,119,365.43,128.75,83.69,78.61,656.49,73.63,normal,0,0
2025-04-28,A,120,314.04,86.52,111.71,82.72,595.0,44.05,normal,0,0
2025-04-28,B,121,279.16,104.55,102.73,71.08,557.52,69.03,normal,0,0
2025-04-28,C,122,437.37,146.86,141.78,112.9,838.91,82.53,normal,0,0
2025-04-28,D,123,447.79,207.52,159.92,70.67,885.9,76.46,normal,0,0
2025-04-28,A,124,328.56,157.37,94.0,41.84,973.67,72.45,normal,0,1
2025-04-28,B,125,365.55,167.31,123.4,121.07,777.33,57.97,normal,0,0
2025-04-28,C,126,557.12,242.19,240.7,66.48,2065.11,131.07,heavy,1,0
2025-04-28,D,127,277.54,99.73,104.42,49.03,530.72,41.28,normal,0,0
2025-04-28,A,128,377.23,187.77,90.53,72.31,727.85,90.45,normal,0,0
2025-04-28,B,129,303.29,115.4,56.35,78.57,871.92,37.88,normal,0,1
2025-04-28,C,130,208.0,69.16,74.31,41.45,392.92,37.81,saver,0,0
2025-04-28,D,131,230.12,96.49,57.76,22.28,406.65,41.71,saver,0,0
2025-04-28,A,132,508.34,181.57,131.67,92.1,2205.85,208.13,heavy,1,0
2025-04-28,B,133,566.26,178.6,199.47,102.92,1047.25,70.59,heavy,0,0
2025-04-28,C,134,478.14,171.52,138.61,73.34,861.62,107.08,heavy,0,0
2025-04-28,D,135,631.35,241.27,180.68,153.92,1207.22,119.89,heavy,0,0
2025-04-28,A,136,354.85,148.39,108.72,39.59,651.55,77.15,normal,0,0
2025-04-28,B,137,592.44,195.67,113.19,129.64,1030.95,121.19,heavy,0,0
2025-04-28,C,138,289.56,130.45,87.33,68.18,575.52,66.94,normal,0,0
2025-04-28,D,139,462.75,176.86,154.29,88.78,882.67,62.36,normal,0,0
2025-04-28,A,140,436.4,167.19,98.33,63.91,765.83,55.88,heavy,0,0
2025-04-28,B,141,383.17,180.8,143.59,111.41,1549.33,101.16,heavy,1,0
2025-04-28,C,142,522.35,316.62,168.09,98.75,1743.99,102.16,heavy,0,1
2025-04-28,D,143,293.31,113.76,75.5,82.32,564.89,56.71,normal,0,0
2025-04-28,A,144,195.77,106.46,84.88,58.53,445.63,42.61,saver,0,0
2025-04-28,B,145,294.79,115.24,98.87,32.94,541.84,50.13,normal,0,0
2025-04-28,C,146,663.88,338.16,245.92,152.54,1400.51,137.68,heavy,0,0
2025-04-28,D,147,514.38,154.29,166.0,66.2,900.88,61.94,heavy,0,0
2025-04-28,A,148,477.06,193.6,128.4,79.98,879.04,96.7,heavy,0,0
2025-04-28,B,149,232.73,97.95,95.17,32.13,457.98,45.23,normal,0,0
2025-04-28,C,150,555.38,183.91,112.17,62.14,913.59,69.97,heavy,0,0
2025-04-28,D,151,272.79,130.66,99.12,43.32,545.89,40.03,saver,0,0
2025-04-28,A,152,310.69,120.54,115.21,75.88,622.31,44.95,normal,0,0
2025-04-28,B,153,239.15,87.66,78.33,43.13,448.27,47.01,saver,0,0
2025-04-28,C,154,184.15,59.58,47.14,34.73,325.61,27.55,saver,0,0
2025-04-28,D,155,360.27,171.6,95.88,41.37,908.2,54.59,normal,0,1
2025-04-28,A,156,294.82,91.5,89.8,62.9,539.01,54.03,saver,0,0
2025-04-28,B,157,663.04,263.29,210.9,121.65,1258.88,135.18,heavy,0,0
2025-04-28,C,158,277.42,122.98,98.48,86.91,585.8,50.13,normal,0,0
2025-04-28,D,159,321.13,170.75,87.68,105.14,684.7,63.16,normal,0,0
2025-04-28,A,160,361.98,163.7,126.48,33.66,685.81,50.97,normal,0,0
2025-04-28,B,161,372.71,134.32,84.7,51.92,643.65,66.27,normal,0,0
2025-04-28,C,162,364.43,200.24,175.61,100.82,841.11,71.06,normal,0,0
2025-04-28,D,163,450.33,133.54,121.9,108.9,814.68,65.85,normal,0,0
2025-04-28,A,164,250.52,76.23,80.07,43.37,450.19,50.34,saver,0,0
2025-04-28,B,165,392.67,176.0,92.34,47.41,954.05,77.97,normal,0,1
2025-04-28,C,166,548.6,237.7,216.15,115.32,1117.77,95.8,heavy,0,0
2025-04-28,D,167,649.49,166.94,176.84,74.93,1795.51,126.21,heavy,0,1
2025-04-28,A,168,412.16,138.78,102.24,63.2,716.37,57.53,normal,0,0
2025-04-28,B,169,537.6,153.63,115.73,115.64,922.6,114.75,heavy,0,0
2025-04-28,C,170,206.13,70.54,48.78,45.3,370.76,37.13,saver,0,0
2025-04-28,D,171,448.63,150.12,156.73,73.79,829.27,86.94,normal,0,0
2025-04-28,A,172,500.6,147.96,124.35,77.64,850.55,92.67,normal,0,0
2025-04-28,B,173,429.55,120.3,132.38,54.0,736.23,50.04,normal,0,0
2025-04-28,C,174,410.6,139.29,78.32,64.1,692.32,51.96,normal,0,0
2025-04-28,D,175,791.48,254.68,178.6,161.33,1386.09,95.48,heavy,0,0
2025-04-28,A,176,273.82,118.43,71.71,61.47,525.43,53.16,normal,0,0
2025-04-28,B,177,248.77,106.96,69.37,27.34,452.45,49.69,saver,0,0
2025-04-28,C,178,322.99,128.33,56.77,29.65,537.73,39.16,normal,0,0
2025-04-28,D,179,220.59,114.81,95.1,28.8,459.31,34.49,saver,0,0
2025-04-28,A,180,352.39,164.05,146.2,71.26,733.91,50.35,normal,0,0
2025-04-29,B,101,440.8,168.05,124.79,73.56,807.2,57.01,normal,0,0
2025-04-29,C,102,332.19,179.27,145.02,82.41,1181.2,53.24,normal,0,1
2025-04-29,D,103,180.34,86.68,70.04,39.07,531.22,37.34,saver,0,1
2025-04-29,A,104,585.85,295.6,238.34,105.59,1225.38,104.88,heavy,0,0
2025-04-29,B,105,450.61,201.82,162.14,118.88,1334.97,81.77,heavy,0,1
2025-04-29,C,106,388.0,168.23,72.57,96.49,725.28,53.54,normal,0,0
2025-04-29,D,107,433.68,174.73,143.33,70.54,822.28,64.58,normal,0,0
2025-04-29,A,108,230.17,95.9,58.33,72.53,456.93,49.57,saver,0,0
2025-04-29,B,109,146.04,67.32,35.11,19.66,268.14,21.96,saver,0,0
2025-04-29,C,110,456.76,145.6,117.34,84.03,803.72,95.95,normal,0,0
2025-04-29,D,111,585.0,274.31,248.37,110.97,1218.65,106.11,heavy,0,0
2025-04-29,A,112,392.18,167.85,113.51,78.54,752.08,54.68,heavy,0,0
2025-04-29,B,113,557.76,311.8,187.99,121.54,1179.09,84.67,heavy,0,0
2025-04-29,C,114,299.6,123.42,118.37,47.07,588.46,64.24,normal,0,0
2025-04-29,D,115,306.5,115.29,78.69,30.42,530.9,43.07,saver,0,0
2025-04-29,A,116,324.58,168.45,125.07,84.87,702.97,78.56,normal,0,0
2025-04-29,B,117,699.38,249.65,268.31,201.89,1419.23,134.65,heavy,0,0
2025-04-29,C,118,554.45,235.18,179.69,98.0,1067.31,130.07,heavy,0,0
2025-04-29,D,119,215.46,85.71,72.83,50.65,424.65,29.29,normal,0,0
2025-04-29,A,120,301.7,100.7,91.81,32.28,846.49,51.14,normal,0,1
2025-04-29,B,121,356.19,101.77,71.61,61.72,591.29,55.31,normal,0,0
2025-04-29,C,122,463.64,157.66,94.55,113.09,828.94,63.56,normal,0,0
2025-04-29,D,123,347.05,166.79,103.02,96.64,713.5,55.77,normal,0,0
2025-04-29,A,124,496.39,203.65,142.34,95.06,937.44,101.89,heavy,0,0
2025-04-29,B,125,488.22,193.84,92.27,99.09,1521.31,62.54,normal,0,1
2025-04-29,C,126,167.93,81.52,72.94,59.53,381.93,44.8,saver,0,0
2025-04-29,D,127,431.36,135.38,127.45,110.26,804.45,73.28,normal,0,0
2025-04-29,A,128,428.0,192.53,163.0,111.28,894.81,91.68,heavy,0,0
2025-04-29,B,129,827.27,256.58,253.98,149.21,1487.04,153.15,heavy,0,0
2025-04-29,C,130,254.09,136.98,74.41,42.31,507.79,34.19,normal,0,0
2025-04-29,D,131,381.53,190.12,179.89,106.52,858.06,60.36,heavy,0,0
2025-04-29,A,132,628.16,174.35,152.6,117.99,1073.1,113.74,heavy,0,0
2025-04-29,B,133,174.62,86.34,75.26,33.22,369.43,38.14,saver,0,0
2025-04-29,C,134,447.4,173.47,122.05,100.13,843.05,85.75,normal,0,0
2025-04-29,D,135,238.38,88.01,88.63,37.08,452.11,42.55,normal,0,0
2025-04-29,A,136,360.46,147.46,80.72,56.18,993.96,117.42,normal,1,0
2025-04-29,B,137,183.31,93.27,54.37,45.98,376.93,31.18,saver,0,0
2025-04-29,C,138,358.48,144.63,103.64,98.77,705.52,72.8,normal,0,0
2025-04-29,D,139,202.86,70.91,59.87,38.09,371.72,41.85,saver,0,0
2025-04-29,A,140,292.89,136.37,76.96,65.42,571.64,65.55,normal,0,0
2025-04-29,B,141,491.26,151.37,146.37,130.56,919.55,91.68,heavy,0,0
2025-04-29,C,142,745.39,289.2,221.18,107.69,1363.45,114.44,heavy,0,0
2025-04-29,D,143,724.92,229.07,240.35,150.96,1345.3,138.26,heavy,0,0
2025-04-29,A,144,378.73,145.14,93.88,73.45,691.2,49.12,normal,0,0
2025-04-29,B,145,299.72,150.72,121.74,87.49,659.67,63.16,normal,0,0
2025-04-29,C,146,411.11,203.2,125.55,101.87,841.74,72.12,normal,0,0
2025-04-29,D,147,255.78,108.41,54.96,67.61,810.61,35.21,normal,0,1
2025-04-29,A,148,778.17,269.22,140.44,139.3,1327.13,121.38,heavy,0,0
2025-04-29,B,149,185.78,68.93,39.7,22.4,316.81,33.17,saver,0,0
2025-04-29,C,150,399.34,233.34,101.53,78.87,813.08,54.96,heavy,0,0
2025-04-29,D,151,516.19,137.97,143.44,81.68,879.27,62.69,normal,0,0
2025-04-29,A,152,651.96,283.08,154.35,81.84,1171.23,88.09,heavy,0,0
2025-04-29,B,153,294.9,84.58,93.94,60.22,533.64,49.81,saver,0,0
2025-04-29,C,154,482.86,139.15,172.67,134.67,929.35,85.46,heavy,0,0
2025-04-29,D,155,401.34,175.77,126.1,131.05,834.27,57.84,heavy,0,0
2025-04-29,A,156,377.92,132.49,131.06,104.02,745.49,57.24,normal,0,0
2025-04-29,B,157,264.75,113.66,78.67,67.05,524.12,61.27,saver,0,0
2025-04-29,C,158,322.03,131.87,134.26,61.35,649.51,79.03,normal,0,0
2025-04-29,D,159,594.23,254.8,221.88,197.75,1268.67,133.42,heavy,0,0
2025-04-29,A,160,479.39,130.07,94.51,73.88,1808.99,141.0,normal,1,0
2025-04-29,B,161,311.54,168.76,96.92,94.67,1069.07,59.4,normal,0,1
2025-04-29,C,162,422.35,196.74,114.26,46.44,779.8,61.34,normal,0,0
2025-04-29,D,163,324.84,88.35,84.4,46.65,544.24,54.83,normal,0,0
2025-04-29,A,164,507.07,206.53,152.36,75.18,941.15,77.0,heavy,0,0
2025-04-29,B,165,449.03,215.11,120.19,111.88,896.2,80.05,heavy,0,0
2025-04-29,C,166,442.77,127.9,170.04,79.18,819.89,68.31,normal,0,0
2025-04-29,D,167,514.59,175.08,153.13,77.47,920.28,96.74,heavy,0,0
2025-04-29,A,168,798.08,294.66,227.39,103.94,1424.06,131.64,heavy,0,0
2025-04-29,B,169,570.04,233.67,164.56,163.49,1131.76,94.75,heavy,0,0
2025-04-29,C,170,543.99,203.65,155.63,112.95,1016.21,106.15,heavy,0,0
2025-04-29,D,171,663.66,244.74,252.93,134.61,1295.94,105.51,heavy,0,0
2025-04-29,A,172,270.05,125.81,103.75,46.13,545.75,39.89,normal,0,0
2025-04-29,B,173,296.38,95.48,64.16,69.03,525.06,36.7,normal,0,0
2025-04-29,C,174,527.08,155.67,128.04,92.29,903.09,71.39,heavy,0,0
2025-04-29,D,175,340.09,156.0,67.71,93.81,657.61,60.61,normal,0,0
2025-04-29,A,176,666.17,251.27,147.21,132.04,1196.69,120.6,heavy,0,0
2025-04-29,B,177,368.61,162.65,133.27,73.66,738.19,56.76,normal,0,0
2025-04-29,C,178,328.46,90.47,70.41,40.57,529.91,51.66,normal,0,0
2025-04-29,D,179,360.81,159.02,136.19,90.29,746.31,85.55,normal,0,0
2025-04-29,A,180,412.54,120.66,114.51,78.54,726.24,58.01,normal,0,0
2025-04-30,B,101,358.96,164.99,150.05,96.37,770.36,59.76,normal,0,0
2025-04-30,C,102,228.38,97.64,55.38,43.63,425.02,35.89,saver,0,0
2025-04-30,D,103,469.59,142.36,134.32,92.38,838.64,60.07,normal,0,0
2025-04-30,A,104,406.72,188.36,154.31,55.44,804.83,75.51,normal,0,0
2025-04-30,B,105,335.43,118.13,113.82,64.74,632.11,70.47,normal,0,0
2025-04-30,C,106,194.27,87.6,56.76,52.57,391.2,42.27,saver,0,0
2025-04-30,D,107,290.27,121.54,81.7,50.44,543.95,62.94,normal,0,0
2025-04-30,A,108,356.88,150.32,100.22,114.88,722.31,79.94,normal,0,0
2025-04-30,B,109,350.6,136.24,66.33,92.02,645.19,45.27,normal,0,0
2025-04-30,C,110,465.67,118.59,119.13,66.54,769.93,77.41,normal,0,0
2025-04-30,D,111,339.12,141.35,108.01,102.02,690.5,85.74,normal,0,0
2025-04-30,A,112,295.57,106.52,83.01,59.53,544.64,41.16,saver,0,0
2025-04-30,B,113,796.13,260.95,182.88,159.91,3264.02,181.32,heavy,1,0
2025-04-30,C,114,280.5,103.95,120.59,61.1,566.12,44.49,normal,0,0
2025-04-30,D,115,465.07,186.27,120.52,85.98,857.84,76.38,normal,0,0
2025-04-30,A,116,375.28,145.39,104.87,73.07,698.61,63.74,normal,0,0
2025-04-30,B,117,774.79,322.39,232.51,168.94,1498.62,173.21,heavy,0,0
2025-04-30,C,118,323.44,179.56,140.27,53.36,696.63,47.78,normal,0,0
2025-04-30,D,119,295.19,135.18,106.21,41.27,577.85,46.17,normal,0,0
2025-04-30,A,120,639.29,217.06,218.99,182.79,1258.13,108.35,heavy,0,0
2025-04-30,B,121,163.0,58.59,46.46,29.26,297.31,19.98,saver,0,0
2025-04-30,C,122,677.31,221.17,179.29,122.53,1200.31,86.54,heavy,0,0
2025-04-30,D,123,237.22,95.8,44.96,29.54,904.65,54.15,saver,1,0
2025-04-30,A,124,238.8,113.28,93.7,41.79,663.25,41.99,saver,0,1
2025-04-30,B,125,294.95,98.98,80.72,27.16,501.81,46.63,saver,0,0
2025-04-30,C,126,592.26,230.61,219.28,172.86,1215.01,91.64,heavy,0,0
2025-04-30,D,127,220.65,113.09,89.8,56.25,751.91,46.47,normal,0,1
2025-04-30,A,128,510.52,176.49,168.51,114.47,1522.09,83.4,normal,0,1
2025-04-30,B,129,304.95,145.54,91.11,85.33,626.92,58.07,normal,0,0
2025-04-30,C,130,490.32,159.88,154.04,85.69,889.93,76.31,normal,0,0
2025-04-30,D,131,314.13,109.61,133.8,63.32,620.86,52.74,normal,0,0
2025-04-30,A,132,451.92,160.09,108.82,50.72,1778.92,98.37,normal,1,0
2025-04-30,B,133,711.47,276.81,240.48,178.38,1407.14,134.9,heavy,0,0
2025-04-30,C,134,477.85,192.59,161.68,92.48,924.6,115.14,heavy,0,0
2025-04-30,D,135,360.93,171.08,129.77,105.53,1136.52,74.2,normal,0,1
2025-04-30,A,136,300.62,126.96,102.14,79.32,609.04,53.94,normal,0,0
2025-04-30,B,137,261.98,117.21,75.19,76.62,531.0,62.15,saver,0,0
2025-04-30,C,138,334.31,97.4,105.87,82.38,619.96,47.22,normal,0,0
2025-04-30,D,139,228.48,83.21,66.55,44.16,422.4,32.99,normal,0,0
2025-04-30,A,140,267.73,122.11,124.82,96.19,610.85,73.15,normal,0,0
2025-04-30,B,141,618.03,176.45,139.38,91.42,1025.28,117.35,heavy,0,0
2025-04-30,C,142,207.28,76.77,59.14,25.72,368.91,44.98,saver,0,0
2025-04-30,D,143,448.97,178.12,98.07,86.99,812.14,68.51,normal,0,0
2025-04-30,A,144,407.53,156.35,161.45,94.96,820.28,57.47,heavy,0,0
2025-04-30,B,145,297.25,129.15,61.31,37.0,791.03,57.57,normal,0,1
2025-04-30,C,146,261.41,138.8,79.51,74.6,554.31,67.24,saver,0,0
2025-04-30,D,147,476.39,227.66,129.73,56.7,890.48,68.27,heavy,0,0
2025-04-30,A,148,493.07,186.95,127.86,68.57,1342.6,73.84,heavy,0,1
2025-04-30,B,149,165.94,76.71,62.32,18.51,323.48,21.87,saver,0,0
2025-04-30,C,150,604.46,208.91,141.66,64.43,1336.47,73.2,heavy,0,1
2025-04-30,D,151,226.87,58.32,58.59,27.76,371.53,29.76,saver,0,0
2025-04-30,A,152,337.29,145.44,120.19,42.06,644.97,51.56,normal,0,0
2025-04-30,B,153,275.48,120.51,99.86,76.73,572.59,41.89,normal,0,0
2025-04-30,C,154,286.64,107.75,89.38,53.17,536.94,38.88,normal,0,0
2025-04-30,D,155,533.11,220.23,114.93,108.17,976.44,67.01,heavy,0,0
2025-04-30,A,156,285.9,100.12,79.99,57.08,523.09,55.78,normal,0,0
2025-04-30,B,157,643.73,279.39,157.93,169.52,1250.58,152.16,heavy,0,0
2025-04-30,C,158,477.18,181.63,96.5,96.24,851.55,69.35,normal,0,0
2025-04-30,D,159,363.53,204.65,136.24,57.85,762.27,88.02,normal,0,0
2025-04-30,A,160,422.39,178.95,120.49,97.31,819.15,75.64,normal,0,0
2025-04-30,B,161,258.13,103.6,122.48,32.07,516.29,54.79,normal,0,0
2025-04-30,C,162,339.81,171.42,101.75,100.01,1216.29,87.18,normal,1,0
2025-04-30,D,163,338.7,181.22,139.94,115.0,774.85,90.11,normal,0,0
2025-04-30,A,164,423.07,163.84,121.76,109.13,817.79,98.01,normal,0,0
2025-04-30,B,165,256.03,135.97,117.86,76.97,586.84,70.22,normal,0,0
2025-04-30,C,166,419.67,190.95,122.28,56.23,789.13,75.08,heavy,0,0
2025-04-30,D,167,311.8,138.04,69.59,76.2,595.63,56.11,normal,0,0
2025-04-30,A,168,464.21,187.52,143.91,57.39,853.03,89.41,heavy,0,0
2025-04-30,B,169,313.92,127.29,90.8,39.08,571.08,57.66,normal,0,0
2025-04-30,C,170,336.12,121.01,97.16,61.27,615.56,69.35,normal,0,0
2025-04-30,D,171,402.99,125.75,76.88,67.52,1071.98,70.62,normal,0,1
2025-04-30,A,172,421.9,148.67,88.53,104.12,763.22,60.86,normal,0,0
2025-04-30,B,173,316.34,126.5,76.96,49.6,569.39,49.73,normal,0,0
2025-04-30,C,174,383.84,148.93,74.93,45.73,653.43,58.09,normal,0,0
2025-04-30,D,175,254.67,136.32,105.28,30.77,527.05,40.15,normal,0,0
2025-04-30,A,176,256.83,97.91,58.67,45.39,458.79,34.5,saver,0,0
2025-04-30,B,177,667.99,306.7,222.87,72.54,1270.1,98.48,heavy,0,0
2025-04-30,C,178,591.12,174.47,132.54,121.55,1019.68,77.89,heavy,0,0
2025-04-30,D,179,177.9,97.6,51.44,31.25,358.18,31.86,saver,0,0
2025-04-30,A,180,259.22,111.08,64.61,33.52,468.42,40.52,normal,0,0
